Workbook

Sheet 가정값
A1: ☀ ShiningShadow — Hotmart 완전판 매출 시뮬레이터 (8유형 × 3티어 + 무료 퍼널)
A2: 🔵 파란색=직접입력 ⚫ 검정=자동계산 🟡 노란배경=핵심가정 | 퍼널: 진단→무료개요→Hotmart 유형별 링크
A4: ① 상품 가격 구조 — 누적 포함 (박리다매 · 남미 최적화)
A5: Tier 1 · Basic + 부록A 포함 | B5: 15 | C5: $15 · 마이크로트랜잭션 상한 · Hotmart 수수료 20% 적용
A6: Tier 2 · Tier1 전체 + 부록B + Deep 포함 | B6: 24 | C6: $24 · 주력 상품 · Hotmart 수수료 9.9%+$0.50 적용
A7: Tier 3 · Tier2 전체 + 부록C + Master 포함 | B7: 29 | C7: $29 · 전체 콘텐츠 · Hotmart 수수료 9.9%+$0.50 적용
A8: 무료 기본개요 리포트 (Shadowgram 퍼널) | B8: 0 | C8: FREE · 진단 후 이메일/웹 자동발송 · 내부 링크로 유료 연결
A10: ② Shadowgram 퍼널 전환율 가정
A11: 월 Shadowgram 진단 완료 수 | B11: 5000 | C11: 무료진단 완료 → 이메일 입력
A12: 이메일 입력률 (진단 완료 중) | B12: 0.6 | C12: 무료 리포트 받으려고 자연 입력
A13: 무료 개요 리포트 → Tier1 전환율 | B13: 0.08 | C13: 리포트 내 링크 클릭 후 구매
A14: Tier1 → Tier2 업셀 전환율 | B14: 0.4 | C14: Tier1 포함이므로 자연 업그레이드
A15: Tier2 → Tier3 업셀 전환율 | B15: 0.25 | C15: 완전판 원하는 헤비유저
A16: 월 성장률 (바이럴 복리) | B16: 0.2 | C16: 진단 공유 + 리추얼 인증 루프
A18: ③ 수수료 구조 — Hotmart 티어별 + 제휴 커미션
A19: Hotmart 수수료 — Tier 1 ($15, 마이크로) | B19: 0.2 | C19: 20% 고정 (≤$15 마이크로트랜잭션 정책)
A20: Hotmart 수수료 — Tier 2 ($24) | B20: 0.099 | C20: 9.9% + $0.50 고정액 별도
A21: Hotmart 수수료 — Tier 3 ($29) | B21: 0.099 | C21: 9.9% + $0.50 고정액 별도
A22: Hotmart 고정액 (T2/T3 적용) | B22: 0.5 | C22: $0.50/건 추가 차감 (T2: $0.50, T3: $0.50)
A23: 제휴 커미션율 — Tier 1 | B23: 0.7 | C23: 70% of 순액 → 제휴사 ≈$8.40/건
A24: 제휴 커미션율 — Tier 2 | B24: 0.5 | C24: 50% of 순액 → 제휴사 ≈$10.93/건
A25: 제휴 커미션율 — Tier 3 | B25: 0.5 | C25: 50% of 순액 → 제휴사 ≈$13.34/건
A26: 제휴 경유 비중 (전체 판매 중) | B26: 0.25 | C26: 직접(퍼널) 75% + 제휴 25%
A27: ⑤ 유형별 월 수량 (M1 기준, 8유형 균등 가정)
A28: 유형별 이메일 수집 수 | B28: =B11*B12/8 -> 375 | C28: 진단완료×이메일율÷8유형
A29: 유형별 T1 구매 수 | B29: =B28*B13 -> 30 | C29: 이메일→T1 전환
A30: 유형별 T2 구매 수 | B30: =B29*B14 -> 12 | C30: T1→T2 업셀
A31: 유형별 T3 구매 수 | B31: =B30*B15 -> 3 | C31: T2→T3 업셀
A42: ⑥ 건당 수익 구조 — 참조용
A43: T1 건당 순액 (Hotmart 차감 후) | B43: =B5*(1-B19) -> 12 | C43: $15 × (1-20%) = $12.00
A44: T2 건당 순액 (Hotmart 차감 후) | B44: =B6*(1-B20)-B22 -> 21.124 | C44: $24 × (1-9.9%) - $0.50 = $21.12
A45: T3 건당 순액 (Hotmart 차감 후) | B45: =B7*(1-B21)-B22 -> 25.629 | C45: $29 × (1-9.9%) - $0.50 = $25.63
A46: 제휴사 T1 실수령/건 | B46: =B43*B23 -> 8.4 | C46: $12 × 70% = $8.40
A47: 제휴사 T2 실수령/건 | B47: =B44*B24 -> 10.562 | C47: $21.12 × 50% = $10.56
A48: 제휴사 T3 실수령/건 | B48: =B45*B25 -> 12.8145 | C48: $25.63 × 50% = $12.81
A49: 민철님 T1 직접판매 실수령/건 | B49: =B43*(1-B23) -> 3.6 | C49: $12 × 30% = $3.60
A50: 민철님 T2 직접판매 실수령/건 | B50: =B44*(1-B24) -> 10.562 | C50: $21.12 × 50% = $10.56
A51: 민철님 T3 직접판매 실수령/건 | B51: =B45*(1-B25) -> 12.8145 | C51: $25.63 × 50% = $12.81
A52: 💡 건당 실수령: T1 민철$3.60 / T2 민철$10.56 / T3 민철$12.81 | 제휴: T1$8.40 / T2$10.56 / T3$12.81

Sheet 월별 성장
A1: 📈 월별 성장 시뮬레이션 — 8유형 완전판 (M1~M12)
A2: 기준: 가정값 시트 전환율 적용 · 월별 바이럴 성장률 복리 · 8유형 × 3티어 완전 운영
A4: 항목 | B4: M1 기준 | C4: M1 | D4: M2 | E4: M3 | F4: M4 | G4: M5 | H4: M6 | I4: M7 | J4: M8 | K4: M9 | L4: M10 | M4: M11 | N4: M12
A5: 진단 완료 수 | B5: ↑ 기준 | C5: =가정값!B11 -> 5000 | D5: =가정값!B11*(1+가정값!B16)^1 -> 6000 | E5: =가정값!B11*(1+가정값!B16)^2 -> 7200 | F5: =가정값!B11*(1+가정값!B16)^3 -> 8640 | G5: =가정값!B11*(1+가정값!B16)^4 -> 10368 | H5: =가정값!B11*(1+가정값!B16)^5 -> 12441.6 | I5: =가정값!B11*(1+가정값!B16)^6 -> 14929.92 | J5: =가정값!B11*(1+가정값!B16)^7 -> 17915.904 | K5: =가정값!B11*(1+가정값!B16)^8 -> 21499.085 | L5: =가정값!B11*(1+가정값!B16)^9 -> 25798.902 | M5: =가정값!B11*(1+가정값!B16)^10 -> 30958.682 | N5: =가정값!B11*(1+가정값!B16)^11 -> 37150.419
A6: 이메일 수집 수 | B6: ↑ 기준 | C6: =C5*가정값!B12 -> 3000 | D6: =D5*가정값!B12 -> 3600 | E6: =E5*가정값!B12 -> 4320 | F6: =F5*가정값!B12 -> 5184 | G6: =G5*가정값!B12 -> 6220.8 | H6: =H5*가정값!B12 -> 7464.96 | I6: =I5*가정값!B12 -> 8957.952 | J6: =J5*가정값!B12 -> 10749.542 | K6: =K5*가정값!B12 -> 12899.451 | L6: =L5*가정값!B12 -> 15479.341 | M6: =M5*가정값!B12 -> 18575.209 | N6: =N5*가정값!B12 -> 22290.251
A7: Tier1 구매 수 (8유형 합산) | B7: ↑ 기준 | C7: =C6*가정값!B13*8 -> 1920 | D7: =D6*가정값!B13*8 -> 2304 | E7: =E6*가정값!B13*8 -> 2764.8 | F7: =F6*가정값!B13*8 -> 3317.76 | G7: =G6*가정값!B13*8 -> 3981.312 | H7: =H6*가정값!B13*8 -> 4777.5744 | I7: =I6*가정값!B13*8 -> 5733.0893 | J7: =J6*가정값!B13*8 -> 6879.7071 | K7: =K6*가정값!B13*8 -> 8255.6486 | L7: =L6*가정값!B13*8 -> 9906.7783 | M7: =M6*가정값!B13*8 -> 11888.134 | N7: =N6*가정값!B13*8 -> 14265.761
A8: Tier2 구매 수 (8유형 합산) | B8: ↑ 기준 | C8: =C7*가정값!B14 -> 768 | D8: =D7*가정값!B14 -> 921.6 | E8: =E7*가정값!B14 -> 1105.92 | F8: =F7*가정값!B14 -> 1327.104 | G8: =G7*가정값!B14 -> 1592.5248 | H8: =H7*가정값!B14 -> 1911.0298 | I8: =I7*가정값!B14 -> 2293.2357 | J8: =J7*가정값!B14 -> 2751.8829 | K8: =K7*가정값!B14 -> 3302.2594 | L8: =L7*가정값!B14 -> 3962.7113 | M8: =M7*가정값!B14 -> 4755.2536 | N8: =N7*가정값!B14 -> 5706.3043
A9: Tier3 구매 수 (8유형 합산) | B9: ↑ 기준 | C9: =C8*가정값!B15 -> 192 | D9: =D8*가정값!B15 -> 230.4 | E9: =E8*가정값!B15 -> 276.48 | F9: =F8*가정값!B15 -> 331.776 | G9: =G8*가정값!B15 -> 398.1312 | H9: =H8*가정값!B15 -> 477.75744 | I9: =I8*가정값!B15 -> 573.30893 | J9: =J8*가정값!B15 -> 687.97071 | K9: =K8*가정값!B15 -> 825.56486 | L9: =L8*가정값!B15 -> 990.67783 | M9: =M8*가정값!B15 -> 1188.8134 | N9: =N8*가정값!B15 -> 1426.5761
A10: 매출 흐름 (Gross → 수수료 차감 → 순 수익)
A11: Tier1 매출 (Gross) | C11: =C7*가정값!B5 -> 28800 | D11: =D7*가정값!B5 -> 34560 | E11: =E7*가정값!B5 -> 41472 | F11: =F7*가정값!B5 -> 49766.4 | G11: =G7*가정값!B5 -> 59719.68 | H11: =H7*가정값!B5 -> 71663.616 | I11: =I7*가정값!B5 -> 85996.339 | J11: =J7*가정값!B5 -> 103195.61 | K11: =K7*가정값!B5 -> 123834.73 | L11: =L7*가정값!B5 -> 148601.67 | M11: =M7*가정값!B5 -> 178322.01 | N11: =N7*가정값!B5 -> 213986.41
A12: Tier2 매출 (Gross) | C12: =C8*가정값!B6 -> 18432 | D12: =D8*가정값!B6 -> 22118.4 | E12: =E8*가정값!B6 -> 26542.08 | F12: =F8*가정값!B6 -> 31850.496 | G12: =G8*가정값!B6 -> 38220.595 | H12: =H8*가정값!B6 -> 45864.714 | I12: =I8*가정값!B6 -> 55037.657 | J12: =J8*가정값!B6 -> 66045.189 | K12: =K8*가정값!B6 -> 79254.226 | L12: =L8*가정값!B6 -> 95105.071 | M12: =M8*가정값!B6 -> 114126.09 | N12: =N8*가정값!B6 -> 136951.3
A13: Tier3 매출 (Gross) | C13: =C9*가정값!B7 -> 5568 | D13: =D9*가정값!B7 -> 6681.6 | E13: =E9*가정값!B7 -> 8017.92 | F13: =F9*가정값!B7 -> 9621.504 | G13: =G9*가정값!B7 -> 11545.805 | H13: =H9*가정값!B7 -> 13854.966 | I13: =I9*가정값!B7 -> 16625.959 | J13: =J9*가정값!B7 -> 19951.151 | K13: =K9*가정값!B7 -> 23941.381 | L13: =L9*가정값!B7 -> 28729.657 | M13: =M9*가정값!B7 -> 34475.588 | N13: =N9*가정값!B7 -> 41370.706
A14: 총 매출 (Gross) | C14: =C11+C12+C13 -> 52800 | D14: =D11+D12+D13 -> 63360 | E14: =E11+E12+E13 -> 76032 | F14: =F11+F12+F13 -> 91238.4 | G14: =G11+G12+G13 -> 109486.08 | H14: =H11+H12+H13 -> 131383.3 | I14: =I11+I12+I13 -> 157659.96 | J14: =J11+J12+J13 -> 189191.95 | ... N14: =N11+N12+N13 -> 392308.42
A15: 차감: Hotmart 수수료 (T1:20% · T2/T3:9.9%+$0.50/건) | C15: =-(C11*가정값!$B$19+C12*가정값!$B$20+C8*가정값!$B$22+C13*가정값!$B$21+C9*가정값!$B$22) -> -8616 | D15: =-(D11*가정값!$B$19+D12*가정값!$B$20+D8*가정값!$B$22+D13*가정값!$B$21+D9*가정값!$B$22) -> -10339.2 | E15: =-(E11*가정값!$B$19+E12*가정값!$B$20+E8*가정값!$B$22+E13*가정값!$B$21+E9*가정값!$B$22) -> -12407.04 | F15: =-(F11*가정값!$B$19+F12*가정값!$B$20+F8*가정값!$B$22+F13*가정값!$B$21+F9*가정값!$B$22) -> -14888.448 | G15: =-(G11*가정값!$B$19+G12*가정값!$B$20+G8*가정값!$B$22+G13*가정값!$B$21+G9*가정값!$B$22) -> -17866.138 | H15: =-(H11*가정값!$B$19+H12*가정값!$B$20+H8*가정값!$B$22+H13*가정값!$B$21+H9*가정값!$B$22) -> -21439.365 | I15: =-(I11*가정값!$B$19+I12*가정값!$B$20+I8*가정값!$B$22+I13*가정값!$B$21+I9*가정값!$B$22) -> -25727.238 | J15: =-(J11*가정값!$B$19+J12*가정값!$B$20+J8*가정값!$B$22+J13*가정값!$B$21+J9*가정값!$B$22) -> -30872.686 | ... N15: =-(N11*가정값!$B$19+N12*가정값!$B$20+N8*가정값!$B$22+N13*가정값!$B$21+N9*가정값!$B$22) -> -64017.601
A16: 차감: 제휴 커미션 (T1:70% T2:50% T3:50% · 순액 기준) | C16: =-(C11*(1-가정값!$B$19)*가정값!$B$23+(C12*(1-가정값!$B$20)-C8*가정값!$B$22)*가정값!$B$24+(C13*(1-가정값!$B$21)-C9*가정값!$B$22)*가정값!$B$25)*가정값!$B$26 -> -6675 | D16: =-(D11*(1-가정값!$B$19)*가정값!$B$23+(D12*(1-가정값!$B$20)-D8*가정값!$B$22)*가정값!$B$24+(D13*(1-가정값!$B$21)-D9*가정값!$B$22)*가정값!$B$25)*가정값!$B$26 -> -8010 | E16: =-(E11*(1-가정값!$B$19)*가정값!$B$23+(E12*(1-가정값!$B$20)-E8*가정값!$B$22)*가정값!$B$24+(E13*(1-가정값!$B$21)-E9*가정값!$B$22)*가정값!$B$25)*가정값!$B$26 -> -9612 | F16: =-(F11*(1-가정값!$B$19)*가정값!$B$23+(F12*(1-가정값!$B$20)-F8*가정값!$B$22)*가정값!$B$24+(F13*(1-가정값!$B$21)-F9*가정값!$B$22)*가정값!$B$25)*가정값!$B$26 -> -11534.4 | G16: =-(G11*(1-가정값!$B$19)*가정값!$B$23+(G12*(1-가정값!$B$20)-G8*가정값!$B$22)*가정값!$B$24+(G13*(1-가정값!$B$21)-G9*가정값!$B$22)*가정값!$B$25)*가정값!$B$26 -> -13841.28 | H16: =-(H11*(1-가정값!$B$19)*가정값!$B$23+(H12*(1-가정값!$B$20)-H8*가정값!$B$22)*가정값!$B$24+(H13*(1-가정값!$B$21)-H9*가정값!$B$22)*가정값!$B$25)*가정값!$B$26 -> -16609.536 | I16: =-(I11*(1-가정값!$B$19)*가정값!$B$23+(I12*(1-가정값!$B$20)-I8*가정값!$B$22)*가정값!$B$24+(I13*(1-가정값!$B$21)-I9*가정값!$B$22)*가정값!$B$25)*가정값!$B$26 -> -19931.443 | J16: =-(J11*(1-가정값!$B$19)*가정값!$B$23+(J12*(1-가정값!$B$20)-J8*가정값!$B$22)*가정값!$B$24+(J13*(1-가정값!$B$21)-J9*가정값!$B$22)*가정값!$B$25)*가정값!$B$26 -> -23917.732 | ... N16: =-(N11*(1-가정값!$B$19)*가정값!$B$23+(N12*(1-가정값!$B$20)-N8*가정값!$B$22)*가정값!$B$24+(N13*(1-가정값!$B$21)-N9*가정값!$B$22)*가정값!$B$25)*가정값!$B$26 -> -49595.809
A17: ▶ 월 순 수익 | C17: =C14+C15+C16 -> 37509 | D17: =D14+D15+D16 -> 45010.8 | E17: =E14+E15+E16 -> 54012.96 | F17: =F14+F15+F16 -> 64815.552 | G17: =G14+G15+G16 -> 77778.662 | H17: =H14+H15+H16 -> 93334.395 | I17: =I14+I15+I16 -> 112001.27 | J17: =J14+J15+J16 -> 134401.53 | ... N17: =N14+N15+N16 -> 278695.01
A18: 누적 순 수익 | C18: =C17 -> 37509 | D18: =C18+D17 -> 82519.8 | E18: =D18+E17 -> 136532.76 | F18: =E18+F17 -> 201348.31 | G18: =F18+G17 -> 279126.97 | H18: =G18+H17 -> 372461.37 | I18: =H18+I17 -> 484462.64 | J18: =I18+J17 -> 618864.17 | K18: =J18+K17 -> 780146.01 | ... N18: =M18+N17 -> 1484625.1
A20: 연간 합계 요약
A21: 연간 총 매출 | B21: =SUM(C14:N14) -> 2089850.5
A22: 연간 순 수익 | B22: =SUM(C17:N17) -> 1484625.1
A23: 12개월 누적 순 수익 | B23: =N18 -> 1484625.1
A24: 월평균 순 수익 | B24: =SUM(C17:N17)/12 -> 123718.75
A25: 원화 환산 연간 (₩1,400)
A26: 연간 순 수익 (₩) | B26: =SUM(C17:N17)*1400 -> 2.0784751e+09
A27: 월평균 순 수익 (₩) | B27: =SUM(C17:N17)/12*1400 -> 1.7320626e+08

Sheet 시나리오 비교
A1: 🎯 시나리오 비교 — 보수적 / 기본 / 낙관 / 드림 (8유형 완전판 기준)
A2: M12(12개월 후) 월 순 수익 기준 · 모든 계산 독립 가정값 사용 · 파란색 셀 직접 수정 가능
A4: 가정 항목 | B4: 보수적 😐 | C4: 기본 🙂 | D4: 낙관 😊 | E4: 드림 🚀
A5: 월 진단 완료 수 | B5: 500 | C5: 5000 | D5: 20000 | E5: 100000
A6: 이메일 입력률 | B6: 0.4 | C6: 0.6 | D6: 0.7 | E6: 0.8
A7: 무료개요→Tier1 전환율 | B7: 0.03 | C7: 0.08 | D7: 0.12 | E7: 0.18
A8: Tier1→Tier2 업셀율 | B8: 0.2 | C8: 0.4 | D8: 0.55 | E8: 0.7
A9: Tier2→Tier3 업셀율 | B9: 0.1 | C9: 0.25 | D9: 0.4 | E9: 0.55
A10: 월 성장률 | B10: 0.05 | C10: 0.2 | D10: 0.3 | E10: 0.5
A11: 제휴 경유 비중 | B11: 0.1 | C11: 0.25 | D11: 0.4 | E11: 0.5
A13: 📊 M12 월 순 수익 계산 (12개월 후 · 성장률 복리 적용)
A14: 진단 수 (M12) | B14: =B5*(1+B10)^11 -> 855.16968 | C14: =C5*(1+C10)^11 -> 37150.419 | D14: =D5*(1+D10)^11 -> 358432.08 | E14: =E5*(1+E10)^11 -> 8649755.9
A15: 이메일 수집 (M12) | B15: =B14*B6 -> 342.06787 | C15: =C14*C6 -> 22290.251 | D15: =D14*D6 -> 250902.46 | E15: =E14*E6 -> 6919804.7
A16: Tier1 구매 (8유형) | B16: =B15*B7*8 -> 82.096289 | C16: =C15*C7*8 -> 14265.761 | D16: =D15*D7*8 -> 240866.36 | E16: =E15*E7*8 -> 9964518.8
A17: Tier2 구매 (8유형) | B17: =B16*B8*8 -> 131.35406 | C17: =C16*C8*8 -> 45650.434 | D17: =D16*D8*8 -> 1059812 | E17: =E16*E8*8 -> 55801305
A18: Tier3 구매 (8유형) | B18: =B17*B9*8 -> 105.08325 | C18: =C17*C9*8 -> 91300.869 | D18: =D17*D9*8 -> 3391398.3 | E18: =E17*E9*8 -> 245525742
A19: Tier1 매출 | B19: =15*B16 -> 1231.4443 | C19: =15*C16 -> 213986.41 | D19: =15*D16 -> 3612995.4 | E19: =15*E16 -> 1.4946778e+08
A20: Tier2 매출 | B20: =24*B17 -> 3152.4975 | C20: =24*C17 -> 1095610.4 | D20: =24*D17 -> 25435487 | E20: =24*E17 -> 1339231320
A21: Tier3 매출 | B21: =29*B18 -> 3047.4143 | C21: =29*C18 -> 2647725.2 | D21: =29*D18 -> 98350551 | E21: =29*E18 -> 7120246518
A22: 총 매출 Gross | B22: =B19+B20+B21 -> 7431.3561 | C22: =C19+C20+C21 -> 3957322 | D22: =D19+D20+D21 -> 1.2739903e+08 | E22: =E19+E20+E21 -> 8.6089456e+09
A23: 차감: Hotmart 수수료 (T1:20% · T2/T3:9.9%+$0.50/건) | B23: =-(B19*0.2+B20*0.099+B17*0.5+B21*0.099+B18*0.5) -> -978.29879 | C23: =-(C19*0.2+C20*0.099+C17*0.5+C21*0.099+C18*0.5) -> -481863.16 | D23: =-(D19*0.2+D20*0.099+D17*0.5+D21*0.099+D18*0.5) -> -15203022 | E23: =-(E19*0.2+E20*0.099+E17*0.5+E21*0.099+E18*0.5) -> -1.0180454e+09
A24: 차감: 제휴 커미션 (T1:70% T2:50% T3:50% · 순액 기준) | B24: =-(B19*(1-0.2)*0.7+(B20*(1-0.099)-B17*0.5)*0.5+(B21*(1-0.099)-B18*0.5)*0.5)*B11 -> -342.35597 | C24: =-(C19*(1-0.2)*0.7+(C20*(1-0.099)-C17*0.5)*0.5+(C21*(1-0.099)-C18*0.5)*0.5)*C11 -> -442991.81 | D24: =-(D19*(1-0.2)*0.7+(D20*(1-0.099)-D17*0.5)*0.5+(D21*(1-0.099)-D18*0.5)*0.5)*D11 -> -22670434 | E24: =-(E19*(1-0.2)*0.7+(E20*(1-0.099)-E17*0.5)*0.5+(E21*(1-0.099)-E18*0.5)*0.5)*E11 -> -1.9096825e+09
A25: ▶ 월 순 수익 (M12) | B25: =B22+B23+B24 -> 6110.7013 | C25: =C22+C23+C24 -> 3032467 | D25: =D22+D23+D24 -> 89525578 | E25: =E22+E23+E24 -> 5.6812178e+09
A26: ★ 연간 순 수익 | B26: =B25*12 -> 73328.416 | C26: =C25*12 -> 36389605 | D26: =D25*12 -> 1.0743069e+09 | E26: =E25*12 -> 6.8174613e+10
A28: 💰 원화 환산 (₩1,400/$1)
A29: 월 순 수익 (₩) | B29: =B25*1400 -> 8554981.9 | C29: =C25*1400 -> 4.2454539e+09 | D29: =D25*1400 -> 1.2533581e+11 | E29: =E25*1400 -> 7.9537049e+12
A30: 연간 순 수익 (₩) | B30: =B26*1400 -> 1.0265978e+08 | C30: =C26*1400 -> 5.0945446e+10 | D30: =D26*1400 -> 1.5040297e+12 | E30: =E26*1400 -> 9.5444458e+13
A32: ⚡ 전략 인사이트
A33: ✅ 무료 진단 → 무료 개요 리포트 → Hotmart 링크 — 광고비 0원 퍼널. 이메일 리스트가 자산.
A34: ✅ Tier1 제휴 70% — 제휴사가 $6.30 받음. '이게 말이 돼?' 싶어서 더 적극 홍보함.
A35: ✅ Tier2($24)가 주력 — Tier1 포함이라 '더 나은 선택' 자연 유도. 제휴사도 $10.56/건.
A36: ✅ 8유형 완전판 — 유형 추가할수록 선형 매출 증가. SPARK+VISION(2유형)도 지금 바로 런칭 가능.
A37: ⚠ 드림 시나리오 월 진단 10만 명 — Shadowgram 진단 페이지 + loveTWO 바이럴 + 스페인어판 필수.

Sheet 유형별 대시보드
A1: 🌟 8유형 × 3티어 손익 대시보드 — 유형별 월 매출 & 순 수익 (M1 기준)
A2: 가정값 시트 전환율 기준 · 각 유형 독립 계산 · 수량/단가 파란색 셀 직접 수정 가능
A4: 유형 | B4: T1 수량 | C4: T2 수량 | D4: T3 수량 | E4: T1 매출 | F4: T2 매출 | G4: T3 매출 | H4: Gross 합계 | I4: Hotmart 차감 (T1:20%·T2/T3:9.9%+$0.50) | J4: 제휴 차감 (순액 기준) | K4: 순 수익
A5: SPARK | B5: =가정값!$B$29 -> 30 | C5: =가정값!$B$30 -> 12 | D5: =가정값!$B$31 -> 3 | E5: =B5*15 -> 450 | F5: =C5*24 -> 288 | G5: =D5*29 -> 87 | H5: =E5+F5+G5 -> 825 | I5: =-(E5*0.2+F5*0.099+C5*0.5+G5*0.099+D5*0.5) -> -134.625 | J5: =-(E5*(1-0.2)*0.7+(F5*(1-0.099)-C5*0.5)*0.5+(G5*(1-0.099)-D5*0.5)*0.5)*가정값!$B$26 -> -104.29688 | K5: =H5+I5+J5 -> 586.07812
A6: STEADY | B6: =가정값!$B$29 -> 30 | C6: =가정값!$B$30 -> 12 | D6: =가정값!$B$31 -> 3 | E6: =B6*15 -> 450 | F6: =C6*24 -> 288 | G6: =D6*29 -> 87 | H6: =E6+F6+G6 -> 825 | I6: =-(E6*0.2+F6*0.099+C6*0.5+G6*0.099+D6*0.5) -> -134.625 | J6: =-(E6*(1-0.2)*0.7+(F6*(1-0.099)-C6*0.5)*0.5+(G6*(1-0.099)-D6*0.5)*0.5)*가정값!$B$26 -> -104.29688 | K6: =H6+I6+J6 -> 586.07812
A7: PLAYER | B7: =가정값!$B$29 -> 30 | C7: =가정값!$B$30 -> 12 | D7: =가정값!$B$31 -> 3 | E7: =B7*15 -> 450 | F7: =C7*24 -> 288 | G7: =D7*29 -> 87 | H7: =E7+F7+G7 -> 825 | I7: =-(E7*0.2+F7*0.099+C7*0.5+G7*0.099+D7*0.5) -> -134.625 | J7: =-(E7*(1-0.2)*0.7+(F7*(1-0.099)-C7*0.5)*0.5+(G7*(1-0.099)-D7*0.5)*0.5)*가정값!$B$26 -> -104.29688 | K7: =H7+I7+J7 -> 586.07812
A8: VISION | B8: =가정값!$B$29 -> 30 | C8: =가정값!$B$30 -> 12 | D8: =가정값!$B$31 -> 3 | E8: =B8*15 -> 450 | F8: =C8*24 -> 288 | G8: =D8*29 -> 87 | H8: =E8+F8+G8 -> 825 | I8: =-(E8*0.2+F8*0.099+C8*0.5+G8*0.099+D8*0.5) -> -134.625 | J8: =-(E8*(1-0.2)*0.7+(F8*(1-0.099)-C8*0.5)*0.5+(G8*(1-0.099)-D8*0.5)*0.5)*가정값!$B$26 -> -104.29688 | K8: =H8+I8+J8 -> 586.07812
A9: LOGIC | B9: =가정값!$B$29 -> 30 | C9: =가정값!$B$30 -> 12 | D9: =가정값!$B$31 -> 3 | E9: =B9*15 -> 450 | F9: =C9*24 -> 288 | G9: =D9*29 -> 87 | H9: =E9+F9+G9 -> 825 | I9: =-(E9*0.2+F9*0.099+C9*0.5+G9*0.099+D9*0.5) -> -134.625 | J9: =-(E9*(1-0.2)*0.7+(F9*(1-0.099)-C9*0.5)*0.5+(G9*(1-0.099)-D9*0.5)*0.5)*가정값!$B$26 -> -104.29688 | K9: =H9+I9+J9 -> 586.07812
A10: HARMONY | B10: =가정값!$B$29 -> 30 | C10: =가정값!$B$30 -> 12 | D10: =가정값!$B$31 -> 3 | E10: =B10*15 -> 450 | F10: =C10*24 -> 288 | G10: =D10*29 -> 87 | H10: =E10+F10+G10 -> 825 | I10: =-(E10*0.2+F10*0.099+C10*0.5+G10*0.099+D10*0.5) -> -134.625 | J10: =-(E10*(1-0.2)*0.7+(F10*(1-0.099)-C10*0.5)*0.5+(G10*(1-0.099)-D10*0.5)*0.5)*가정값!$B$26 -> -104.29688 | K10: =H10+I10+J10 -> 586.07812
A11: LEADER | B11: =가정값!$B$29 -> 30 | C11: =가정값!$B$30 -> 12 | D11: =가정값!$B$31 -> 3 | E11: =B11*15 -> 450 | F11: =C11*24 -> 288 | G11: =D11*29 -> 87 | H11: =E11+F11+G11 -> 825 | I11: =-(E11*0.2+F11*0.099+C11*0.5+G11*0.099+D11*0.5) -> -134.625 | J11: =-(E11*(1-0.2)*0.7+(F11*(1-0.099)-C11*0.5)*0.5+(G11*(1-0.099)-D11*0.5)*0.5)*가정값!$B$26 -> -104.29688 | K11: =H11+I11+J11 -> 586.07812
A12: SOUL | B12: =가정값!$B$29 -> 30 | C12: =가정값!$B$30 -> 12 | D12: =가정값!$B$31 -> 3 | E12: =B12*15 -> 450 | F12: =C12*24 -> 288 | G12: =D12*29 -> 87 | H12: =E12+F12+G12 -> 825 | I12: =-(E12*0.2+F12*0.099+C12*0.5+G12*0.099+D12*0.5) -> -134.625 | J12: =-(E12*(1-0.2)*0.7+(F12*(1-0.099)-C12*0.5)*0.5+(G12*(1-0.099)-D12*0.5)*0.5)*가정값!$B$26 -> -104.29688 | K12: =H12+I12+J12 -> 586.07812
A13: 8유형 합계 | B13: =SUM(B5:B12) -> 240 | C13: =SUM(C5:C12) -> 96 | D13: =SUM(D5:D12) -> 24 | E13: =SUM(E5:E12) -> 3600 | F13: =SUM(F5:F12) -> 2304 | G13: =SUM(G5:G12) -> 696 | H13: =SUM(H5:H12) -> 6600 | I13: =SUM(I5:I12) -> -1077 | ... K13: =SUM(K5:K12) -> 4688.625
