Workbook

Sheet 가정값
A1: ☀ ShiningShadow — Hotmart 리포트 매출 시뮬레이터
A2: 🔵 파란색 = 직접 입력값 | ⚫ 검정색 = 자동 계산 | 노란 배경 = 핵심 가정
A4: ① 상품 구조 — 누적 포함 가격 (박리다매 · 남미 최적화)
A5: Tier 1 · Basic + 부록A 포함 | B5: 9 | C5: $9 · 입문 · 충동구매 구간
A6: Tier 2 · Tier1 전체 + 부록B + Deep 포함 | B6: 15 | C6: $15 · 주력 상품 · Tier1 완전 포함
A7: Tier 3 · Tier2 전체 + 부록C + Master 포함 | B7: 19 | C7: $19 · 전체 콘텐츠 · 최고 가치
A9: ② 판매 믹스 — 월별 판매 수량 가정 (유형 1개, M1 기준)
A10: Tier 1 월 판매량 | B10: 80 | C10: 낮은 가격 → 충동구매 볼륨
A11: Tier 2 월 판매량 | B11: 50 | C11: 주력 · 가성비 최고 포지션
A12: Tier 3 월 판매량 | B12: 20 | C12: 완전판 · 핵심 팬층
A14: ③ 운영 가정
A15: 운영 유형 수 (현재) | B15: 2 | C15: 현재 SPARK + VISION = 2유형
A16: 운영 유형 수 (목표) | B16: 8 | C16: 8유형 완성 시
A17: Hotmart 수수료율 | B17: 0.099 | C17: Hotmart 기본 9.9%
A18: 제휴 커미션율 — Tier 1 | B18: 0.7 | C18: 70% 제공 → 제휴사 $6.30 / 판매당 · 유입 미끼 전략
A19: 제휴 커미션율 — Tier 2 | B19: 0.4 | C19: 40% 제공 → 제휴사 $6.00 / 판매당 · 주력 수익 구간
A20: 제휴 커미션율 — Tier 3 | B20: 0.3 | C20: 30% 제공 → 제휴사 $5.70 / 판매당 · 프리미엄 유지
A21: 제휴 매출 비중 (전체 중) | B21: 0.2 | C21: 전체 판매 중 제휴 경유 비율 (초기 20% → 성장 후 최대 50%)
A22: 월 성장률 (바이럴 복리) | B22: 0.2 | C22: 박리다매 + 바이럴 기준 월 20%
A24: ④ 유형 1개 기준 — 월 단위 수익 요약 (M1, 자동 계산)
A25: 월 총 매출 (유형 1개, 세전) | B25: =B5*B10+B6*B11+B7*B12 -> 1850
A26: 차감: Hotmart 수수료 (9.9%) | B26: =-B25*B17 -> -183.15
A27: 차감: 제휴 커미션 (티어별 차등) | B27: =-(B5*B10*B18+B6*B11*B19+B7*B12*B20)*B21 -> -183.6
A28: ▶ 순 수익 (유형 1개/월) | B28: =B25+B26+B27 -> 1483.25
A29: 참고: 제휴사 T1 실수령/건 | B29: =B5*B18 -> 6.3 | C29: 제휴사에게 $6.30/건 → 강력한 제휴 유인
A30: 참고: 민철님 T1 실수령/건 (제휴 경유) | B30: =B5*(1-B17)*(1-B18) -> 2.4327 | C30: 약 $2.43/건 — BUT 직접판매는 $8.11/건 (수수료만 차감)
A32: 💡 전략: Tier1(70%) = 제휴사 적극 홍보 유도 → 대량 유입 → 직접 재구매(Tier2/3)로 수익. Tier2/3 직접판매 시 수수료만 9.9% 차감 → 순 수령 $13.50/$17.12로 상승.

Sheet 월별 시뮬레이션
A1: 📈 Hotmart 리포트 — 월별 매출 시뮬레이션 (12개월)
A2: 수량은 '가정값' 시트 기준 · 월 성장률 자동 반영 · 8유형 완성 시나리오 포함
A4: 상품 | B4: 단가($) | C4: M1 | D4: M2 | E4: M3 | F4: M4 | G4: M5 | H4: M6 | I4: M7 | J4: M8 | K4: M9 | L4: M10 | M4: M11 | N4: M12
A5: Tier 1 · Basic + 부록A | B5: =가정값!B5 -> 9 | C5: =가정값!B5*(가정값!B10)*가정값!B15 -> 1440 | D5: =가정값!B5*(가정값!B10*(1+가정값!B20)^1)*가정값!B15 -> 1872 | E5: =가정값!B5*(가정값!B10*(1+가정값!B20)^2)*가정값!B15 -> 2433.6 | F5: =가정값!B5*(가정값!B10*(1+가정값!B20)^3)*가정값!B15 -> 3163.68 | G5: =가정값!B5*(가정값!B10*(1+가정값!B20)^4)*가정값!B15 -> 4112.784 | H5: =가정값!B5*(가정값!B10*(1+가정값!B20)^5)*가정값!B15 -> 5346.6192 | I5: =가정값!B5*(가정값!B10*(1+가정값!B20)^6)*가정값!B15 -> 6950.605 | J5: =가정값!B5*(가정값!B10*(1+가정값!B20)^7)*가정값!B15 -> 9035.7864 | K5: =가정값!B5*(가정값!B10*(1+가정값!B20)^8)*가정값!B15 -> 11746.522 | L5: =가정값!B5*(가정값!B10*(1+가정값!B20)^9)*가정값!B15 -> 15270.479 | M5: =가정값!B5*(가정값!B10*(1+가정값!B20)^10)*가정값!B15 -> 19851.623 | N5: =가정값!B5*(가정값!B10*(1+가정값!B20)^11)*가정값!B15 -> 25807.11
A6: Tier 2 · T1 전체 + 부록B + Deep | B6: =가정값!B6 -> 15 | C6: =가정값!B6*(가정값!B11)*가정값!B15 -> 1500 | D6: =가정값!B6*(가정값!B11*(1+가정값!B20)^1)*가정값!B15 -> 1950 | E6: =가정값!B6*(가정값!B11*(1+가정값!B20)^2)*가정값!B15 -> 2535 | F6: =가정값!B6*(가정값!B11*(1+가정값!B20)^3)*가정값!B15 -> 3295.5 | G6: =가정값!B6*(가정값!B11*(1+가정값!B20)^4)*가정값!B15 -> 4284.15 | H6: =가정값!B6*(가정값!B11*(1+가정값!B20)^5)*가정값!B15 -> 5569.395 | I6: =가정값!B6*(가정값!B11*(1+가정값!B20)^6)*가정값!B15 -> 7240.2135 | J6: =가정값!B6*(가정값!B11*(1+가정값!B20)^7)*가정값!B15 -> 9412.2776 | K6: =가정값!B6*(가정값!B11*(1+가정값!B20)^8)*가정값!B15 -> 12235.961 | L6: =가정값!B6*(가정값!B11*(1+가정값!B20)^9)*가정값!B15 -> 15906.749 | M6: =가정값!B6*(가정값!B11*(1+가정값!B20)^10)*가정값!B15 -> 20678.774 | N6: =가정값!B6*(가정값!B11*(1+가정값!B20)^11)*가정값!B15 -> 26882.406
A7: Tier 3 · T2 전체 + 부록C + Master | B7: =가정값!B7 -> 19 | C7: =가정값!B7*(가정값!B12)*가정값!B15 -> 760 | D7: =가정값!B7*(가정값!B12*(1+가정값!B20)^1)*가정값!B15 -> 988 | E7: =가정값!B7*(가정값!B12*(1+가정값!B20)^2)*가정값!B15 -> 1284.4 | F7: =가정값!B7*(가정값!B12*(1+가정값!B20)^3)*가정값!B15 -> 1669.72 | G7: =가정값!B7*(가정값!B12*(1+가정값!B20)^4)*가정값!B15 -> 2170.636 | H7: =가정값!B7*(가정값!B12*(1+가정값!B20)^5)*가정값!B15 -> 2821.8268 | I7: =가정값!B7*(가정값!B12*(1+가정값!B20)^6)*가정값!B15 -> 3668.3748 | J7: =가정값!B7*(가정값!B12*(1+가정값!B20)^7)*가정값!B15 -> 4768.8873 | K7: =가정값!B7*(가정값!B12*(1+가정값!B20)^8)*가정값!B15 -> 6199.5535 | L7: =가정값!B7*(가정값!B12*(1+가정값!B20)^9)*가정값!B15 -> 8059.4195 | M7: =가정값!B7*(가정값!B12*(1+가정값!B20)^10)*가정값!B15 -> 10477.245 | N7: =가정값!B7*(가정값!B12*(1+가정값!B20)^11)*가정값!B15 -> 13620.419
A8: 총 매출 (Gross) | C8: =SUM(C5:C7) -> 3700 | D8: =SUM(D5:D7) -> 4810 | E8: =SUM(E5:E7) -> 6253 | F8: =SUM(F5:F7) -> 8128.9 | G8: =SUM(G5:G7) -> 10567.57 | H8: =SUM(H5:H7) -> 13737.841 | I8: =SUM(I5:I7) -> 17859.193 | J8: =SUM(J5:J7) -> 23216.951 | ... N8: =SUM(N5:N7) -> 66309.935
A9: 차감: Hotmart 수수료 (9.9%) | C9: =-C8*가정값!B17 -> -366.3 | D9: =-D8*가정값!B17 -> -476.19 | E9: =-E8*가정값!B17 -> -619.047 | F9: =-F8*가정값!B17 -> -804.7611 | G9: =-G8*가정값!B17 -> -1046.1894 | H9: =-H8*가정값!B17 -> -1360.0463 | I9: =-I8*가정값!B17 -> -1768.0601 | J9: =-J8*가정값!B17 -> -2298.4782 | K9: =-K8*가정값!B17 -> -2988.0216 | L9: =-L8*가정값!B17 -> -3884.4281 | M9: =-M8*가정값!B17 -> -5049.7566 | N9: =-N8*가정값!B17 -> -6564.6835
A10: 차감: 제휴 커미션 (티어별 차등 T1:70% T2:40% T3:30%) | C10: =-(C5*가정값!B18+C6*가정값!B19+C7*가정값!B20)*가정값!B21 -> -367.2 | D10: =-(D5*가정값!B18+D6*가정값!B19+D7*가정값!B20)*가정값!B21 -> -477.36 | E10: =-(E5*가정값!B18+E6*가정값!B19+E7*가정값!B20)*가정값!B21 -> -620.568 | F10: =-(F5*가정값!B18+F6*가정값!B19+F7*가정값!B20)*가정값!B21 -> -806.7384 | G10: =-(G5*가정값!B18+G6*가정값!B19+G7*가정값!B20)*가정값!B21 -> -1048.7599 | H10: =-(H5*가정값!B18+H6*가정값!B19+H7*가정값!B20)*가정값!B21 -> -1363.3879 | I10: =-(I5*가정값!B18+I6*가정값!B19+I7*가정값!B20)*가정값!B21 -> -1772.4043 | J10: =-(J5*가정값!B18+J6*가정값!B19+J7*가정값!B20)*가정값!B21 -> -2304.1255 | K10: =-(K5*가정값!B18+K6*가정값!B19+K7*가정값!B20)*가정값!B21 -> -2995.3632 | L10: =-(L5*가정값!B18+L6*가정값!B19+L7*가정값!B20)*가정값!B21 -> -3893.9722 | M10: =-(M5*가정값!B18+M6*가정값!B19+M7*가정값!B20)*가정값!B21 -> -5062.1638 | N10: =-(N5*가정값!B18+N6*가정값!B19+N7*가정값!B20)*가정값!B21 -> -6580.813
A11: ▶ 순 수익 (현재 유형 수 기준) | C11: =C8+C9+C10 -> 2966.5 | D11: =D8+D9+D10 -> 3856.45 | E11: =E8+E9+E10 -> 5013.385 | F11: =F8+F9+F10 -> 6517.4005 | G11: =G8+G9+G10 -> 8472.6207 | H11: =H8+H9+H10 -> 11014.407 | I11: =I8+I9+I10 -> 14318.729 | J11: =J8+J9+J10 -> 18614.348 | ... N11: =N8+N9+N10 -> 53164.438
A12: ★ 8유형 완성 시 순 수익 | C12: =C11*가정값!B16/가정값!B15 -> 11866 | D12: =D11*가정값!B16/가정값!B15 -> 15425.8 | E12: =E11*가정값!B16/가정값!B15 -> 20053.54 | F12: =F11*가정값!B16/가정값!B15 -> 26069.602 | G12: =G11*가정값!B16/가정값!B15 -> 33890.483 | H12: =H11*가정값!B16/가정값!B15 -> 44057.627 | I12: =I11*가정값!B16/가정값!B15 -> 57274.916 | J12: =J11*가정값!B16/가정값!B15 -> 74457.39 | K12: =K11*가정값!B16/가정값!B15 -> 96794.607 | L12: =L11*가정값!B16/가정값!B15 -> 125832.99 | M12: =M11*가정값!B16/가정값!B15 -> 163582.89 | N12: =N11*가정값!B16/가정값!B15 -> 212657.75
A14: 누적 순 수익 (8유형 기준) | C14: =C12 -> 11866 | D14: =C14+D12 -> 27291.8 | E14: =D14+E12 -> 47345.34 | F14: =E14+F12 -> 73414.942 | G14: =F14+G12 -> 107305.42 | H14: =G14+H12 -> 151363.05 | I14: =H14+I12 -> 208637.97 | J14: =I14+J12 -> 283095.36 | K14: =J14+K12 -> 379889.97 | ... N14: =M14+N12 -> 881963.59
A16: 연간 합계 요약
A17: 연간 총 매출 (현 2유형) | B17: =SUM(C8:N8) -> 275009.72
A18: 연간 순 수익 (현 2유형) | B18: =SUM(C11:N11) -> 220490.9
A19: 연간 순 수익 (8유형 완성) | B19: =SUM(C12:N12) -> 881963.59
A20: 월평균 순 수익 (8유형) | B20: =SUM(C12:N12)/12 -> 73496.966
A21: 12개월 누적 순 수익 (8유형) | B21: =N14 -> 881963.59

Sheet 시나리오 비교
A1: 🎯 시나리오 비교 — 보수적 / 기본 / 낙관 / 드림
A2: 각 시나리오는 독립 가정값 — 파란색 셀을 직접 수정하세요
A4: 가정 항목 | B4: 보수적 😐 | C4: 기본 🙂 | D4: 낙관 😊 | E4: 드림 🚀
A5: 운영 유형 수 | B5: 2 | C5: 4 | D5: 6 | E5: 8
A6: Tier1 월 판매량 (유형당) | B6: 20 | C6: 80 | D6: 200 | E6: 500
A7: Tier2 월 판매량 (유형당) | B7: 10 | C7: 50 | D7: 130 | E7: 320
A8: Tier3 월 판매량 (유형당) | B8: 5 | C8: 20 | D8: 50 | E8: 120
A9: 월 성장률 | B9: 0.05 | C9: 0.2 | D9: 0.3 | E9: 0.5
A10: 제휴 매출 비중 | B10: 0.1 | C10: 0.2 | D10: 0.35 | E10: 0.5
A11: 제휴 커미션율 — Tier 1 (70%) | B11: 0.7 | C11: 0.7 | D11: 0.7 | E11: 0.7
A12: 제휴 커미션율 — Tier 2 (40%)
A13: 제휴 커미션율 — Tier 3 (30%) | B13: 0.3 | C13: 0.3 | D13: 0.3 | E13: 0.3
A15: 📊 시나리오별 M12 (12개월 후) 월 순 수익
A16: Tier1 월 매출 (M12) | B16: =9*B5*B6*(1+B9)^11 -> 615.72217 | C16: =9*C5*C6*(1+C9)^11 -> 21398.641 | D16: =9*D5*D6*(1+D9)^11 -> 193553.32 | E16: =9*E5*E6*(1+E9)^11 -> 3113912.1
A17: Tier2 월 매출 (M12) | B17: =15*B5*B7*(1+B9)^11 -> 513.10181 | C17: =15*C5*C7*(1+C9)^11 -> 22290.251 | D17: =15*D5*D7*(1+D9)^11 -> 209682.77 | E17: =15*E5*E7*(1+E9)^11 -> 3321506.2
A18: Tier3 월 매출 (M12) | B18: =19*B5*B8*(1+B9)^11 -> 324.96448 | C18: =19*C5*C8*(1+C9)^11 -> 11293.727 | D18: =19*D5*D8*(1+D9)^11 -> 102153.14 | E18: =19*E5*E8*(1+E9)^11 -> 1577715.5
A19: 총 매출 Gross (M12) | B19: =B16+B17+B18 -> 1453.7885 | C19: =C16+C17+C18 -> 54982.619 | D19: =D16+D17+D18 -> 505389.23 | E19: =E16+E17+E18 -> 8013133.8
A20: 차감: Hotmart 9.9% | B20: =-B16*0.099 -> -60.956495 | C20: =-C16*0.099 -> -2118.4655 | D20: =-D16*0.099 -> -19161.779 | E20: =-E16*0.099 -> -308277.3
A21: 차감: 제휴 커미션 (T1:70% T2:40% T3:30%) | B21: =-(B16*B11+B17*B12+B18*B13)*B10 -> -52.849486 | C21: =-(C16*C11+C17*C12+C18*C13)*C10 -> -3673.4334 | D21: =-(D16*D11+D17*D12+D18*D13)*D10 -> -58146.644 | E21: =-(E16*E11+E17*E12+E18*E13)*E10 -> -1326526.6
A22: ▶ 월 순 수익 (M12) | B22: =B19+B20+B21 -> 1339.9825 | C22: =C19+C20+C21 -> 49190.721 | D22: =D19+D20+D21 -> 428080.81 | E22: =E19+E20+E21 -> 6378330
A23: ★ 연간 순 수익 (추정) | B23: =B22*12 -> 16079.79 | C23: =C22*12 -> 590288.65 | D23: =D22*12 -> 5136969.7 | E23: =E22*12 -> 76539960
A25: 💰 원화 환산 (₩1,400/$1 기준)
A26: 월 순 수익 (₩) | B26: =B22*1400 -> 1875975.5 | C26: =C22*1400 -> 68867009 | D26: =D22*1400 -> 5.9931313e+08 | E26: =E22*1400 -> 8.929662e+09
A27: 연간 순 수익 (₩) | B27: =B23*1400 -> 22511706 | C27: =C23*1400 -> 8.2640411e+08 | D27: =D23*1400 -> 7.1917576e+09 | E27: =E23*1400 -> 1.0715594e+11
A29: ⚡ 박리다매 전략 핵심 인사이트
A30: ✅ $9/$15/$19 — 남미 WhatsApp 충동구매 심리 구간. 결제 망설임 거의 없음
A31: ✅ Tier2가 주력 ($15) — Tier1 전체 포함이라 '더 나은 선택' 자연 유도
A32: ✅ 손익분기 : Tier1 기준 월 112건 (유형당) → 2유형 합산 224건/월이면 수수료 커버
A33: ✅ 볼륨 레버 : 가격↓ × 바이럴 속도↑ = 기본~낙관 시나리오 12개월 내 달성 현실적
A34: ⚠ 드림 시나리오 ($18만/월) : Shadowgram 진단 월 10만+ 유입 + 스페인어판 필수
