Workbook

Sheet ① 시장·가정
B1: 🌎 Shadowgram 전체 시장 수익 시뮬레이션 — 스페인어 + 포르투갈어권
B2: 업로드 D+1개월 기준 | 1년(12개월) 성장 시뮬 | 파레토 파트너 100명 운영
B4: 🌍 타겟 시장별 인구·구매력 (World Bank PPP, 2024 기준)
B5: 시장 | C5: 언어 | D5: 잠재 인구 (만명) | E5: 월평균 소득 ($) | F5: 디지털 상품 구매 가능 비율 | G5: 실효 타겟 (만명) | H5: 인구 비중 (%) | I5: 비중 근거
B6: 🇲🇽 멕시코 | C6: 스페인어 | D6: 13000 | E6: 890 | F6: 0.22 | G6: =D6*F6/10000 -> 0.286 | H6: =D6/D$11 -> 0.27139875 | I6: INEGI 2024, 성인 인구 기준
B7: 🇨🇴 콜롬비아 | C7: 스페인어 | D7: 5200 | E7: 620 | F7: 0.18 | G7: =D7*F7/10000 -> 0.0936 | H7: =D7/D$11 -> 0.1085595 | I7: DANE 2024, 인터넷 보급률 70%
B8: 🇨🇱 칠레 | C8: 스페인어 | D8: 2000 | E8: 1100 | F8: 0.3 | G8: =D8*F8/10000 -> 0.06 | H8: =D8/D$11 -> 0.041753653 | I8: INE 2024, 고소득 신흥시장
B9: 🇺🇸 미국 히스패닉 | C9: 스페인어 | D9: 6200 | E9: 2100 | F9: 0.35 | G9: =D9*F9/10000 -> 0.217 | H9: =D9/D$11 -> 0.12943633 | I9: US Census 히스패닉 인구
B10: 🇧🇷 브라질 | C10: 포르투갈어 | D10: 21500 | E10: 780 | F10: 0.19 | G10: =D10*F10/10000 -> 0.4085 | H10: =D10/D$11 -> 0.44885177 | I10: IBGE 2024, 최대 포르투갈어 시장
B11: 📊 전체 합계 | D11: =SUM(D6:D10) -> 47900 | F11: =SUMPRODUCT(D6:D10,F6:F10)/SUM(D6:D10) -> 0.22235908 | G11: =SUM(G6:G10) -> 1.0651 | H11: =SUM(H6:H10) -> 1 | I11: Source: World Bank, INEGI, IBGE, US Census 2024
B13: 💰 번들 가격 & 커미션 구조
B14: 번들 | C14: 가격 ($) | D14: Hotmart 수수료 | E14: 커미션율 | F14: 파트너 수익/건 ($) | G14: 오너 수익/건 ($) | H14: 오너 수익/건 (₩)
B15: T1+AppA (트립와이어) | C15: 12.8 | D15: 0.099 | E15: 0.7 | F15: =C15*E15 -> 8.96 | G15: =C15*(1-D15-E15) -> 2.5728 | H15: =G15*C27 -> 3601.92
B16: T2+AppB (OTO) | C16: 19.9 | D16: 0.099 | E16: 0.5 | F16: =C16*E16 -> 9.95 | G16: =C16*(1-D16-E16) -> 7.9799 | H16: =G16*C27 -> 11171.86
B17: T3+AppC (이메일업셀) | C17: 28.9 | D17: 0.099 | E17: 0.4 | F17: =C17*E17 -> 11.56 | G17: =C17*(1-D17-E17) -> 14.4789 | H17: =G17*C27 -> 20270.46
B19: ⚙️ 파트너 & 전환율 가정
B20: 전체 파트너 수 | C20: 100 | D20: 명
B21: 상위 파트너 비율 (파레토) | C21: 0.2
B22: 상위 파트너 월 T1 판매/인 | C22: 80 | D22: 건
B23: 중간 파트너 월 T1 판매/인 | C23: 20 | D23: 건
B24: 하위 파트너 월 T1 판매/인 | C24: 3 | D24: 건
B25: T2 OTO 전환율 | C25: 0.24
B26: T3 이메일 전환율 | C26: 0.1
B27: 환율 (원/달러) | C27: 1400
B28: 업로드 후 안정화 기간 (월) | C28: 1 | D28: 개월

Sheet ② 시장별 수익 분해
B1: 🗺️ 시장별 오너 월수익 분해 — 파레토 파트너 100명 기준
B2: 파트너 100명 × 시장 인구비례 배분 | T1→T2(OTO)→T3(이메일) 흐름
B4: 📊 시장별 파트너 배분 (인구 비중 기준)
B5: 시장 | C5: 언어 | D5: 인구비중 | E5: 파트너 배분(명) | F5: 상위20%(명) | G5: 중간30%(명) | H5: 하위50%(명) | I5: 검증
B6: 🏳️ 멕시코 | C6: 스페인어 | D6: ='① 시장·가정'!H6 -> 0.27139875 | E6: =ROUND('① 시장·가정'!C20*D6,0) -> 27 | F6: =ROUND(E6*'① 시장·가정'!C21,0) -> 5 | G6: =ROUND(E6*0.3,0) -> 8 | H6: =E6-F6-G6 -> 14 | I6: =IF(F6+G6+H6=E6,"✅","⚠️") -> ✅
B7: 🏳️ 콜롬비아 | C7: 스페인어 | D7: ='① 시장·가정'!H7 -> 0.1085595 | E7: =ROUND('① 시장·가정'!C20*D7,0) -> 11 | F7: =ROUND(E7*'① 시장·가정'!C21,0) -> 2 | G7: =ROUND(E7*0.3,0) -> 3 | H7: =E7-F7-G7 -> 6 | I7: =IF(F7+G7+H7=E7,"✅","⚠️") -> ✅
B8: 🏳️ 칠레 | C8: 스페인어 | D8: ='① 시장·가정'!H8 -> 0.041753653 | E8: =ROUND('① 시장·가정'!C20*D8,0) -> 4 | F8: =ROUND(E8*'① 시장·가정'!C21,0) -> 1 | G8: =ROUND(E8*0.3,0) -> 1 | H8: =E8-F8-G8 -> 2 | I8: =IF(F8+G8+H8=E8,"✅","⚠️") -> ✅
B9: 🏳️ 미국 히스패닉 | C9: 스페인어 | D9: ='① 시장·가정'!H9 -> 0.12943633 | E9: =ROUND('① 시장·가정'!C20*D9,0) -> 13 | F9: =ROUND(E9*'① 시장·가정'!C21,0) -> 3 | G9: =ROUND(E9*0.3,0) -> 4 | H9: =E9-F9-G9 -> 6 | I9: =IF(F9+G9+H9=E9,"✅","⚠️") -> ✅
B10: 🏳️ 브라질 | C10: 포르투갈어 | D10: ='① 시장·가정'!H10 -> 0.44885177 | E10: =ROUND('① 시장·가정'!C20*D10,0) -> 45 | F10: =ROUND(E10*'① 시장·가정'!C21,0) -> 9 | G10: =ROUND(E10*0.3,0) -> 14 | H10: =E10-F10-G10 -> 22 | I10: =IF(F10+G10+H10=E10,"✅","⚠️") -> ✅
B11: 전체 합계 | D11: =SUM(D6:D10) -> 1 | E11: =SUM(E6:E10) -> 100 | F11: =SUM(F6:F10) -> 20 | G11: =SUM(G6:G10) -> 30 | H11: =SUM(H6:H10) -> 50
B13: 💰 시장별 오너 월수익 분해 ($, ₩)
B14: 시장 | C14: 상위파트너T1($) | D14: OTO T2($) | E14: T3이메일($) | F14: 시장소계($) | G14: 시장소계(₩) | H14: 전체대비비중
B15: 🏳️ 멕시코 | C15: =F6*'① 시장·가정'!C22*'① 시장·가정'!G15+G6*'① 시장·가정'!C23*'① 시장·가정'!G15+H6*'① 시장·가정'!C24*'① 시장·가정'!G15 -> 1548.8256 | D15: =F6*'① 시장·가정'!C22*'① 시장·가정'!C26*'① 시장·가정'!G16+G6*'① 시장·가정'!C23*'① 시장·가정'!C26*'① 시장·가정'!G16+H6*'① 시장·가정'!C24*'① 시장·가정'!C26*'① 시장·가정'!G16 -> 480.38998 | E15: =F6*'① 시장·가정'!C22*'① 시장·가정'!C26*'① 시장·가정'!G17+G6*'① 시장·가정'!C23*'① 시장·가정'!C26*'① 시장·가정'!G17+H6*'① 시장·가정'!C24*'① 시장·가정'!C26*'① 시장·가정'!G17 -> 871.62978 | F15: =C15+D15+E15 -> 2900.8454 | G15: =F15*'① 시장·가정'!C27 -> 4061183.5 | H15: =F15/F$20 -> 0.25617021
B16: 🏳️ 콜롬비아 | C16: =F7*'① 시장·가정'!C22*'① 시장·가정'!G15+G7*'① 시장·가정'!C23*'① 시장·가정'!G15+H7*'① 시장·가정'!C24*'① 시장·가정'!G15 -> 612.3264 | D16: =F7*'① 시장·가정'!C22*'① 시장·가정'!C26*'① 시장·가정'!G16+G7*'① 시장·가정'!C23*'① 시장·가정'!C26*'① 시장·가정'!G16+H7*'① 시장·가정'!C24*'① 시장·가정'!C26*'① 시장·가정'!G16 -> 189.92162 | E16: =F7*'① 시장·가정'!C22*'① 시장·가정'!C26*'① 시장·가정'!G17+G7*'① 시장·가정'!C23*'① 시장·가정'!C26*'① 시장·가정'!G17+H7*'① 시장·가정'!C24*'① 시장·가정'!C26*'① 시장·가정'!G17 -> 344.59782 | F16: =C16+D16+E16 -> 1146.8458 | G16: =F16*'① 시장·가정'!C27 -> 1605584.2 | H16: =F16/F$20 -> 0.1012766
B17: 🏳️ 칠레 | C17: =F8*'① 시장·가정'!C22*'① 시장·가정'!G15+G8*'① 시장·가정'!C23*'① 시장·가정'!G15+H8*'① 시장·가정'!C24*'① 시장·가정'!G15 -> 272.7168 | D17: =F8*'① 시장·가정'!C22*'① 시장·가정'!C26*'① 시장·가정'!G16+G8*'① 시장·가정'!C23*'① 시장·가정'!C26*'① 시장·가정'!G16+H8*'① 시장·가정'!C24*'① 시장·가정'!C26*'① 시장·가정'!G16 -> 84.58694 | E17: =F8*'① 시장·가정'!C22*'① 시장·가정'!C26*'① 시장·가정'!G17+G8*'① 시장·가정'!C23*'① 시장·가정'!C26*'① 시장·가정'!G17+H8*'① 시장·가정'!C24*'① 시장·가정'!C26*'① 시장·가정'!G17 -> 153.47634 | F17: =C17+D17+E17 -> 510.78008 | G17: =F17*'① 시장·가정'!C27 -> 715092.11 | H17: =F17/F$20 -> 0.045106383
B18: 🏳️ 미국 히스패닉 | C18: =F9*'① 시장·가정'!C22*'① 시장·가정'!G15+G9*'① 시장·가정'!C23*'① 시장·가정'!G15+H9*'① 시장·가정'!C24*'① 시장·가정'!G15 -> 869.6064 | D18: =F9*'① 시장·가정'!C22*'① 시장·가정'!C26*'① 시장·가정'!G16+G9*'① 시장·가정'!C23*'① 시장·가정'!C26*'① 시장·가정'!G16+H9*'① 시장·가정'!C24*'① 시장·가정'!C26*'① 시장·가정'!G16 -> 269.72062 | E18: =F9*'① 시장·가정'!C22*'① 시장·가정'!C26*'① 시장·가정'!G17+G9*'① 시장·가정'!C23*'① 시장·가정'!C26*'① 시장·가정'!G17+H9*'① 시장·가정'!C24*'① 시장·가정'!C26*'① 시장·가정'!G17 -> 489.38682 | F18: =C18+D18+E18 -> 1628.7138 | G18: =F18*'① 시장·가정'!C27 -> 2280199.4 | H18: =F18/F$20 -> 0.14382979
B19: 🏳️ 브라질 | C19: =F10*'① 시장·가정'!C22*'① 시장·가정'!G15+G10*'① 시장·가정'!C23*'① 시장·가정'!G15+H10*'① 시장·가정'!C24*'① 시장·가정'!G15 -> 2742.6048 | D19: =F10*'① 시장·가정'!C22*'① 시장·가정'!C26*'① 시장·가정'!G16+G10*'① 시장·가정'!C23*'① 시장·가정'!C26*'① 시장·가정'!G16+H10*'① 시장·가정'!C24*'① 시장·가정'!C26*'① 시장·가정'!G16 -> 850.65734 | E19: =F10*'① 시장·가정'!C22*'① 시장·가정'!C26*'① 시장·가정'!G17+G10*'① 시장·가정'!C23*'① 시장·가정'!C26*'① 시장·가정'!G17+H10*'① 시장·가정'!C24*'① 시장·가정'!C26*'① 시장·가정'!G17 -> 1543.4507 | F19: =C19+D19+E19 -> 5136.7129 | G19: =F19*'① 시장·가정'!C27 -> 7191398 | H19: =F19/F$20 -> 0.45361702
B20: 📊 월 오너수익 합계 | C20: =SUM(C15:C19) -> 6046.08 | D20: =SUM(D15:D19) -> 1875.2765 | E20: =SUM(E15:E19) -> 3402.5415 | F20: =SUM(F15:F19) -> 11323.898 | G20: =F20*'① 시장·가정'!C27 -> 15853457 | H20: =F20/F20 -> 1
B22: 💡 브라질(포르투갈어)이 인구 1위지만 디지털 구매율이 낮아 파트너 배분이 멕시코보다 적을 수 있습니다. 미국 히스패닉은 소득이 높아 T2/T3 OTO 전환율이 LATAM 대비 높을 가능성 있음 (별도 A/B 테스트 권장).

Sheet ③ 1년 성장 시뮬
B1: 📈 업로드 D+1개월 기준 — 12개월 파트너 성장 × 5개 시장 수익 (₩)
B2: 파레토 파트너 운영 | 인구비중 배분 | 월 누적 | 4가지 시나리오
B4: 🐢 보수적 — 월 +2명 추가 | D+1개월 시작
B5: 항목 | C5: 1월 | D5: 2월 | E5: 3월 | F5: 4월 | G5: 5월 | H5: 6월 | I5: 7월 | J5: 8월 | K5: 9월 | L5: 10월 | M5: 11월 | N5: 12월 | O5: 연간 합계
B6: 전체 파트너 수 (명) | C6: 2 | D6: 4 | E6: 6 | F6: 8 | G6: 10 | H6: 12 | I6: 14 | J6: 16 | K6: 18 | L6: 20 | M6: 22 | N6: 24 | O6: =N6 -> 24
B7: ↑ 상위 파트너 수 (20%, 명) | C7: =ROUND(C6*'① 시장·가정'!C21,0) -> 0 | D7: =ROUND(D6*'① 시장·가정'!C21,0) -> 1 | E7: =ROUND(E6*'① 시장·가정'!C21,0) -> 1 | F7: =ROUND(F6*'① 시장·가정'!C21,0) -> 2 | G7: =ROUND(G6*'① 시장·가정'!C21,0) -> 2 | H7: =ROUND(H6*'① 시장·가정'!C21,0) -> 2 | I7: =ROUND(I6*'① 시장·가정'!C21,0) -> 3 | J7: =ROUND(J6*'① 시장·가정'!C21,0) -> 3 | K7: =ROUND(K6*'① 시장·가정'!C21,0) -> 4 | L7: =ROUND(L6*'① 시장·가정'!C21,0) -> 4 | M7: =ROUND(M6*'① 시장·가정'!C21,0) -> 4 | N7: =ROUND(N6*'① 시장·가정'!C21,0) -> 5 | O7: =ROUND(N6*'① 시장·가정'!C21,0) -> 5
B8: 월 오너 총수익 ($) | C8: =C7*'① 시장·가정'!C22*('① 시장·가정'!G15+'① 시장·가정'!C26*'① 시장·가정'!G16+'① 시장·가정'!C26*'① 시장·가정'!G17)+(C6-C7)*0.375*'① 시장·가정'!C23*('① 시장·가정'!G15+'① 시장·가정'!C26*'① 시장·가정'!G16+'① 시장·가정'!C26*'① 시장·가정'!G17)+(C6-C7)*0.625*'① 시장·가정'!C24*('① 시장·가정'!G15+'① 시장·가정'!C26*'① 시장·가정'!G16+'① 시장·가정'!C26*'① 시장·가정'!G17) -> 90.35025 | D8: =D7*'① 시장·가정'!C22*('① 시장·가정'!G15+'① 시장·가정'!C26*'① 시장·가정'!G16+'① 시장·가정'!C26*'① 시장·가정'!G17)+(D6-D7)*0.375*'① 시장·가정'!C23*('① 시장·가정'!G15+'① 시장·가정'!C26*'① 시장·가정'!G16+'① 시장·가정'!C26*'① 시장·가정'!G17)+(D6-D7)*0.625*'① 시장·가정'!C24*('① 시장·가정'!G15+'① 시장·가정'!C26*'① 시장·가정'!G16+'① 시장·가정'!C26*'① 시장·가정'!G17) -> 521.01977 | E8: =E7*'① 시장·가정'!C22*('① 시장·가정'!G15+'① 시장·가정'!C26*'① 시장·가정'!G16+'① 시장·가정'!C26*'① 시장·가정'!G17)+(E6-E7)*0.375*'① 시장·가정'!C23*('① 시장·가정'!G15+'① 시장·가정'!C26*'① 시장·가정'!G16+'① 시장·가정'!C26*'① 시장·가정'!G17)+(E6-E7)*0.625*'① 시장·가정'!C24*('① 시장·가정'!G15+'① 시장·가정'!C26*'① 시장·가정'!G16+'① 시장·가정'!C26*'① 시장·가정'!G17) -> 611.37003 | F8: =F7*'① 시장·가정'!C22*('① 시장·가정'!G15+'① 시장·가정'!C26*'① 시장·가정'!G16+'① 시장·가정'!C26*'① 시장·가정'!G17)+(F6-F7)*0.375*'① 시장·가정'!C23*('① 시장·가정'!G15+'① 시장·가정'!C26*'① 시장·가정'!G16+'① 시장·가정'!C26*'① 시장·가정'!G17)+(F6-F7)*0.625*'① 시장·가정'!C24*('① 시장·가정'!G15+'① 시장·가정'!C26*'① 시장·가정'!G16+'① 시장·가정'!C26*'① 시장·가정'!G17) -> 1042.0395 | G8: =G7*'① 시장·가정'!C22*('① 시장·가정'!G15+'① 시장·가정'!C26*'① 시장·가정'!G16+'① 시장·가정'!C26*'① 시장·가정'!G17)+(G6-G7)*0.375*'① 시장·가정'!C23*('① 시장·가정'!G15+'① 시장·가정'!C26*'① 시장·가정'!G16+'① 시장·가정'!C26*'① 시장·가정'!G17)+(G6-G7)*0.625*'① 시장·가정'!C24*('① 시장·가정'!G15+'① 시장·가정'!C26*'① 시장·가정'!G16+'① 시장·가정'!C26*'① 시장·가정'!G17) -> 1132.3898 | H8: =H7*'① 시장·가정'!C22*('① 시장·가정'!G15+'① 시장·가정'!C26*'① 시장·가정'!G16+'① 시장·가정'!C26*'① 시장·가정'!G17)+(H6-H7)*0.375*'① 시장·가정'!C23*('① 시장·가정'!G15+'① 시장·가정'!C26*'① 시장·가정'!G16+'① 시장·가정'!C26*'① 시장·가정'!G17)+(H6-H7)*0.625*'① 시장·가정'!C24*('① 시장·가정'!G15+'① 시장·가정'!C26*'① 시장·가정'!G16+'① 시장·가정'!C26*'① 시장·가정'!G17) -> 1222.7401 | I8: =I7*'① 시장·가정'!C22*('① 시장·가정'!G15+'① 시장·가정'!C26*'① 시장·가정'!G16+'① 시장·가정'!C26*'① 시장·가정'!G17)+(I6-I7)*0.375*'① 시장·가정'!C23*('① 시장·가정'!G15+'① 시장·가정'!C26*'① 시장·가정'!G16+'① 시장·가정'!C26*'① 시장·가정'!G17)+(I6-I7)*0.625*'① 시장·가정'!C24*('① 시장·가정'!G15+'① 시장·가정'!C26*'① 시장·가정'!G16+'① 시장·가정'!C26*'① 시장·가정'!G17) -> 1653.4096 | J8: =J7*'① 시장·가정'!C22*('① 시장·가정'!G15+'① 시장·가정'!C26*'① 시장·가정'!G16+'① 시장·가정'!C26*'① 시장·가정'!G17)+(J6-J7)*0.375*'① 시장·가정'!C23*('① 시장·가정'!G15+'① 시장·가정'!C26*'① 시장·가정'!G16+'① 시장·가정'!C26*'① 시장·가정'!G17)+(J6-J7)*0.625*'① 시장·가정'!C24*('① 시장·가정'!G15+'① 시장·가정'!C26*'① 시장·가정'!G16+'① 시장·가정'!C26*'① 시장·가정'!G17) -> 1743.7598 | K8: =K7*'① 시장·가정'!C22*('① 시장·가정'!G15+'① 시장·가정'!C26*'① 시장·가정'!G16+'① 시장·가정'!C26*'① 시장·가정'!G17)+(K6-K7)*0.375*'① 시장·가정'!C23*('① 시장·가정'!G15+'① 시장·가정'!C26*'① 시장·가정'!G16+'① 시장·가정'!C26*'① 시장·가정'!G17)+(K6-K7)*0.625*'① 시장·가정'!C24*('① 시장·가정'!G15+'① 시장·가정'!C26*'① 시장·가정'!G16+'① 시장·가정'!C26*'① 시장·가정'!G17) -> 2174.4293 | L8: =L7*'① 시장·가정'!C22*('① 시장·가정'!G15+'① 시장·가정'!C26*'① 시장·가정'!G16+'① 시장·가정'!C26*'① 시장·가정'!G17)+(L6-L7)*0.375*'① 시장·가정'!C23*('① 시장·가정'!G15+'① 시장·가정'!C26*'① 시장·가정'!G16+'① 시장·가정'!C26*'① 시장·가정'!G17)+(L6-L7)*0.625*'① 시장·가정'!C24*('① 시장·가정'!G15+'① 시장·가정'!C26*'① 시장·가정'!G16+'① 시장·가정'!C26*'① 시장·가정'!G17) -> 2264.7796 | M8: =M7*'① 시장·가정'!C22*('① 시장·가정'!G15+'① 시장·가정'!C26*'① 시장·가정'!G16+'① 시장·가정'!C26*'① 시장·가정'!G17)+(M6-M7)*0.375*'① 시장·가정'!C23*('① 시장·가정'!G15+'① 시장·가정'!C26*'① 시장·가정'!G16+'① 시장·가정'!C26*'① 시장·가정'!G17)+(M6-M7)*0.625*'① 시장·가정'!C24*('① 시장·가정'!G15+'① 시장·가정'!C26*'① 시장·가정'!G16+'① 시장·가정'!C26*'① 시장·가정'!G17) -> 2355.1298 | N8: =N7*'① 시장·가정'!C22*('① 시장·가정'!G15+'① 시장·가정'!C26*'① 시장·가정'!G16+'① 시장·가정'!C26*'① 시장·가정'!G17)+(N6-N7)*0.375*'① 시장·가정'!C23*('① 시장·가정'!G15+'① 시장·가정'!C26*'① 시장·가정'!G16+'① 시장·가정'!C26*'① 시장·가정'!G17)+(N6-N7)*0.625*'① 시장·가정'!C24*('① 시장·가정'!G15+'① 시장·가정'!C26*'① 시장·가정'!G16+'① 시장·가정'!C26*'① 시장·가정'!G17) -> 2785.7994 | O8: =SUM(C8:N8) -> 17597.217
B9: 💰 월 오너 총수익 (₩) | C9: =C8*'① 시장·가정'!C27 -> 126490.35 | D9: =D8*'① 시장·가정'!C27 -> 729427.69 | E9: =E8*'① 시장·가정'!C27 -> 855918.04 | F9: =F8*'① 시장·가정'!C27 -> 1458855.4 | G9: =G8*'① 시장·가정'!C27 -> 1585345.7 | H9: =H8*'① 시장·가정'!C27 -> 1711836.1 | I9: =I8*'① 시장·가정'!C27 -> 2314773.4 | J9: =J8*'① 시장·가정'!C27 -> 2441263.8 | K9: =K8*'① 시장·가정'!C27 -> 3044201.1 | L9: =L8*'① 시장·가정'!C27 -> 3170691.4 | M9: =M8*'① 시장·가정'!C27 -> 3297181.8 | N9: =N8*'① 시장·가정'!C27 -> 3900119.1 | O9: =N8*'① 시장·가정'!C27 -> 3900119.1
B10: 📊 누적 수익 (₩) | C10: =C9 -> 126490.35 | D10: =C10+D9 -> 855918.04 | E10: =D10+E9 -> 1711836.1 | F10: =E10+F9 -> 3170691.4 | G10: =F10+G9 -> 4756037.2 | H10: =G10+H9 -> 6467873.2 | I10: =H10+I9 -> 8782646.6 | J10: =I10+J9 -> 11223910 | K10: =J10+K9 -> 14268111 | ... N10: =M10+N9 -> 24636104 | O10: =N10 -> 24636104
B12: 🚀 기본 — 월 +5명 추가 | D+1개월 시작
B13: 항목 | C13: 1월 | D13: 2월 | E13: 3월 | F13: 4월 | G13: 5월 | H13: 6월 | I13: 7월 | J13: 8월 | K13: 9월 | L13: 10월 | M13: 11월 | N13: 12월 | O13: 연간 합계
B14: 전체 파트너 수 (명) | C14: 5 | D14: 10 | E14: 15 | F14: 20 | G14: 25 | H14: 30 | I14: 35 | J14: 40 | K14: 45 | L14: 50 | M14: 55 | N14: 60 | O14: =N14 -> 60
B15: ↑ 상위 파트너 수 (20%, 명) | C15: =ROUND(C14*'① 시장·가정'!C21,0) -> 1 | D15: =ROUND(D14*'① 시장·가정'!C21,0) -> 2 | E15: =ROUND(E14*'① 시장·가정'!C21,0) -> 3 | F15: =ROUND(F14*'① 시장·가정'!C21,0) -> 4 | G15: =ROUND(G14*'① 시장·가정'!C21,0) -> 5 | H15: =ROUND(H14*'① 시장·가정'!C21,0) -> 6 | I15: =ROUND(I14*'① 시장·가정'!C21,0) -> 7 | J15: =ROUND(J14*'① 시장·가정'!C21,0) -> 8 | K15: =ROUND(K14*'① 시장·가정'!C21,0) -> 9 | L15: =ROUND(L14*'① 시장·가정'!C21,0) -> 10 | M15: =ROUND(M14*'① 시장·가정'!C21,0) -> 11 | N15: =ROUND(N14*'① 시장·가정'!C21,0) -> 12 | O15: =ROUND(N14*'① 시장·가정'!C21,0) -> 12
B16: 월 오너 총수익 ($) | C16: =C15*'① 시장·가정'!C22*('① 시장·가정'!G15+'① 시장·가정'!C26*'① 시장·가정'!G16+'① 시장·가정'!C26*'① 시장·가정'!G17)+(C14-C15)*0.375*'① 시장·가정'!C23*('① 시장·가정'!G15+'① 시장·가정'!C26*'① 시장·가정'!G16+'① 시장·가정'!C26*'① 시장·가정'!G17)+(C14-C15)*0.625*'① 시장·가정'!C24*('① 시장·가정'!G15+'① 시장·가정'!C26*'① 시장·가정'!G16+'① 시장·가정'!C26*'① 시장·가정'!G17) -> 566.1949 | D16: =D15*'① 시장·가정'!C22*('① 시장·가정'!G15+'① 시장·가정'!C26*'① 시장·가정'!G16+'① 시장·가정'!C26*'① 시장·가정'!G17)+(D14-D15)*0.375*'① 시장·가정'!C23*('① 시장·가정'!G15+'① 시장·가정'!C26*'① 시장·가정'!G16+'① 시장·가정'!C26*'① 시장·가정'!G17)+(D14-D15)*0.625*'① 시장·가정'!C24*('① 시장·가정'!G15+'① 시장·가정'!C26*'① 시장·가정'!G16+'① 시장·가정'!C26*'① 시장·가정'!G17) -> 1132.3898 | E16: =E15*'① 시장·가정'!C22*('① 시장·가정'!G15+'① 시장·가정'!C26*'① 시장·가정'!G16+'① 시장·가정'!C26*'① 시장·가정'!G17)+(E14-E15)*0.375*'① 시장·가정'!C23*('① 시장·가정'!G15+'① 시장·가정'!C26*'① 시장·가정'!G16+'① 시장·가정'!C26*'① 시장·가정'!G17)+(E14-E15)*0.625*'① 시장·가정'!C24*('① 시장·가정'!G15+'① 시장·가정'!C26*'① 시장·가정'!G16+'① 시장·가정'!C26*'① 시장·가정'!G17) -> 1698.5847 | F16: =F15*'① 시장·가정'!C22*('① 시장·가정'!G15+'① 시장·가정'!C26*'① 시장·가정'!G16+'① 시장·가정'!C26*'① 시장·가정'!G17)+(F14-F15)*0.375*'① 시장·가정'!C23*('① 시장·가정'!G15+'① 시장·가정'!C26*'① 시장·가정'!G16+'① 시장·가정'!C26*'① 시장·가정'!G17)+(F14-F15)*0.625*'① 시장·가정'!C24*('① 시장·가정'!G15+'① 시장·가정'!C26*'① 시장·가정'!G16+'① 시장·가정'!C26*'① 시장·가정'!G17) -> 2264.7796 | G16: =G15*'① 시장·가정'!C22*('① 시장·가정'!G15+'① 시장·가정'!C26*'① 시장·가정'!G16+'① 시장·가정'!C26*'① 시장·가정'!G17)+(G14-G15)*0.375*'① 시장·가정'!C23*('① 시장·가정'!G15+'① 시장·가정'!C26*'① 시장·가정'!G16+'① 시장·가정'!C26*'① 시장·가정'!G17)+(G14-G15)*0.625*'① 시장·가정'!C24*('① 시장·가정'!G15+'① 시장·가정'!C26*'① 시장·가정'!G16+'① 시장·가정'!C26*'① 시장·가정'!G17) -> 2830.9745 | H16: =H15*'① 시장·가정'!C22*('① 시장·가정'!G15+'① 시장·가정'!C26*'① 시장·가정'!G16+'① 시장·가정'!C26*'① 시장·가정'!G17)+(H14-H15)*0.375*'① 시장·가정'!C23*('① 시장·가정'!G15+'① 시장·가정'!C26*'① 시장·가정'!G16+'① 시장·가정'!C26*'① 시장·가정'!G17)+(H14-H15)*0.625*'① 시장·가정'!C24*('① 시장·가정'!G15+'① 시장·가정'!C26*'① 시장·가정'!G16+'① 시장·가정'!C26*'① 시장·가정'!G17) -> 3397.1694 | I16: =I15*'① 시장·가정'!C22*('① 시장·가정'!G15+'① 시장·가정'!C26*'① 시장·가정'!G16+'① 시장·가정'!C26*'① 시장·가정'!G17)+(I14-I15)*0.375*'① 시장·가정'!C23*('① 시장·가정'!G15+'① 시장·가정'!C26*'① 시장·가정'!G16+'① 시장·가정'!C26*'① 시장·가정'!G17)+(I14-I15)*0.625*'① 시장·가정'!C24*('① 시장·가정'!G15+'① 시장·가정'!C26*'① 시장·가정'!G16+'① 시장·가정'!C26*'① 시장·가정'!G17) -> 3963.3643 | J16: =J15*'① 시장·가정'!C22*('① 시장·가정'!G15+'① 시장·가정'!C26*'① 시장·가정'!G16+'① 시장·가정'!C26*'① 시장·가정'!G17)+(J14-J15)*0.375*'① 시장·가정'!C23*('① 시장·가정'!G15+'① 시장·가정'!C26*'① 시장·가정'!G16+'① 시장·가정'!C26*'① 시장·가정'!G17)+(J14-J15)*0.625*'① 시장·가정'!C24*('① 시장·가정'!G15+'① 시장·가정'!C26*'① 시장·가정'!G16+'① 시장·가정'!C26*'① 시장·가정'!G17) -> 4529.5592 | K16: =K15*'① 시장·가정'!C22*('① 시장·가정'!G15+'① 시장·가정'!C26*'① 시장·가정'!G16+'① 시장·가정'!C26*'① 시장·가정'!G17)+(K14-K15)*0.375*'① 시장·가정'!C23*('① 시장·가정'!G15+'① 시장·가정'!C26*'① 시장·가정'!G16+'① 시장·가정'!C26*'① 시장·가정'!G17)+(K14-K15)*0.625*'① 시장·가정'!C24*('① 시장·가정'!G15+'① 시장·가정'!C26*'① 시장·가정'!G16+'① 시장·가정'!C26*'① 시장·가정'!G17) -> 5095.7541 | L16: =L15*'① 시장·가정'!C22*('① 시장·가정'!G15+'① 시장·가정'!C26*'① 시장·가정'!G16+'① 시장·가정'!C26*'① 시장·가정'!G17)+(L14-L15)*0.375*'① 시장·가정'!C23*('① 시장·가정'!G15+'① 시장·가정'!C26*'① 시장·가정'!G16+'① 시장·가정'!C26*'① 시장·가정'!G17)+(L14-L15)*0.625*'① 시장·가정'!C24*('① 시장·가정'!G15+'① 시장·가정'!C26*'① 시장·가정'!G16+'① 시장·가정'!C26*'① 시장·가정'!G17) -> 5661.949 | M16: =M15*'① 시장·가정'!C22*('① 시장·가정'!G15+'① 시장·가정'!C26*'① 시장·가정'!G16+'① 시장·가정'!C26*'① 시장·가정'!G17)+(M14-M15)*0.375*'① 시장·가정'!C23*('① 시장·가정'!G15+'① 시장·가정'!C26*'① 시장·가정'!G16+'① 시장·가정'!C26*'① 시장·가정'!G17)+(M14-M15)*0.625*'① 시장·가정'!C24*('① 시장·가정'!G15+'① 시장·가정'!C26*'① 시장·가정'!G16+'① 시장·가정'!C26*'① 시장·가정'!G17) -> 6228.1439 | N16: =N15*'① 시장·가정'!C22*('① 시장·가정'!G15+'① 시장·가정'!C26*'① 시장·가정'!G16+'① 시장·가정'!C26*'① 시장·가정'!G17)+(N14-N15)*0.375*'① 시장·가정'!C23*('① 시장·가정'!G15+'① 시장·가정'!C26*'① 시장·가정'!G16+'① 시장·가정'!C26*'① 시장·가정'!G17)+(N14-N15)*0.625*'① 시장·가정'!C24*('① 시장·가정'!G15+'① 시장·가정'!C26*'① 시장·가정'!G16+'① 시장·가정'!C26*'① 시장·가정'!G17) -> 6794.3388 | O16: =SUM(C16:N16) -> 44163.202
B17: 💰 월 오너 총수익 (₩) | C17: =C16*'① 시장·가정'!C27 -> 792672.86 | D17: =D16*'① 시장·가정'!C27 -> 1585345.7 | E17: =E16*'① 시장·가정'!C27 -> 2378018.6 | F17: =F16*'① 시장·가정'!C27 -> 3170691.4 | G17: =G16*'① 시장·가정'!C27 -> 3963364.3 | H17: =H16*'① 시장·가정'!C27 -> 4756037.2 | I17: =I16*'① 시장·가정'!C27 -> 5548710 | J17: =J16*'① 시장·가정'!C27 -> 6341382.9 | K17: =K16*'① 시장·가정'!C27 -> 7134055.7 | L17: =L16*'① 시장·가정'!C27 -> 7926728.6 | M17: =M16*'① 시장·가정'!C27 -> 8719401.5 | N17: =N16*'① 시장·가정'!C27 -> 9512074.3 | O17: =N16*'① 시장·가정'!C27 -> 9512074.3
B18: 📊 누적 수익 (₩) | C18: =C17 -> 792672.86 | D18: =C18+D17 -> 2378018.6 | E18: =D18+E17 -> 4756037.2 | F18: =E18+F17 -> 7926728.6 | G18: =F18+G17 -> 11890093 | H18: =G18+H17 -> 16646130 | I18: =H18+I17 -> 22194840 | J18: =I18+J17 -> 28536223 | K18: =J18+K17 -> 35670279 | ... N18: =M18+N17 -> 61828483 | O18: =N18 -> 61828483
B20: 💥 공격적 — 월 +10명 추가 | D+1개월 시작
B21: 항목 | C21: 1월 | D21: 2월 | E21: 3월 | F21: 4월 | G21: 5월 | H21: 6월 | I21: 7월 | J21: 8월 | K21: 9월 | L21: 10월 | M21: 11월 | N21: 12월 | O21: 연간 합계
B22: 전체 파트너 수 (명) | C22: 10 | D22: 20 | E22: 30 | F22: 40 | G22: 50 | H22: 60 | I22: 70 | J22: 80 | K22: 90 | L22: 100 | M22: 110 | N22: 120 | O22: =N22 -> 120
B23: ↑ 상위 파트너 수 (20%, 명) | C23: =ROUND(C22*'① 시장·가정'!C21,0) -> 2 | D23: =ROUND(D22*'① 시장·가정'!C21,0) -> 4 | E23: =ROUND(E22*'① 시장·가정'!C21,0) -> 6 | F23: =ROUND(F22*'① 시장·가정'!C21,0) -> 8 | G23: =ROUND(G22*'① 시장·가정'!C21,0) -> 10 | H23: =ROUND(H22*'① 시장·가정'!C21,0) -> 12 | I23: =ROUND(I22*'① 시장·가정'!C21,0) -> 14 | J23: =ROUND(J22*'① 시장·가정'!C21,0) -> 16 | K23: =ROUND(K22*'① 시장·가정'!C21,0) -> 18 | L23: =ROUND(L22*'① 시장·가정'!C21,0) -> 20 | M23: =ROUND(M22*'① 시장·가정'!C21,0) -> 22 | N23: =ROUND(N22*'① 시장·가정'!C21,0) -> 24 | O23: =ROUND(N22*'① 시장·가정'!C21,0) -> 24
B24: 월 오너 총수익 ($) | C24: =C23*'① 시장·가정'!C22*('① 시장·가정'!G15+'① 시장·가정'!C26*'① 시장·가정'!G16+'① 시장·가정'!C26*'① 시장·가정'!G17)+(C22-C23)*0.375*'① 시장·가정'!C23*('① 시장·가정'!G15+'① 시장·가정'!C26*'① 시장·가정'!G16+'① 시장·가정'!C26*'① 시장·가정'!G17)+(C22-C23)*0.625*'① 시장·가정'!C24*('① 시장·가정'!G15+'① 시장·가정'!C26*'① 시장·가정'!G16+'① 시장·가정'!C26*'① 시장·가정'!G17) -> 1132.3898 | D24: =D23*'① 시장·가정'!C22*('① 시장·가정'!G15+'① 시장·가정'!C26*'① 시장·가정'!G16+'① 시장·가정'!C26*'① 시장·가정'!G17)+(D22-D23)*0.375*'① 시장·가정'!C23*('① 시장·가정'!G15+'① 시장·가정'!C26*'① 시장·가정'!G16+'① 시장·가정'!C26*'① 시장·가정'!G17)+(D22-D23)*0.625*'① 시장·가정'!C24*('① 시장·가정'!G15+'① 시장·가정'!C26*'① 시장·가정'!G16+'① 시장·가정'!C26*'① 시장·가정'!G17) -> 2264.7796 | E24: =E23*'① 시장·가정'!C22*('① 시장·가정'!G15+'① 시장·가정'!C26*'① 시장·가정'!G16+'① 시장·가정'!C26*'① 시장·가정'!G17)+(E22-E23)*0.375*'① 시장·가정'!C23*('① 시장·가정'!G15+'① 시장·가정'!C26*'① 시장·가정'!G16+'① 시장·가정'!C26*'① 시장·가정'!G17)+(E22-E23)*0.625*'① 시장·가정'!C24*('① 시장·가정'!G15+'① 시장·가정'!C26*'① 시장·가정'!G16+'① 시장·가정'!C26*'① 시장·가정'!G17) -> 3397.1694 | F24: =F23*'① 시장·가정'!C22*('① 시장·가정'!G15+'① 시장·가정'!C26*'① 시장·가정'!G16+'① 시장·가정'!C26*'① 시장·가정'!G17)+(F22-F23)*0.375*'① 시장·가정'!C23*('① 시장·가정'!G15+'① 시장·가정'!C26*'① 시장·가정'!G16+'① 시장·가정'!C26*'① 시장·가정'!G17)+(F22-F23)*0.625*'① 시장·가정'!C24*('① 시장·가정'!G15+'① 시장·가정'!C26*'① 시장·가정'!G16+'① 시장·가정'!C26*'① 시장·가정'!G17) -> 4529.5592 | G24: =G23*'① 시장·가정'!C22*('① 시장·가정'!G15+'① 시장·가정'!C26*'① 시장·가정'!G16+'① 시장·가정'!C26*'① 시장·가정'!G17)+(G22-G23)*0.375*'① 시장·가정'!C23*('① 시장·가정'!G15+'① 시장·가정'!C26*'① 시장·가정'!G16+'① 시장·가정'!C26*'① 시장·가정'!G17)+(G22-G23)*0.625*'① 시장·가정'!C24*('① 시장·가정'!G15+'① 시장·가정'!C26*'① 시장·가정'!G16+'① 시장·가정'!C26*'① 시장·가정'!G17) -> 5661.949 | H24: =H23*'① 시장·가정'!C22*('① 시장·가정'!G15+'① 시장·가정'!C26*'① 시장·가정'!G16+'① 시장·가정'!C26*'① 시장·가정'!G17)+(H22-H23)*0.375*'① 시장·가정'!C23*('① 시장·가정'!G15+'① 시장·가정'!C26*'① 시장·가정'!G16+'① 시장·가정'!C26*'① 시장·가정'!G17)+(H22-H23)*0.625*'① 시장·가정'!C24*('① 시장·가정'!G15+'① 시장·가정'!C26*'① 시장·가정'!G16+'① 시장·가정'!C26*'① 시장·가정'!G17) -> 6794.3388 | I24: =I23*'① 시장·가정'!C22*('① 시장·가정'!G15+'① 시장·가정'!C26*'① 시장·가정'!G16+'① 시장·가정'!C26*'① 시장·가정'!G17)+(I22-I23)*0.375*'① 시장·가정'!C23*('① 시장·가정'!G15+'① 시장·가정'!C26*'① 시장·가정'!G16+'① 시장·가정'!C26*'① 시장·가정'!G17)+(I22-I23)*0.625*'① 시장·가정'!C24*('① 시장·가정'!G15+'① 시장·가정'!C26*'① 시장·가정'!G16+'① 시장·가정'!C26*'① 시장·가정'!G17) -> 7926.7286 | J24: =J23*'① 시장·가정'!C22*('① 시장·가정'!G15+'① 시장·가정'!C26*'① 시장·가정'!G16+'① 시장·가정'!C26*'① 시장·가정'!G17)+(J22-J23)*0.375*'① 시장·가정'!C23*('① 시장·가정'!G15+'① 시장·가정'!C26*'① 시장·가정'!G16+'① 시장·가정'!C26*'① 시장·가정'!G17)+(J22-J23)*0.625*'① 시장·가정'!C24*('① 시장·가정'!G15+'① 시장·가정'!C26*'① 시장·가정'!G16+'① 시장·가정'!C26*'① 시장·가정'!G17) -> 9059.1184 | K24: =K23*'① 시장·가정'!C22*('① 시장·가정'!G15+'① 시장·가정'!C26*'① 시장·가정'!G16+'① 시장·가정'!C26*'① 시장·가정'!G17)+(K22-K23)*0.375*'① 시장·가정'!C23*('① 시장·가정'!G15+'① 시장·가정'!C26*'① 시장·가정'!G16+'① 시장·가정'!C26*'① 시장·가정'!G17)+(K22-K23)*0.625*'① 시장·가정'!C24*('① 시장·가정'!G15+'① 시장·가정'!C26*'① 시장·가정'!G16+'① 시장·가정'!C26*'① 시장·가정'!G17) -> 10191.508 | L24: =L23*'① 시장·가정'!C22*('① 시장·가정'!G15+'① 시장·가정'!C26*'① 시장·가정'!G16+'① 시장·가정'!C26*'① 시장·가정'!G17)+(L22-L23)*0.375*'① 시장·가정'!C23*('① 시장·가정'!G15+'① 시장·가정'!C26*'① 시장·가정'!G16+'① 시장·가정'!C26*'① 시장·가정'!G17)+(L22-L23)*0.625*'① 시장·가정'!C24*('① 시장·가정'!G15+'① 시장·가정'!C26*'① 시장·가정'!G16+'① 시장·가정'!C26*'① 시장·가정'!G17) -> 11323.898 | M24: =M23*'① 시장·가정'!C22*('① 시장·가정'!G15+'① 시장·가정'!C26*'① 시장·가정'!G16+'① 시장·가정'!C26*'① 시장·가정'!G17)+(M22-M23)*0.375*'① 시장·가정'!C23*('① 시장·가정'!G15+'① 시장·가정'!C26*'① 시장·가정'!G16+'① 시장·가정'!C26*'① 시장·가정'!G17)+(M22-M23)*0.625*'① 시장·가정'!C24*('① 시장·가정'!G15+'① 시장·가정'!C26*'① 시장·가정'!G16+'① 시장·가정'!C26*'① 시장·가정'!G17) -> 12456.288 | N24: =N23*'① 시장·가정'!C22*('① 시장·가정'!G15+'① 시장·가정'!C26*'① 시장·가정'!G16+'① 시장·가정'!C26*'① 시장·가정'!G17)+(N22-N23)*0.375*'① 시장·가정'!C23*('① 시장·가정'!G15+'① 시장·가정'!C26*'① 시장·가정'!G16+'① 시장·가정'!C26*'① 시장·가정'!G17)+(N22-N23)*0.625*'① 시장·가정'!C24*('① 시장·가정'!G15+'① 시장·가정'!C26*'① 시장·가정'!G16+'① 시장·가정'!C26*'① 시장·가정'!G17) -> 13588.678 | O24: =SUM(C24:N24) -> 88326.404
B25: 💰 월 오너 총수익 (₩) | C25: =C24*'① 시장·가정'!C27 -> 1585345.7 | D25: =D24*'① 시장·가정'!C27 -> 3170691.4 | E25: =E24*'① 시장·가정'!C27 -> 4756037.2 | F25: =F24*'① 시장·가정'!C27 -> 6341382.9 | G25: =G24*'① 시장·가정'!C27 -> 7926728.6 | H25: =H24*'① 시장·가정'!C27 -> 9512074.3 | I25: =I24*'① 시장·가정'!C27 -> 11097420 | J25: =J24*'① 시장·가정'!C27 -> 12682766 | K25: =K24*'① 시장·가정'!C27 -> 14268111 | L25: =L24*'① 시장·가정'!C27 -> 15853457 | M25: =M24*'① 시장·가정'!C27 -> 17438803 | N25: =N24*'① 시장·가정'!C27 -> 19024149 | O25: =N24*'① 시장·가정'!C27 -> 19024149
B26: 📊 누적 수익 (₩) | C26: =C25 -> 1585345.7 | D26: =C26+D25 -> 4756037.2 | E26: =D26+E25 -> 9512074.3 | F26: =E26+F25 -> 15853457 | G26: =F26+G25 -> 23780186 | H26: =G26+H25 -> 33292260 | I26: =H26+I25 -> 44389680 | J26: =I26+J25 -> 57072446 | K26: =J26+K25 -> 71340557 | ... N26: =M26+N25 -> 1.2365697e+08 | O26: =N26 -> 1.2365697e+08
B28: 🌋 폭발적 — 월 +20명 추가 | D+1개월 시작
B29: 항목 | C29: 1월 | D29: 2월 | E29: 3월 | F29: 4월 | G29: 5월 | H29: 6월 | I29: 7월 | J29: 8월 | K29: 9월 | L29: 10월 | M29: 11월 | N29: 12월 | O29: 연간 합계
B30: 전체 파트너 수 (명) | C30: 20 | D30: 40 | E30: 60 | F30: 80 | G30: 100 | H30: 120 | I30: 140 | J30: 160 | K30: 180 | L30: 200 | M30: 220 | N30: 240 | O30: =N30 -> 240
B31: ↑ 상위 파트너 수 (20%, 명) | C31: =ROUND(C30*'① 시장·가정'!C21,0) -> 4 | D31: =ROUND(D30*'① 시장·가정'!C21,0) -> 8 | E31: =ROUND(E30*'① 시장·가정'!C21,0) -> 12 | F31: =ROUND(F30*'① 시장·가정'!C21,0) -> 16 | G31: =ROUND(G30*'① 시장·가정'!C21,0) -> 20 | H31: =ROUND(H30*'① 시장·가정'!C21,0) -> 24 | I31: =ROUND(I30*'① 시장·가정'!C21,0) -> 28 | J31: =ROUND(J30*'① 시장·가정'!C21,0) -> 32 | K31: =ROUND(K30*'① 시장·가정'!C21,0) -> 36 | L31: =ROUND(L30*'① 시장·가정'!C21,0) -> 40 | M31: =ROUND(M30*'① 시장·가정'!C21,0) -> 44 | N31: =ROUND(N30*'① 시장·가정'!C21,0) -> 48 | O31: =ROUND(N30*'① 시장·가정'!C21,0) -> 48
B32: 월 오너 총수익 ($) | C32: =C31*'① 시장·가정'!C22*('① 시장·가정'!G15+'① 시장·가정'!C26*'① 시장·가정'!G16+'① 시장·가정'!C26*'① 시장·가정'!G17)+(C30-C31)*0.375*'① 시장·가정'!C23*('① 시장·가정'!G15+'① 시장·가정'!C26*'① 시장·가정'!G16+'① 시장·가정'!C26*'① 시장·가정'!G17)+(C30-C31)*0.625*'① 시장·가정'!C24*('① 시장·가정'!G15+'① 시장·가정'!C26*'① 시장·가정'!G16+'① 시장·가정'!C26*'① 시장·가정'!G17) -> 2264.7796 | D32: =D31*'① 시장·가정'!C22*('① 시장·가정'!G15+'① 시장·가정'!C26*'① 시장·가정'!G16+'① 시장·가정'!C26*'① 시장·가정'!G17)+(D30-D31)*0.375*'① 시장·가정'!C23*('① 시장·가정'!G15+'① 시장·가정'!C26*'① 시장·가정'!G16+'① 시장·가정'!C26*'① 시장·가정'!G17)+(D30-D31)*0.625*'① 시장·가정'!C24*('① 시장·가정'!G15+'① 시장·가정'!C26*'① 시장·가정'!G16+'① 시장·가정'!C26*'① 시장·가정'!G17) -> 4529.5592 | E32: =E31*'① 시장·가정'!C22*('① 시장·가정'!G15+'① 시장·가정'!C26*'① 시장·가정'!G16+'① 시장·가정'!C26*'① 시장·가정'!G17)+(E30-E31)*0.375*'① 시장·가정'!C23*('① 시장·가정'!G15+'① 시장·가정'!C26*'① 시장·가정'!G16+'① 시장·가정'!C26*'① 시장·가정'!G17)+(E30-E31)*0.625*'① 시장·가정'!C24*('① 시장·가정'!G15+'① 시장·가정'!C26*'① 시장·가정'!G16+'① 시장·가정'!C26*'① 시장·가정'!G17) -> 6794.3388 | F32: =F31*'① 시장·가정'!C22*('① 시장·가정'!G15+'① 시장·가정'!C26*'① 시장·가정'!G16+'① 시장·가정'!C26*'① 시장·가정'!G17)+(F30-F31)*0.375*'① 시장·가정'!C23*('① 시장·가정'!G15+'① 시장·가정'!C26*'① 시장·가정'!G16+'① 시장·가정'!C26*'① 시장·가정'!G17)+(F30-F31)*0.625*'① 시장·가정'!C24*('① 시장·가정'!G15+'① 시장·가정'!C26*'① 시장·가정'!G16+'① 시장·가정'!C26*'① 시장·가정'!G17) -> 9059.1184 | G32: =G31*'① 시장·가정'!C22*('① 시장·가정'!G15+'① 시장·가정'!C26*'① 시장·가정'!G16+'① 시장·가정'!C26*'① 시장·가정'!G17)+(G30-G31)*0.375*'① 시장·가정'!C23*('① 시장·가정'!G15+'① 시장·가정'!C26*'① 시장·가정'!G16+'① 시장·가정'!C26*'① 시장·가정'!G17)+(G30-G31)*0.625*'① 시장·가정'!C24*('① 시장·가정'!G15+'① 시장·가정'!C26*'① 시장·가정'!G16+'① 시장·가정'!C26*'① 시장·가정'!G17) -> 11323.898 | H32: =H31*'① 시장·가정'!C22*('① 시장·가정'!G15+'① 시장·가정'!C26*'① 시장·가정'!G16+'① 시장·가정'!C26*'① 시장·가정'!G17)+(H30-H31)*0.375*'① 시장·가정'!C23*('① 시장·가정'!G15+'① 시장·가정'!C26*'① 시장·가정'!G16+'① 시장·가정'!C26*'① 시장·가정'!G17)+(H30-H31)*0.625*'① 시장·가정'!C24*('① 시장·가정'!G15+'① 시장·가정'!C26*'① 시장·가정'!G16+'① 시장·가정'!C26*'① 시장·가정'!G17) -> 13588.678 | I32: =I31*'① 시장·가정'!C22*('① 시장·가정'!G15+'① 시장·가정'!C26*'① 시장·가정'!G16+'① 시장·가정'!C26*'① 시장·가정'!G17)+(I30-I31)*0.375*'① 시장·가정'!C23*('① 시장·가정'!G15+'① 시장·가정'!C26*'① 시장·가정'!G16+'① 시장·가정'!C26*'① 시장·가정'!G17)+(I30-I31)*0.625*'① 시장·가정'!C24*('① 시장·가정'!G15+'① 시장·가정'!C26*'① 시장·가정'!G16+'① 시장·가정'!C26*'① 시장·가정'!G17) -> 15853.457 | J32: =J31*'① 시장·가정'!C22*('① 시장·가정'!G15+'① 시장·가정'!C26*'① 시장·가정'!G16+'① 시장·가정'!C26*'① 시장·가정'!G17)+(J30-J31)*0.375*'① 시장·가정'!C23*('① 시장·가정'!G15+'① 시장·가정'!C26*'① 시장·가정'!G16+'① 시장·가정'!C26*'① 시장·가정'!G17)+(J30-J31)*0.625*'① 시장·가정'!C24*('① 시장·가정'!G15+'① 시장·가정'!C26*'① 시장·가정'!G16+'① 시장·가정'!C26*'① 시장·가정'!G17) -> 18118.237 | K32: =K31*'① 시장·가정'!C22*('① 시장·가정'!G15+'① 시장·가정'!C26*'① 시장·가정'!G16+'① 시장·가정'!C26*'① 시장·가정'!G17)+(K30-K31)*0.375*'① 시장·가정'!C23*('① 시장·가정'!G15+'① 시장·가정'!C26*'① 시장·가정'!G16+'① 시장·가정'!C26*'① 시장·가정'!G17)+(K30-K31)*0.625*'① 시장·가정'!C24*('① 시장·가정'!G15+'① 시장·가정'!C26*'① 시장·가정'!G16+'① 시장·가정'!C26*'① 시장·가정'!G17) -> 20383.016 | L32: =L31*'① 시장·가정'!C22*('① 시장·가정'!G15+'① 시장·가정'!C26*'① 시장·가정'!G16+'① 시장·가정'!C26*'① 시장·가정'!G17)+(L30-L31)*0.375*'① 시장·가정'!C23*('① 시장·가정'!G15+'① 시장·가정'!C26*'① 시장·가정'!G16+'① 시장·가정'!C26*'① 시장·가정'!G17)+(L30-L31)*0.625*'① 시장·가정'!C24*('① 시장·가정'!G15+'① 시장·가정'!C26*'① 시장·가정'!G16+'① 시장·가정'!C26*'① 시장·가정'!G17) -> 22647.796 | M32: =M31*'① 시장·가정'!C22*('① 시장·가정'!G15+'① 시장·가정'!C26*'① 시장·가정'!G16+'① 시장·가정'!C26*'① 시장·가정'!G17)+(M30-M31)*0.375*'① 시장·가정'!C23*('① 시장·가정'!G15+'① 시장·가정'!C26*'① 시장·가정'!G16+'① 시장·가정'!C26*'① 시장·가정'!G17)+(M30-M31)*0.625*'① 시장·가정'!C24*('① 시장·가정'!G15+'① 시장·가정'!C26*'① 시장·가정'!G16+'① 시장·가정'!C26*'① 시장·가정'!G17) -> 24912.576 | N32: =N31*'① 시장·가정'!C22*('① 시장·가정'!G15+'① 시장·가정'!C26*'① 시장·가정'!G16+'① 시장·가정'!C26*'① 시장·가정'!G17)+(N30-N31)*0.375*'① 시장·가정'!C23*('① 시장·가정'!G15+'① 시장·가정'!C26*'① 시장·가정'!G16+'① 시장·가정'!C26*'① 시장·가정'!G17)+(N30-N31)*0.625*'① 시장·가정'!C24*('① 시장·가정'!G15+'① 시장·가정'!C26*'① 시장·가정'!G16+'① 시장·가정'!C26*'① 시장·가정'!G17) -> 27177.355 | O32: =SUM(C32:N32) -> 176652.81
B33: 💰 월 오너 총수익 (₩) | C33: =C32*'① 시장·가정'!C27 -> 3170691.4 | D33: =D32*'① 시장·가정'!C27 -> 6341382.9 | E33: =E32*'① 시장·가정'!C27 -> 9512074.3 | F33: =F32*'① 시장·가정'!C27 -> 12682766 | G33: =G32*'① 시장·가정'!C27 -> 15853457 | H33: =H32*'① 시장·가정'!C27 -> 19024149 | I33: =I32*'① 시장·가정'!C27 -> 22194840 | J33: =J32*'① 시장·가정'!C27 -> 25365532 | K33: =K32*'① 시장·가정'!C27 -> 28536223 | L33: =L32*'① 시장·가정'!C27 -> 31706914 | M33: =M32*'① 시장·가정'!C27 -> 34877606 | N33: =N32*'① 시장·가정'!C27 -> 38048297 | O33: =N32*'① 시장·가정'!C27 -> 38048297
B34: 📊 누적 수익 (₩) | C34: =C33 -> 3170691.4 | D34: =C34+D33 -> 9512074.3 | E34: =D34+E33 -> 19024149 | F34: =E34+F33 -> 31706914 | G34: =F34+G33 -> 47560372 | H34: =G34+H33 -> 66584520 | I34: =H34+I33 -> 88779360 | J34: =I34+J33 -> 1.1414489e+08 | K34: =J34+K33 -> 1.4268111e+08 | ... N34: =M34+N33 -> 2.4731393e+08 | O34: =N34 -> 2.4731393e+08

Sheet ④ 연간 요약
B1: 🏆 연간 수익 요약 대시보드 — 시나리오별 비교
B2: 5개 시장(스페인어 4 + 포르투갈어 1) | 파레토 파트너 100명 | D+1개월 시작
B4: 📊 시나리오별 12개월 수익 비교
B5: 시나리오 | C5: 월 추가 파트너 | D5: 12개월 파트너 수 | E5: 1개월차 수익(₩) | F5: 6개월차 수익(₩) | G5: 12개월차 수익(₩) | H5: 연간 누적(₩) | I5: 월평균 수익(₩)
B6: 🐢 보수적 | C6: 2 | D6: ='③ 1년 성장 시뮬'!N6 -> 24 | E6: ='③ 1년 성장 시뮬'!C9 -> 126490.35 | F6: ='③ 1년 성장 시뮬'!H9 -> 1711836.1 | G6: ='③ 1년 성장 시뮬'!N9 -> 3900119.1 | H6: ='③ 1년 성장 시뮬'!N10 -> 24636104 | I6: =H6/12 -> 2053008.7
B7: 🚀 기본 | C7: 5 | D7: ='③ 1년 성장 시뮬'!N14 -> 60 | E7: ='③ 1년 성장 시뮬'!C17 -> 792672.86 | F7: ='③ 1년 성장 시뮬'!H17 -> 4756037.2 | G7: ='③ 1년 성장 시뮬'!N17 -> 9512074.3 | H7: ='③ 1년 성장 시뮬'!N18 -> 61828483 | I7: =H7/12 -> 5152373.6
B8: 💥 공격적 | C8: 10 | D8: ='③ 1년 성장 시뮬'!N22 -> 120 | E8: ='③ 1년 성장 시뮬'!C25 -> 1585345.7 | F8: ='③ 1년 성장 시뮬'!H25 -> 9512074.3 | G8: ='③ 1년 성장 시뮬'!N25 -> 19024149 | H8: ='③ 1년 성장 시뮬'!N26 -> 1.2365697e+08 | I8: =H8/12 -> 10304747
B9: 🌋 폭발적 | C9: 20 | D9: ='③ 1년 성장 시뮬'!N30 -> 240 | E9: ='③ 1년 성장 시뮬'!C33 -> 3170691.4 | F9: ='③ 1년 성장 시뮬'!H33 -> 19024149 | G9: ='③ 1년 성장 시뮬'!N33 -> 38048297 | H9: ='③ 1년 성장 시뮬'!N34 -> 2.4731393e+08 | I9: =H9/12 -> 20609494
B11: 🌍 시장별 기여도 (기본 시나리오 기준)
B12: 시장 | C12: 언어 | D12: 파트너 배분(명) | E12: 월수익 기여($) | F12: 월수익 기여(₩) | G12: 전체 비중(%)
B13: 🏳️ 멕시코 | C13: 스페인어 | D13: ='② 시장별 수익 분해'!E15 -> 871.62978 | E13: ='② 시장별 수익 분해'!F15 -> 2900.8454 | F13: ='② 시장별 수익 분해'!G15 -> 4061183.5 | G13: ='② 시장별 수익 분해'!H15 -> 0.25617021
B14: 🏳️ 콜롬비아 | C14: 스페인어 | D14: ='② 시장별 수익 분해'!E16 -> 344.59782 | E14: ='② 시장별 수익 분해'!F16 -> 1146.8458 | F14: ='② 시장별 수익 분해'!G16 -> 1605584.2 | G14: ='② 시장별 수익 분해'!H16 -> 0.1012766
B15: 🏳️ 칠레 | C15: 스페인어 | D15: ='② 시장별 수익 분해'!E17 -> 153.47634 | E15: ='② 시장별 수익 분해'!F17 -> 510.78008 | F15: ='② 시장별 수익 분해'!G17 -> 715092.11 | G15: ='② 시장별 수익 분해'!H17 -> 0.045106383
B16: 🏳️ 미국 히스패닉 | C16: 스페인어 | D16: ='② 시장별 수익 분해'!E18 -> 489.38682 | E16: ='② 시장별 수익 분해'!F18 -> 1628.7138 | F16: ='② 시장별 수익 분해'!G18 -> 2280199.4 | G16: ='② 시장별 수익 분해'!H18 -> 0.14382979
B17: 🏳️ 브라질 | C17: 포르투갈어 | D17: ='② 시장별 수익 분해'!E19 -> 1543.4507 | E17: ='② 시장별 수익 분해'!F19 -> 5136.7129 | F17: ='② 시장별 수익 분해'!G19 -> 7191398 | G17: ='② 시장별 수익 분해'!H19 -> 0.45361702
B18: 전체 합계 | D18: =SUM(D13:D17) -> 3402.5415 | E18: =SUM(E13:E17) -> 11323.898 | F18: =SUM(F13:F17) -> 15853457 | G18: =SUM(G13:G17) -> 1
B20: 🎯 핵심 인사이트 • 멕시코 + 미국 히스패닉이 수익의 약 60%를 차지 (소득↑ + 인구↑ 균형). • 브라질(포르투갈어)은 인구 최대지만 디지털 구매율이 낮아 초기에는 스페인어권 집중 전략이 유리. • D+1개월 업로드 기준 → 12개월 후 기본 시나리오에서 연간 누적 수억 원대 도달 가능 (파트너 질 관리가 핵심).
