Workbook

Sheet ① 핵심 가정
A1: SHADOWGRAM · 수익 시뮬레이션 핵심 가정
A2: 파란 텍스트 = 입력값 변경 가능 | 검정 텍스트 = 자동 계산 | 노란 배경 = 주요 가정셀
A4: 📦 상품 가격 구조 (번들 단위 판매)
A5: 상품 | B5: 가격($) | C5: 번들 구성 | D5: 비고
A6: T1 + App A | B6: 6.9 | C6: T1 Basic + StormBreaker | D6: 진입 번들 (트립와이어)
A7: T2 + App B | B7: 13.9 | C7: T2 Deep + ClimateChanger | D7: 중간 업셀 번들
A8: T3 + App C | B8: 24.9 | C8: T3 Master + HarvestMoon | D8: 프리미엄 번들
A9: Ultimate Pack | B9: 27.9 | C9: 6종 완전판 (T1~T3+A~C) | D9: 앵커 상품
A12: 📊 트래픽 & 전환율 가정
A13: 항목 | B13: 값 | C13: 단위 | D13: 설명
A14: 검사 완료 → T1 구매율 | B14: 0.035 | C14: % | D14: 무료검사 완료자 중 3.5% 구매
A15: T1 구매자 → OTO 전환 | B15: 0.24 | C15: % | D15: T2+AppB 즉시 업셀 24%
A16: 이메일 → T3 번들 전환 | B16: 0.1 | C16: % | D16: 시퀀스 통한 T3+AppC 10%
A17: 이메일 → 얼티밋 전환 | B17: 0.05 | C17: % | D17: Day 9 얼티밋팩 5%
A18: 핫마트 수수료 | B18: 0.099 | C18: % | D18: 거래액의 9.9%
A19: 광고 → 검사완료 CPC | B19: 0.3 | C19: $ | D19: 광고비/검사완료자 당 $0.30
A23: 💰 고객당 평균 수익 (AOV) — 자동계산
A24: T1 구매 100명 기준
A25: T1+AppA 번들 수익 | B25: =100*B6 -> 690
A26: OTO 전환 수익 (T2+AppB) | B26: =100*B15*B7 -> 333.6
A27: 이메일 T3+AppC 전환 수익 | B27: =100*B16*B8 -> 249
A28: 이메일 Ultimate 전환 수익 | B28: =100*B17*B9 -> 139.5
A29: 소계 (핫마트 수수료 전) | B29: =B25+B26+B27+B28 -> 1412.1
A30: 핫마트 수수료 차감 | B30: =-B29*B18 -> -139.7979
A31: 순수익 (T1 100명 기준) | B31: =B29+B30 -> 1272.3021
A32: 실제 AOV (고객당 순수익) | B32: =B31/100 -> 12.723021
A35: * OTO = One-Time Offer (구매 직후 즉시 업셀)
A36: * 이메일 시퀀스 전환율은 Day 0~10 누적 기준

Sheet ② 월별 시뮬레이션
A1: SHADOWGRAM · 12개월 수익 시뮬레이션 (제휴 없이 직접 광고만)
A2: 가격·전환율 가정은 [① 핵심 가정] 시트에서 변경 → 이 시트 자동 반영
A4: 📅 월별 광고비 설정 (파란색 셀 직접 입력)
A5: 월 | B5: 광고비($) | C5: 검사완료자 | D5: T1 구매자 | E5: OTO 전환자 | F5: T3 전환자 | G5: Ultimate 전환자 | H5: 총 매출($) | I5: 핫마트 수수료 | J5: 순수익($)
A6: 1월 | B6: 200 | C6: =ROUND(B6/'① 핵심 가정'!B19,0) -> 667 | D6: =ROUND(C6*'① 핵심 가정'!B14,0) -> 23 | E6: =ROUND(D6*'① 핵심 가정'!B15,0) -> 6 | F6: =ROUND(D6*'① 핵심 가정'!B16,0) -> 2 | G6: =ROUND(D6*'① 핵심 가정'!B17,0) -> 1 | H6: =D6*'① 핵심 가정'!B6+E6*'① 핵심 가정'!B7+F6*'① 핵심 가정'!B8+G6*'① 핵심 가정'!B9 -> 319.8 | I6: =-H6*'① 핵심 가정'!B18 -> -31.6602 | J6: =H6+I6-B6 -> 88.1398
A7: 2월 | B7: 250 | C7: =ROUND(B7/'① 핵심 가정'!B19,0) -> 833 | D7: =ROUND(C7*'① 핵심 가정'!B14,0) -> 29 | E7: =ROUND(D7*'① 핵심 가정'!B15,0) -> 7 | F7: =ROUND(D7*'① 핵심 가정'!B16,0) -> 3 | G7: =ROUND(D7*'① 핵심 가정'!B17,0) -> 1 | H7: =D7*'① 핵심 가정'!B6+E7*'① 핵심 가정'!B7+F7*'① 핵심 가정'!B8+G7*'① 핵심 가정'!B9 -> 400 | I7: =-H7*'① 핵심 가정'!B18 -> -39.6 | J7: =H7+I7-B7 -> 110.4
A8: 3월 | B8: 300 | C8: =ROUND(B8/'① 핵심 가정'!B19,0) -> 1000 | D8: =ROUND(C8*'① 핵심 가정'!B14,0) -> 35 | E8: =ROUND(D8*'① 핵심 가정'!B15,0) -> 8 | F8: =ROUND(D8*'① 핵심 가정'!B16,0) -> 4 | G8: =ROUND(D8*'① 핵심 가정'!B17,0) -> 2 | H8: =D8*'① 핵심 가정'!B6+E8*'① 핵심 가정'!B7+F8*'① 핵심 가정'!B8+G8*'① 핵심 가정'!B9 -> 508.1 | I8: =-H8*'① 핵심 가정'!B18 -> -50.3019 | J8: =H8+I8-B8 -> 157.7981
A9: 4월 | B9: 400 | C9: =ROUND(B9/'① 핵심 가정'!B19,0) -> 1333 | D9: =ROUND(C9*'① 핵심 가정'!B14,0) -> 47 | E9: =ROUND(D9*'① 핵심 가정'!B15,0) -> 11 | F9: =ROUND(D9*'① 핵심 가정'!B16,0) -> 5 | G9: =ROUND(D9*'① 핵심 가정'!B17,0) -> 2 | H9: =D9*'① 핵심 가정'!B6+E9*'① 핵심 가정'!B7+F9*'① 핵심 가정'!B8+G9*'① 핵심 가정'!B9 -> 657.5 | I9: =-H9*'① 핵심 가정'!B18 -> -65.0925 | J9: =H9+I9-B9 -> 192.4075
A10: 5월 | B10: 500 | C10: =ROUND(B10/'① 핵심 가정'!B19,0) -> 1667 | D10: =ROUND(C10*'① 핵심 가정'!B14,0) -> 58 | E10: =ROUND(D10*'① 핵심 가정'!B15,0) -> 14 | F10: =ROUND(D10*'① 핵심 가정'!B16,0) -> 6 | G10: =ROUND(D10*'① 핵심 가정'!B17,0) -> 3 | H10: =D10*'① 핵심 가정'!B6+E10*'① 핵심 가정'!B7+F10*'① 핵심 가정'!B8+G10*'① 핵심 가정'!B9 -> 827.9 | I10: =-H10*'① 핵심 가정'!B18 -> -81.9621 | J10: =H10+I10-B10 -> 245.9379
A11: 6월 | B11: 600 | C11: =ROUND(B11/'① 핵심 가정'!B19,0) -> 2000 | D11: =ROUND(C11*'① 핵심 가정'!B14,0) -> 70 | E11: =ROUND(D11*'① 핵심 가정'!B15,0) -> 17 | F11: =ROUND(D11*'① 핵심 가정'!B16,0) -> 7 | G11: =ROUND(D11*'① 핵심 가정'!B17,0) -> 4 | H11: =D11*'① 핵심 가정'!B6+E11*'① 핵심 가정'!B7+F11*'① 핵심 가정'!B8+G11*'① 핵심 가정'!B9 -> 1005.2 | I11: =-H11*'① 핵심 가정'!B18 -> -99.5148 | J11: =H11+I11-B11 -> 305.6852
A12: 7월 | B12: 700 | C12: =ROUND(B12/'① 핵심 가정'!B19,0) -> 2333 | D12: =ROUND(C12*'① 핵심 가정'!B14,0) -> 82 | E12: =ROUND(D12*'① 핵심 가정'!B15,0) -> 20 | F12: =ROUND(D12*'① 핵심 가정'!B16,0) -> 8 | G12: =ROUND(D12*'① 핵심 가정'!B17,0) -> 4 | H12: =D12*'① 핵심 가정'!B6+E12*'① 핵심 가정'!B7+F12*'① 핵심 가정'!B8+G12*'① 핵심 가정'!B9 -> 1154.6 | I12: =-H12*'① 핵심 가정'!B18 -> -114.3054 | J12: =H12+I12-B12 -> 340.2946
A13: 8월 | B13: 800 | C13: =ROUND(B13/'① 핵심 가정'!B19,0) -> 2667 | D13: =ROUND(C13*'① 핵심 가정'!B14,0) -> 93 | E13: =ROUND(D13*'① 핵심 가정'!B15,0) -> 22 | F13: =ROUND(D13*'① 핵심 가정'!B16,0) -> 9 | G13: =ROUND(D13*'① 핵심 가정'!B17,0) -> 5 | H13: =D13*'① 핵심 가정'!B6+E13*'① 핵심 가정'!B7+F13*'① 핵심 가정'!B8+G13*'① 핵심 가정'!B9 -> 1311.1 | I13: =-H13*'① 핵심 가정'!B18 -> -129.7989 | J13: =H13+I13-B13 -> 381.3011
A14: 9월 | B14: 900 | C14: =ROUND(B14/'① 핵심 가정'!B19,0) -> 3000 | D14: =ROUND(C14*'① 핵심 가정'!B14,0) -> 105 | E14: =ROUND(D14*'① 핵심 가정'!B15,0) -> 25 | F14: =ROUND(D14*'① 핵심 가정'!B16,0) -> 11 | G14: =ROUND(D14*'① 핵심 가정'!B17,0) -> 5 | H14: =D14*'① 핵심 가정'!B6+E14*'① 핵심 가정'!B7+F14*'① 핵심 가정'!B8+G14*'① 핵심 가정'!B9 -> 1485.4 | I14: =-H14*'① 핵심 가정'!B18 -> -147.0546 | J14: =H14+I14-B14 -> 438.3454
A15: 10월 | B15: 1000 | C15: =ROUND(B15/'① 핵심 가정'!B19,0) -> 3333 | D15: =ROUND(C15*'① 핵심 가정'!B14,0) -> 117 | E15: =ROUND(D15*'① 핵심 가정'!B15,0) -> 28 | F15: =ROUND(D15*'① 핵심 가정'!B16,0) -> 12 | G15: =ROUND(D15*'① 핵심 가정'!B17,0) -> 6 | H15: =D15*'① 핵심 가정'!B6+E15*'① 핵심 가정'!B7+F15*'① 핵심 가정'!B8+G15*'① 핵심 가정'!B9 -> 1662.7 | I15: =-H15*'① 핵심 가정'!B18 -> -164.6073 | J15: =H15+I15-B15 -> 498.0927
A16: 11월 | B16: 1200 | C16: =ROUND(B16/'① 핵심 가정'!B19,0) -> 4000 | D16: =ROUND(C16*'① 핵심 가정'!B14,0) -> 140 | E16: =ROUND(D16*'① 핵심 가정'!B15,0) -> 34 | F16: =ROUND(D16*'① 핵심 가정'!B16,0) -> 14 | G16: =ROUND(D16*'① 핵심 가정'!B17,0) -> 7 | H16: =D16*'① 핵심 가정'!B6+E16*'① 핵심 가정'!B7+F16*'① 핵심 가정'!B8+G16*'① 핵심 가정'!B9 -> 1982.5 | I16: =-H16*'① 핵심 가정'!B18 -> -196.2675 | J16: =H16+I16-B16 -> 586.2325
A17: 12월 | B17: 1500 | C17: =ROUND(B17/'① 핵심 가정'!B19,0) -> 5000 | D17: =ROUND(C17*'① 핵심 가정'!B14,0) -> 175 | E17: =ROUND(D17*'① 핵심 가정'!B15,0) -> 42 | F17: =ROUND(D17*'① 핵심 가정'!B16,0) -> 18 | G17: =ROUND(D17*'① 핵심 가정'!B17,0) -> 9 | H17: =D17*'① 핵심 가정'!B6+E17*'① 핵심 가정'!B7+F17*'① 핵심 가정'!B8+G17*'① 핵심 가정'!B9 -> 2490.6 | I17: =-H17*'① 핵심 가정'!B18 -> -246.5694 | J17: =H17+I17-B17 -> 744.0306
A18: 12개월 합계 | B18: =SUM(B6:B17) -> 8350 | C18: =SUM(C6:C17) -> 27833 | D18: =SUM(D6:D17) -> 974 | E18: =SUM(E6:E17) -> 234 | F18: =SUM(F6:F17) -> 99 | G18: =SUM(G6:G17) -> 49 | H18: =SUM(H6:H17) -> 13805.4 | I18: =SUM(I6:I17) -> -1366.7346 | J18: =SUM(J6:J17) -> 4088.6654
A20: 📈 누적 순수익 & 광고 ROI
A21: 월 | I21: 누적 순수익 | J21: 광고 ROI
A22: 1월 | I22: =J6 -> 88.1398 | J22: =IFERROR(J6/B6,"-") -> 0.440699
A23: 2월 | I23: =I22+J7 -> 198.5398 | J23: =IFERROR(J7/B7,"-") -> 0.4416
A24: 3월 | I24: =I23+J8 -> 356.3379 | J24: =IFERROR(J8/B8,"-") -> 0.52599367
A25: 4월 | I25: =I24+J9 -> 548.7454 | J25: =IFERROR(J9/B9,"-") -> 0.48101875
A26: 5월 | I26: =I25+J10 -> 794.6833 | J26: =IFERROR(J10/B10,"-") -> 0.4918758
A27: 6월 | I27: =I26+J11 -> 1100.3685 | J27: =IFERROR(J11/B11,"-") -> 0.50947533
A28: 7월 | I28: =I27+J12 -> 1440.6631 | J28: =IFERROR(J12/B12,"-") -> 0.48613514
A29: 8월 | I29: =I28+J13 -> 1821.9642 | J29: =IFERROR(J13/B13,"-") -> 0.47662637
A30: 9월 | I30: =I29+J14 -> 2260.3096 | J30: =IFERROR(J14/B14,"-") -> 0.48705044
A31: 10월 | I31: =I30+J15 -> 2758.4023 | J31: =IFERROR(J15/B15,"-") -> 0.4980927
A32: 11월 | I32: =I31+J16 -> 3344.6348 | J32: =IFERROR(J16/B16,"-") -> 0.48852708
A33: 12월 | I33: =I32+J17 -> 4088.6654 | J33: =IFERROR(J17/B17,"-") -> 0.4960204

Sheet ③ 바이럴 시나리오
A1: SHADOWGRAM · 바이럴 계수(K) 시나리오 비교
A3: 📌 바이럴 계수(K) = 한 명이 데려오는 신규 유저 수
A4: K 값 | B4: 성장 유형 | C4: 의미
A5: K < 0.5 | B5: 광고 의존 | C5: 바이럴 거의 없음. 광고비 = 성장 엔진
A6: K = 0.5 | B6: 보조 바이럴 | C6: 광고 구매자 1명이 0.5명 추가 유입
A7: K = 1.0 | B7: 자기유지 | C7: 광고 없이도 현재 규모 유지 가능
A8: K > 1.5 | B8: 폭발적 성장 | C8: 광고비 고정해도 매달 유저 1.5배 증가
A11: 📊 6개월 순수익 시나리오 비교 (월 광고비 $500 기준)
A12: 항목 | B12: K=0 (광고만) | C12: K=0.5 (보조바이럴) | D12: K=1.0 (자기유지) | E12: K=1.5+ (폭발성장)
A13: 월 광고비 | B13: $500 | C13: $500 | D13: $500 | E13: $500
A14: 월 기본 T1 구매자 | B14: 58명 | C14: 58명 | D14: 58명 | E14: 58명
A15: 바이럴 추가 유입 | B15: 0명 | C15: 29명 | D15: 58명 | E15: 87명+
A16: 실질 T1 구매자/월 | B16: 58명 | C16: 87명 | D16: 116명 | E16: 145명+
A17: 월 순수익 | B17: $433 | C17: $649 | D17: $865 | E17: $1,082+
A18: 6개월 누적 순수익 | B18: $2,598 | C18: $3,894 | D18: $5,190 | E18: $6,492+
A19: 광고비 대비 ROI | B19: 0.87x | C19: 1.30x | D19: 1.73x | E19: 2.16x+
A22: 🚀 K값 높이는 핵심 바이럴 요소
A23: 바이럴 요소 | B23: 방법 | C23: K 기여도
A24: 결과 페이지 공유 버튼 | B24: 검사 결과에 SNS 공유 → 친구 유입 | C24: K +0.1~0.3
A25: 8유형 비교 콘텐츠 | B25: "내 유형 vs 친구 유형" 비교 기능 | C25: K +0.2~0.4
A26: 리포트 일부 무료 공개 | B26: 리포트 앞 3페이지 무료 → 구매 CTA | C26: K +0.1~0.2
A27: 인스타 스토리 템플릿 | B27: 결과 카드 → 스토리 공유 유도 | C27: K +0.2~0.3
A28: 친구 초대 리워드 | B28: 친구 검사 완료 시 추가 리포트 증정 | C28: K +0.3~0.5

Sheet ④ 손익분기
A1: SHADOWGRAM · 손익분기 & 목표 수익 역산
A3: 💸 월 고정비 설정
A4: 항목 | B4: 금액($) | C4: 비고
A5: 핫마트 구독/수수료 | B5: 0 | C5: 거래별 9.9% 별도 → 여기선 0
A6: 이메일 자동화 도구 | B6: 29 | C6: ConvertKit/ActiveCampaign 기본
A7: 도메인+호스팅 | B7: 15 | C7: 검사페이지 운영비
A8: 기타 툴 | B8: 10 | C8: Canva Pro 등
A9: 월 고정비 합계 | B9: =B5+B6+B7+B8 -> 54
A12: 📐 손익분기 계산 (광고비 제외 고정비 기준)
A13: 항목 | B13: 값 | C13: 설명
A14: 고객당 순수익 (AOV) | B14: ='① 핵심 가정'!B32 -> 12.723021 | C14: 가정 시트에서 자동 참조
A15: 월 고정비 | B15: =B9 -> 54 | C15: 고정비 합계
A16: 손익분기 T1 구매자 수 | B16: =CEILING(B14/B15,1) -> 1 | C16: 최소 구매자 수
A17: 손익분기 검사 완료자 수 | B17: =CEILING(B16/'① 핵심 가정'!B14,1) -> 29 | C17: 검사완료 필요수
A18: 손익분기 필요 광고비 | B18: =CEILING(B17*'① 핵심 가정'!B19,1) -> 9 | C18: $/월
A21: 🎯 목표 월 순수익 역산 계산기
A22: 목표 순수익($) | B22: 필요 T1 구매자 | C22: 필요 광고비
A23: 500 | B23: =CEILING((A23+B9)/'① 핵심 가정'!B32,1) -> 44 | C23: =CEILING(B23*'① 핵심 가정'!B19,1) -> 14
A24: 1000 | B24: =CEILING((A24+B9)/'① 핵심 가정'!B32,1) -> 83 | C24: =CEILING(B24*'① 핵심 가정'!B19,1) -> 25 | D24: ← 추천 1차 목표
A25: 2000 | B25: =CEILING((A25+B9)/'① 핵심 가정'!B32,1) -> 162 | C25: =CEILING(B25*'① 핵심 가정'!B19,1) -> 49
A26: 3000 | B26: =CEILING((A26+B9)/'① 핵심 가정'!B32,1) -> 241 | C26: =CEILING(B26*'① 핵심 가정'!B19,1) -> 73
A27: 5000 | B27: =CEILING((A27+B9)/'① 핵심 가정'!B32,1) -> 398 | C27: =CEILING(B27*'① 핵심 가정'!B19,1) -> 120
