Workbook

Sheet ① 핵심 가정
B1: 🎯 Shadowgram 파레토 법칙 수익 시뮬레이션 — 핵심 가정
B2: 파트너 100명 운영 → 상위 20명(20%)이 전체 수익 80% 창출 가정
B4: 📦 번들 가격 & 커미션 구조
B5: 항목 | C5: 번들가 ($) | D5: Hotmart 수수료 | E5: 커미션율 | F5: 파트너 수익/건 ($) | G5: 오너 수익/건 ($) | H5: 오너 수익/건 (₩)
B6: T1+AppA 번들 (미끼/트립와이어) | C6: 12.8 | D6: 0.099 | E6: 0.7 | F6: =C6*E6 -> 8.96 | G6: =C6*(1-D6-E6) -> 2.5728 | H6: =G6*C24 -> 3601.92
B7: T2+AppB 번들 (OTO 전환) | C7: 19.9 | D7: 0.099 | E7: 0.5 | F7: =C7*E7 -> 9.95 | G7: =C7*(1-D7-E7) -> 7.9799 | H7: =G7*C24 -> 11171.86
B8: T3+AppC 번들 (이메일 업셀) | C8: 28.9 | D8: 0.099 | E8: 0.4 | F8: =C8*E8 -> 11.56 | G8: =C8*(1-D8-E8) -> 14.4789 | H8: =G8*C24 -> 20270.46
B10: 📊 파레토 법칙 가정 (파트너 100명 기준)
B11: 전체 파트너 수 (명) | C11: 100 | D11: 명
B12: 상위 파트너 비율 (파레토 20%) | C12: 0.2
B13: 상위 파트너 수 (명) | C13: =C11*C12 -> 20 | D13: 명
B14: 하위 파트너 비율 | C14: 0.8
B15: 하위 파트너 수 (명) | C15: =C11*C14 -> 80 | D15: 명
B17: 💰 파트너 그룹별 월 판매량 가정
B18: 파트너 그룹 | C18: 해당 인원 | D18: T1 월판매 (건) | E18: T2 OTO전환 | F18: T3 이메일전환 | G18: 비고
B19: 🔥 상위 파트너 (파레토 20명) | C19: =C13 -> 20 | D19: 80 | E19: 0.24 | F19: 0.1 | G19: 월 80건+ 판매 고수
B20: 📌 중간 파트너 (중위 30명) | C20: 30 | D20: 20 | E20: 0.24 | F20: 0.1 | G20: 꾸준히 월 20건 수준
B21: 😴 하위 파트너 (하위 50명) | C21: =C15-30 -> 50 | D21: 3 | E21: 0.24 | F21: 0.1 | G21: 거의 비활성 (월 1-5건)
B23: ⚙️ 기타 가정
B24: 환율 (원/달러) | C24: 1400
B25: 오너 CS/운영 시간 (주당 시간) | C25: 5
B26: 파트너 온보딩 비용/명 ($) | C26: 0

Sheet ② 파레토 수익 분석
B1: 💎 파레토 법칙 적용 — 파트너 그룹별 월 수익 분석
B2: 오너(민철 씨) 기준 수익 | 파트너 그룹별 T1→T2(OTO)→T3(이메일) 흐름
B4: 파트너 그룹 | C4: 인원 | D4: T1 월판매 | E4: T1 오너수익 ($) | F4: T1 오너수익 (₩) | G4: T2 OTO건수 | H4: T2 오너수익 ($) | I4: T2 오너수익 (₩) | J4: T3 이메일건수 | K4: T3 오너수익 ($) | L4: T3 오너수익 (₩) | M4: 그룹 합계 (₩)
B5: 🔥 상위 파트너 20명 | C5: ='① 핵심 가정'!C13 -> 20 | D5: ='① 핵심 가정'!D19*'① 핵심 가정'!C13 -> 1600 | E5: =D5*'① 핵심 가정'!G6 -> 4116.48 | F5: =E5*'① 핵심 가정'!C24 -> 5763072 | G5: =D5*'① 핵심 가정'!E19 -> 384 | H5: =G5*'① 핵심 가정'!G7 -> 3064.2816 | I5: =H5*'① 핵심 가정'!C24 -> 4289994.2 | J5: =D5*'① 핵심 가정'!F19 -> 160 | K5: =J5*'① 핵심 가정'!G8 -> 2316.624 | L5: =K5*'① 핵심 가정'!C24 -> 3243273.6 | M5: =F5+I5+L5 -> 13296340
B6: 📌 중간 파트너 30명 | C6: ='① 핵심 가정'!C20 -> 30 | D6: ='① 핵심 가정'!D20*'① 핵심 가정'!C20 -> 600 | E6: =D6*'① 핵심 가정'!G6 -> 1543.68 | F6: =E6*'① 핵심 가정'!C24 -> 2161152 | G6: =D6*'① 핵심 가정'!E20 -> 144 | H6: =G6*'① 핵심 가정'!G7 -> 1149.1056 | I6: =H6*'① 핵심 가정'!C24 -> 1608747.8 | J6: =D6*'① 핵심 가정'!F20 -> 60 | K6: =J6*'① 핵심 가정'!G8 -> 868.734 | L6: =K6*'① 핵심 가정'!C24 -> 1216227.6 | M6: =F6+I6+L6 -> 4986127.4
B7: 😴 하위 파트너 50명 | C7: ='① 핵심 가정'!C21 -> 50 | D7: ='① 핵심 가정'!D21*'① 핵심 가정'!C21 -> 150 | E7: =D7*'① 핵심 가정'!G6 -> 385.92 | F7: =E7*'① 핵심 가정'!C24 -> 540288 | G7: =D7*'① 핵심 가정'!E21 -> 36 | H7: =G7*'① 핵심 가정'!G7 -> 287.2764 | I7: =H7*'① 핵심 가정'!C24 -> 402186.96 | J7: =D7*'① 핵심 가정'!F21 -> 15 | K7: =J7*'① 핵심 가정'!G8 -> 217.1835 | L7: =K7*'① 핵심 가정'!C24 -> 304056.9 | M7: =F7+I7+L7 -> 1246531.9
B8: 📊 전체 합계 (100명) | C8: =SUM(C5:C7) -> 100 | D8: =SUM(D5:D7) -> 2350 | E8: =SUM(E5:E7) -> 6046.08 | F8: =SUM(F5:F7) -> 8464512 | G8: =SUM(G5:G7) -> 564 | H8: =SUM(H5:H7) -> 4500.6636 | I8: =SUM(I5:I7) -> 6300929 | J8: =SUM(J5:J7) -> 235 | ... M8: =SUM(M5:M7) -> 19528999
B10: 🔍 파레토 비율 검증 — 상위 20명이 몇 %를 차지하는가?
B11: 항목 | C11: 상위 20명 (₩) | D11: 중간 30명 (₩) | E11: 하위 50명 (₩) | F11: 전체 합계 (₩) | G11: 상위 20명 비중 (%) | H11: 검증
B12: 월 수익 합계 | C12: =M5 -> 13296340 | D12: =M6 -> 4986127.4 | E12: =M7 -> 1246531.9 | F12: =SUM(C12:E12) -> 19528999 | G12: =C12/F12 -> 0.68085106 | H12: =IF(G12>=0.7,"✅ 파레토 법칙 성립","⚠️ 편차 확인 필요") -> ⚠️ 편차 확인 필요
B14: 💡 인사이트: 하위 50명은 사실상 "자동 수익기계" — 관리 코스트 0에 가깝고, 상위 20명에게만 집중 투자하면 됩니다. → 상위 파트너에게: 전용 프로모 자료, 우선 CS 지원, 보너스 인센티브 제공 → 하위 파트너에게: 자동화 FAQ + 핫마트 대시보드로 방치 가능 (플랫폼이 대신 관리)

Sheet ③ 12개월 성장
B1: 📈 12개월 파트너 성장 시뮬레이션 — 파레토 법칙 + 월별 누적
B2: 파트너 증가 시나리오별 오너 월 수익(₩) 및 누적 수익(₩) 추적
B4: ⚙️ 성장 가정: 매월 파트너 X명 추가 → 파레토 비율 유지 (상위20% / 중위30% / 하위50%)
B5: 🐢 보수적 시나리오 — 월 +2명 추가
B6: 항목 | C6: 1월 | D6: 2월 | E6: 3월 | F6: 4월 | G6: 5월 | H6: 6월 | I6: 7월 | J6: 8월 | K6: 9월 | L6: 10월 | M6: 11월 | N6: 12월 | O6: 연간합계
B7: 전체 파트너 수 (명) | C7: 2 | D7: =C7+2 -> 4 | E7: =D7+2 -> 6 | F7: =E7+2 -> 8 | G7: =F7+2 -> 10 | H7: =G7+2 -> 12 | I7: =H7+2 -> 14 | J7: =I7+2 -> 16 | K7: =J7+2 -> 18 | ... N7: =M7+2 -> 24 | O7: =N7 -> 24
B8: 상위 파트너 수 (20%, 명) | C8: =ROUND(C7*0.2,0) -> 0 | D8: =ROUND(D7*0.2,0) -> 1 | E8: =ROUND(E7*0.2,0) -> 1 | F8: =ROUND(F7*0.2,0) -> 2 | G8: =ROUND(G7*0.2,0) -> 2 | H8: =ROUND(H7*0.2,0) -> 2 | I8: =ROUND(I7*0.2,0) -> 3 | J8: =ROUND(J7*0.2,0) -> 3 | ... N8: =ROUND(N7*0.2,0) -> 5 | O8: =ROUND(N7*0.2,0) -> 5
B9: 월 오너수익 — 상위파트너 기여 (₩) | C9: =C8*('① 핵심 가정'!D19*'① 핵심 가정'!G6+'① 핵심 가정'!D19*'① 핵심 가정'!E19*'① 핵심 가정'!G7+'① 핵심 가정'!D19*'① 핵심 가정'!F19*'① 핵심 가정'!G8)*'① 핵심 가정'!C24 -> 0 | D9: =D8*('① 핵심 가정'!D19*'① 핵심 가정'!G6+'① 핵심 가정'!D19*'① 핵심 가정'!E19*'① 핵심 가정'!G7+'① 핵심 가정'!D19*'① 핵심 가정'!F19*'① 핵심 가정'!G8)*'① 핵심 가정'!C24 -> 664816.99 | E9: =E8*('① 핵심 가정'!D19*'① 핵심 가정'!G6+'① 핵심 가정'!D19*'① 핵심 가정'!E19*'① 핵심 가정'!G7+'① 핵심 가정'!D19*'① 핵심 가정'!F19*'① 핵심 가정'!G8)*'① 핵심 가정'!C24 -> 664816.99 | F9: =F8*('① 핵심 가정'!D19*'① 핵심 가정'!G6+'① 핵심 가정'!D19*'① 핵심 가정'!E19*'① 핵심 가정'!G7+'① 핵심 가정'!D19*'① 핵심 가정'!F19*'① 핵심 가정'!G8)*'① 핵심 가정'!C24 -> 1329634 | G9: =G8*('① 핵심 가정'!D19*'① 핵심 가정'!G6+'① 핵심 가정'!D19*'① 핵심 가정'!E19*'① 핵심 가정'!G7+'① 핵심 가정'!D19*'① 핵심 가정'!F19*'① 핵심 가정'!G8)*'① 핵심 가정'!C24 -> 1329634 | H9: =H8*('① 핵심 가정'!D19*'① 핵심 가정'!G6+'① 핵심 가정'!D19*'① 핵심 가정'!E19*'① 핵심 가정'!G7+'① 핵심 가정'!D19*'① 핵심 가정'!F19*'① 핵심 가정'!G8)*'① 핵심 가정'!C24 -> 1329634 | I9: =I8*('① 핵심 가정'!D19*'① 핵심 가정'!G6+'① 핵심 가정'!D19*'① 핵심 가정'!E19*'① 핵심 가정'!G7+'① 핵심 가정'!D19*'① 핵심 가정'!F19*'① 핵심 가정'!G8)*'① 핵심 가정'!C24 -> 1994451 | J9: =J8*('① 핵심 가정'!D19*'① 핵심 가정'!G6+'① 핵심 가정'!D19*'① 핵심 가정'!E19*'① 핵심 가정'!G7+'① 핵심 가정'!D19*'① 핵심 가정'!F19*'① 핵심 가정'!G8)*'① 핵심 가정'!C24 -> 1994451 | K9: =K8*('① 핵심 가정'!D19*'① 핵심 가정'!G6+'① 핵심 가정'!D19*'① 핵심 가정'!E19*'① 핵심 가정'!G7+'① 핵심 가정'!D19*'① 핵심 가정'!F19*'① 핵심 가정'!G8)*'① 핵심 가정'!C24 -> 2659268 | L9: =L8*('① 핵심 가정'!D19*'① 핵심 가정'!G6+'① 핵심 가정'!D19*'① 핵심 가정'!E19*'① 핵심 가정'!G7+'① 핵심 가정'!D19*'① 핵심 가정'!F19*'① 핵심 가정'!G8)*'① 핵심 가정'!C24 -> 2659268 | M9: =M8*('① 핵심 가정'!D19*'① 핵심 가정'!G6+'① 핵심 가정'!D19*'① 핵심 가정'!E19*'① 핵심 가정'!G7+'① 핵심 가정'!D19*'① 핵심 가정'!F19*'① 핵심 가정'!G8)*'① 핵심 가정'!C24 -> 2659268 | N9: =N8*('① 핵심 가정'!D19*'① 핵심 가정'!G6+'① 핵심 가정'!D19*'① 핵심 가정'!E19*'① 핵심 가정'!G7+'① 핵심 가정'!D19*'① 핵심 가정'!F19*'① 핵심 가정'!G8)*'① 핵심 가정'!C24 -> 3324085 | O9: =SUM(C9:N9) -> 20609327
B10: 월 오너수익 — 중하위파트너 기여 (₩) | C10: =(C7-C8)*0.375*('① 핵심 가정'!D20*'① 핵심 가정'!G6+'① 핵심 가정'!D20*'① 핵심 가정'!E20*'① 핵심 가정'!G7+'① 핵심 가정'!D20*'① 핵심 가정'!F20*'① 핵심 가정'!G8)*'① 핵심 가정'!C24+(C7-C8)*0.625*('① 핵심 가정'!D21*'① 핵심 가정'!G6+'① 핵심 가정'!D21*'① 핵심 가정'!E21*'① 핵심 가정'!G7+'① 핵심 가정'!D21*'① 핵심 가정'!F21*'① 핵심 가정'!G8)*'① 핵심 가정'!C24 -> 155816.48 | D10: =(D7-D8)*0.375*('① 핵심 가정'!D20*'① 핵심 가정'!G6+'① 핵심 가정'!D20*'① 핵심 가정'!E20*'① 핵심 가정'!G7+'① 핵심 가정'!D20*'① 핵심 가정'!F20*'① 핵심 가정'!G8)*'① 핵심 가정'!C24+(D7-D8)*0.625*('① 핵심 가정'!D21*'① 핵심 가정'!G6+'① 핵심 가정'!D21*'① 핵심 가정'!E21*'① 핵심 가정'!G7+'① 핵심 가정'!D21*'① 핵심 가정'!F21*'① 핵심 가정'!G8)*'① 핵심 가정'!C24 -> 233724.72 | E10: =(E7-E8)*0.375*('① 핵심 가정'!D20*'① 핵심 가정'!G6+'① 핵심 가정'!D20*'① 핵심 가정'!E20*'① 핵심 가정'!G7+'① 핵심 가정'!D20*'① 핵심 가정'!F20*'① 핵심 가정'!G8)*'① 핵심 가정'!C24+(E7-E8)*0.625*('① 핵심 가정'!D21*'① 핵심 가정'!G6+'① 핵심 가정'!D21*'① 핵심 가정'!E21*'① 핵심 가정'!G7+'① 핵심 가정'!D21*'① 핵심 가정'!F21*'① 핵심 가정'!G8)*'① 핵심 가정'!C24 -> 389541.21 | F10: =(F7-F8)*0.375*('① 핵심 가정'!D20*'① 핵심 가정'!G6+'① 핵심 가정'!D20*'① 핵심 가정'!E20*'① 핵심 가정'!G7+'① 핵심 가정'!D20*'① 핵심 가정'!F20*'① 핵심 가정'!G8)*'① 핵심 가정'!C24+(F7-F8)*0.625*('① 핵심 가정'!D21*'① 핵심 가정'!G6+'① 핵심 가정'!D21*'① 핵심 가정'!E21*'① 핵심 가정'!G7+'① 핵심 가정'!D21*'① 핵심 가정'!F21*'① 핵심 가정'!G8)*'① 핵심 가정'!C24 -> 467449.45 | G10: =(G7-G8)*0.375*('① 핵심 가정'!D20*'① 핵심 가정'!G6+'① 핵심 가정'!D20*'① 핵심 가정'!E20*'① 핵심 가정'!G7+'① 핵심 가정'!D20*'① 핵심 가정'!F20*'① 핵심 가정'!G8)*'① 핵심 가정'!C24+(G7-G8)*0.625*('① 핵심 가정'!D21*'① 핵심 가정'!G6+'① 핵심 가정'!D21*'① 핵심 가정'!E21*'① 핵심 가정'!G7+'① 핵심 가정'!D21*'① 핵심 가정'!F21*'① 핵심 가정'!G8)*'① 핵심 가정'!C24 -> 623265.93 | H10: =(H7-H8)*0.375*('① 핵심 가정'!D20*'① 핵심 가정'!G6+'① 핵심 가정'!D20*'① 핵심 가정'!E20*'① 핵심 가정'!G7+'① 핵심 가정'!D20*'① 핵심 가정'!F20*'① 핵심 가정'!G8)*'① 핵심 가정'!C24+(H7-H8)*0.625*('① 핵심 가정'!D21*'① 핵심 가정'!G6+'① 핵심 가정'!D21*'① 핵심 가정'!E21*'① 핵심 가정'!G7+'① 핵심 가정'!D21*'① 핵심 가정'!F21*'① 핵심 가정'!G8)*'① 핵심 가정'!C24 -> 779082.41 | I10: =(I7-I8)*0.375*('① 핵심 가정'!D20*'① 핵심 가정'!G6+'① 핵심 가정'!D20*'① 핵심 가정'!E20*'① 핵심 가정'!G7+'① 핵심 가정'!D20*'① 핵심 가정'!F20*'① 핵심 가정'!G8)*'① 핵심 가정'!C24+(I7-I8)*0.625*('① 핵심 가정'!D21*'① 핵심 가정'!G6+'① 핵심 가정'!D21*'① 핵심 가정'!E21*'① 핵심 가정'!G7+'① 핵심 가정'!D21*'① 핵심 가정'!F21*'① 핵심 가정'!G8)*'① 핵심 가정'!C24 -> 856990.65 | J10: =(J7-J8)*0.375*('① 핵심 가정'!D20*'① 핵심 가정'!G6+'① 핵심 가정'!D20*'① 핵심 가정'!E20*'① 핵심 가정'!G7+'① 핵심 가정'!D20*'① 핵심 가정'!F20*'① 핵심 가정'!G8)*'① 핵심 가정'!C24+(J7-J8)*0.625*('① 핵심 가정'!D21*'① 핵심 가정'!G6+'① 핵심 가정'!D21*'① 핵심 가정'!E21*'① 핵심 가정'!G7+'① 핵심 가정'!D21*'① 핵심 가정'!F21*'① 핵심 가정'!G8)*'① 핵심 가정'!C24 -> 1012807.1 | K10: =(K7-K8)*0.375*('① 핵심 가정'!D20*'① 핵심 가정'!G6+'① 핵심 가정'!D20*'① 핵심 가정'!E20*'① 핵심 가정'!G7+'① 핵심 가정'!D20*'① 핵심 가정'!F20*'① 핵심 가정'!G8)*'① 핵심 가정'!C24+(K7-K8)*0.625*('① 핵심 가정'!D21*'① 핵심 가정'!G6+'① 핵심 가정'!D21*'① 핵심 가정'!E21*'① 핵심 가정'!G7+'① 핵심 가정'!D21*'① 핵심 가정'!F21*'① 핵심 가정'!G8)*'① 핵심 가정'!C24 -> 1090715.4 | L10: =(L7-L8)*0.375*('① 핵심 가정'!D20*'① 핵심 가정'!G6+'① 핵심 가정'!D20*'① 핵심 가정'!E20*'① 핵심 가정'!G7+'① 핵심 가정'!D20*'① 핵심 가정'!F20*'① 핵심 가정'!G8)*'① 핵심 가정'!C24+(L7-L8)*0.625*('① 핵심 가정'!D21*'① 핵심 가정'!G6+'① 핵심 가정'!D21*'① 핵심 가정'!E21*'① 핵심 가정'!G7+'① 핵심 가정'!D21*'① 핵심 가정'!F21*'① 핵심 가정'!G8)*'① 핵심 가정'!C24 -> 1246531.9 | M10: =(M7-M8)*0.375*('① 핵심 가정'!D20*'① 핵심 가정'!G6+'① 핵심 가정'!D20*'① 핵심 가정'!E20*'① 핵심 가정'!G7+'① 핵심 가정'!D20*'① 핵심 가정'!F20*'① 핵심 가정'!G8)*'① 핵심 가정'!C24+(M7-M8)*0.625*('① 핵심 가정'!D21*'① 핵심 가정'!G6+'① 핵심 가정'!D21*'① 핵심 가정'!E21*'① 핵심 가정'!G7+'① 핵심 가정'!D21*'① 핵심 가정'!F21*'① 핵심 가정'!G8)*'① 핵심 가정'!C24 -> 1402348.3 | N10: =(N7-N8)*0.375*('① 핵심 가정'!D20*'① 핵심 가정'!G6+'① 핵심 가정'!D20*'① 핵심 가정'!E20*'① 핵심 가정'!G7+'① 핵심 가정'!D20*'① 핵심 가정'!F20*'① 핵심 가정'!G8)*'① 핵심 가정'!C24+(N7-N8)*0.625*('① 핵심 가정'!D21*'① 핵심 가정'!G6+'① 핵심 가정'!D21*'① 핵심 가정'!E21*'① 핵심 가정'!G7+'① 핵심 가정'!D21*'① 핵심 가정'!F21*'① 핵심 가정'!G8)*'① 핵심 가정'!C24 -> 1480256.6 | O10: =SUM(C10:N10) -> 9738530.2
B11: 💰 월 오너 총수익 (₩) | C11: =C9+C10 -> 155816.48 | D11: =D9+D10 -> 898541.72 | E11: =E9+E10 -> 1054358.2 | F11: =F9+F10 -> 1797083.4 | G11: =G9+G10 -> 1952899.9 | H11: =H9+H10 -> 2108716.4 | I11: =I9+I10 -> 2851441.6 | J11: =J9+J10 -> 3007258.1 | ... N11: =N9+N10 -> 4804341.5 | O11: =SUM(C11:N11) -> 30347857
B12: 📊 누적 오너 수익 (₩) | C12: =C11 -> 155816.48 | D12: =C12+D11 -> 1054358.2 | E12: =D12+E11 -> 2108716.4 | F12: =E12+F11 -> 3905799.8 | G12: =F12+G11 -> 5858699.7 | H12: =G12+H11 -> 7967416.1 | I12: =H12+I11 -> 10818858 | J12: =I12+J11 -> 13826116 | K12: =J12+K11 -> 17576099 | ... N12: =M12+N11 -> 30347857 | O12: =N12 -> 30347857
B14: 🚀 기본 시나리오 — 월 +5명 추가
B15: 항목 | C15: 1월 | D15: 2월 | E15: 3월 | F15: 4월 | G15: 5월 | H15: 6월 | I15: 7월 | J15: 8월 | K15: 9월 | L15: 10월 | M15: 11월 | N15: 12월 | O15: 연간합계
B16: 전체 파트너 수 (명) | C16: 5 | D16: =C16+5 -> 10 | E16: =D16+5 -> 15 | F16: =E16+5 -> 20 | G16: =F16+5 -> 25 | H16: =G16+5 -> 30 | I16: =H16+5 -> 35 | J16: =I16+5 -> 40 | K16: =J16+5 -> 45 | ... N16: =M16+5 -> 60 | O16: =N16 -> 60
B17: 상위 파트너 수 (20%, 명) | C17: =ROUND(C16*0.2,0) -> 1 | D17: =ROUND(D16*0.2,0) -> 2 | E17: =ROUND(E16*0.2,0) -> 3 | F17: =ROUND(F16*0.2,0) -> 4 | G17: =ROUND(G16*0.2,0) -> 5 | H17: =ROUND(H16*0.2,0) -> 6 | I17: =ROUND(I16*0.2,0) -> 7 | J17: =ROUND(J16*0.2,0) -> 8 | ... N17: =ROUND(N16*0.2,0) -> 12 | O17: =ROUND(N16*0.2,0) -> 12
B18: 월 오너수익 — 상위파트너 기여 (₩) | C18: =C17*('① 핵심 가정'!D19*'① 핵심 가정'!G6+'① 핵심 가정'!D19*'① 핵심 가정'!E19*'① 핵심 가정'!G7+'① 핵심 가정'!D19*'① 핵심 가정'!F19*'① 핵심 가정'!G8)*'① 핵심 가정'!C24 -> 664816.99 | D18: =D17*('① 핵심 가정'!D19*'① 핵심 가정'!G6+'① 핵심 가정'!D19*'① 핵심 가정'!E19*'① 핵심 가정'!G7+'① 핵심 가정'!D19*'① 핵심 가정'!F19*'① 핵심 가정'!G8)*'① 핵심 가정'!C24 -> 1329634 | E18: =E17*('① 핵심 가정'!D19*'① 핵심 가정'!G6+'① 핵심 가정'!D19*'① 핵심 가정'!E19*'① 핵심 가정'!G7+'① 핵심 가정'!D19*'① 핵심 가정'!F19*'① 핵심 가정'!G8)*'① 핵심 가정'!C24 -> 1994451 | F18: =F17*('① 핵심 가정'!D19*'① 핵심 가정'!G6+'① 핵심 가정'!D19*'① 핵심 가정'!E19*'① 핵심 가정'!G7+'① 핵심 가정'!D19*'① 핵심 가정'!F19*'① 핵심 가정'!G8)*'① 핵심 가정'!C24 -> 2659268 | G18: =G17*('① 핵심 가정'!D19*'① 핵심 가정'!G6+'① 핵심 가정'!D19*'① 핵심 가정'!E19*'① 핵심 가정'!G7+'① 핵심 가정'!D19*'① 핵심 가정'!F19*'① 핵심 가정'!G8)*'① 핵심 가정'!C24 -> 3324085 | H18: =H17*('① 핵심 가정'!D19*'① 핵심 가정'!G6+'① 핵심 가정'!D19*'① 핵심 가정'!E19*'① 핵심 가정'!G7+'① 핵심 가정'!D19*'① 핵심 가정'!F19*'① 핵심 가정'!G8)*'① 핵심 가정'!C24 -> 3988902 | I18: =I17*('① 핵심 가정'!D19*'① 핵심 가정'!G6+'① 핵심 가정'!D19*'① 핵심 가정'!E19*'① 핵심 가정'!G7+'① 핵심 가정'!D19*'① 핵심 가정'!F19*'① 핵심 가정'!G8)*'① 핵심 가정'!C24 -> 4653718.9 | J18: =J17*('① 핵심 가정'!D19*'① 핵심 가정'!G6+'① 핵심 가정'!D19*'① 핵심 가정'!E19*'① 핵심 가정'!G7+'① 핵심 가정'!D19*'① 핵심 가정'!F19*'① 핵심 가정'!G8)*'① 핵심 가정'!C24 -> 5318535.9 | K18: =K17*('① 핵심 가정'!D19*'① 핵심 가정'!G6+'① 핵심 가정'!D19*'① 핵심 가정'!E19*'① 핵심 가정'!G7+'① 핵심 가정'!D19*'① 핵심 가정'!F19*'① 핵심 가정'!G8)*'① 핵심 가정'!C24 -> 5983352.9 | L18: =L17*('① 핵심 가정'!D19*'① 핵심 가정'!G6+'① 핵심 가정'!D19*'① 핵심 가정'!E19*'① 핵심 가정'!G7+'① 핵심 가정'!D19*'① 핵심 가정'!F19*'① 핵심 가정'!G8)*'① 핵심 가정'!C24 -> 6648169.9 | M18: =M17*('① 핵심 가정'!D19*'① 핵심 가정'!G6+'① 핵심 가정'!D19*'① 핵심 가정'!E19*'① 핵심 가정'!G7+'① 핵심 가정'!D19*'① 핵심 가정'!F19*'① 핵심 가정'!G8)*'① 핵심 가정'!C24 -> 7312986.9 | N18: =N17*('① 핵심 가정'!D19*'① 핵심 가정'!G6+'① 핵심 가정'!D19*'① 핵심 가정'!E19*'① 핵심 가정'!G7+'① 핵심 가정'!D19*'① 핵심 가정'!F19*'① 핵심 가정'!G8)*'① 핵심 가정'!C24 -> 7977803.9 | O18: =SUM(C18:N18) -> 51855725
B19: 월 오너수익 — 중하위파트너 기여 (₩) | C19: =(C16-C17)*0.375*('① 핵심 가정'!D20*'① 핵심 가정'!G6+'① 핵심 가정'!D20*'① 핵심 가정'!E20*'① 핵심 가정'!G7+'① 핵심 가정'!D20*'① 핵심 가정'!F20*'① 핵심 가정'!G8)*'① 핵심 가정'!C24+(C16-C17)*0.625*('① 핵심 가정'!D21*'① 핵심 가정'!G6+'① 핵심 가정'!D21*'① 핵심 가정'!E21*'① 핵심 가정'!G7+'① 핵심 가정'!D21*'① 핵심 가정'!F21*'① 핵심 가정'!G8)*'① 핵심 가정'!C24 -> 311632.97 | D19: =(D16-D17)*0.375*('① 핵심 가정'!D20*'① 핵심 가정'!G6+'① 핵심 가정'!D20*'① 핵심 가정'!E20*'① 핵심 가정'!G7+'① 핵심 가정'!D20*'① 핵심 가정'!F20*'① 핵심 가정'!G8)*'① 핵심 가정'!C24+(D16-D17)*0.625*('① 핵심 가정'!D21*'① 핵심 가정'!G6+'① 핵심 가정'!D21*'① 핵심 가정'!E21*'① 핵심 가정'!G7+'① 핵심 가정'!D21*'① 핵심 가정'!F21*'① 핵심 가정'!G8)*'① 핵심 가정'!C24 -> 623265.93 | E19: =(E16-E17)*0.375*('① 핵심 가정'!D20*'① 핵심 가정'!G6+'① 핵심 가정'!D20*'① 핵심 가정'!E20*'① 핵심 가정'!G7+'① 핵심 가정'!D20*'① 핵심 가정'!F20*'① 핵심 가정'!G8)*'① 핵심 가정'!C24+(E16-E17)*0.625*('① 핵심 가정'!D21*'① 핵심 가정'!G6+'① 핵심 가정'!D21*'① 핵심 가정'!E21*'① 핵심 가정'!G7+'① 핵심 가정'!D21*'① 핵심 가정'!F21*'① 핵심 가정'!G8)*'① 핵심 가정'!C24 -> 934898.9 | F19: =(F16-F17)*0.375*('① 핵심 가정'!D20*'① 핵심 가정'!G6+'① 핵심 가정'!D20*'① 핵심 가정'!E20*'① 핵심 가정'!G7+'① 핵심 가정'!D20*'① 핵심 가정'!F20*'① 핵심 가정'!G8)*'① 핵심 가정'!C24+(F16-F17)*0.625*('① 핵심 가정'!D21*'① 핵심 가정'!G6+'① 핵심 가정'!D21*'① 핵심 가정'!E21*'① 핵심 가정'!G7+'① 핵심 가정'!D21*'① 핵심 가정'!F21*'① 핵심 가정'!G8)*'① 핵심 가정'!C24 -> 1246531.9 | G19: =(G16-G17)*0.375*('① 핵심 가정'!D20*'① 핵심 가정'!G6+'① 핵심 가정'!D20*'① 핵심 가정'!E20*'① 핵심 가정'!G7+'① 핵심 가정'!D20*'① 핵심 가정'!F20*'① 핵심 가정'!G8)*'① 핵심 가정'!C24+(G16-G17)*0.625*('① 핵심 가정'!D21*'① 핵심 가정'!G6+'① 핵심 가정'!D21*'① 핵심 가정'!E21*'① 핵심 가정'!G7+'① 핵심 가정'!D21*'① 핵심 가정'!F21*'① 핵심 가정'!G8)*'① 핵심 가정'!C24 -> 1558164.8 | H19: =(H16-H17)*0.375*('① 핵심 가정'!D20*'① 핵심 가정'!G6+'① 핵심 가정'!D20*'① 핵심 가정'!E20*'① 핵심 가정'!G7+'① 핵심 가정'!D20*'① 핵심 가정'!F20*'① 핵심 가정'!G8)*'① 핵심 가정'!C24+(H16-H17)*0.625*('① 핵심 가정'!D21*'① 핵심 가정'!G6+'① 핵심 가정'!D21*'① 핵심 가정'!E21*'① 핵심 가정'!G7+'① 핵심 가정'!D21*'① 핵심 가정'!F21*'① 핵심 가정'!G8)*'① 핵심 가정'!C24 -> 1869797.8 | I19: =(I16-I17)*0.375*('① 핵심 가정'!D20*'① 핵심 가정'!G6+'① 핵심 가정'!D20*'① 핵심 가정'!E20*'① 핵심 가정'!G7+'① 핵심 가정'!D20*'① 핵심 가정'!F20*'① 핵심 가정'!G8)*'① 핵심 가정'!C24+(I16-I17)*0.625*('① 핵심 가정'!D21*'① 핵심 가정'!G6+'① 핵심 가정'!D21*'① 핵심 가정'!E21*'① 핵심 가정'!G7+'① 핵심 가정'!D21*'① 핵심 가정'!F21*'① 핵심 가정'!G8)*'① 핵심 가정'!C24 -> 2181430.8 | J19: =(J16-J17)*0.375*('① 핵심 가정'!D20*'① 핵심 가정'!G6+'① 핵심 가정'!D20*'① 핵심 가정'!E20*'① 핵심 가정'!G7+'① 핵심 가정'!D20*'① 핵심 가정'!F20*'① 핵심 가정'!G8)*'① 핵심 가정'!C24+(J16-J17)*0.625*('① 핵심 가정'!D21*'① 핵심 가정'!G6+'① 핵심 가정'!D21*'① 핵심 가정'!E21*'① 핵심 가정'!G7+'① 핵심 가정'!D21*'① 핵심 가정'!F21*'① 핵심 가정'!G8)*'① 핵심 가정'!C24 -> 2493063.7 | K19: =(K16-K17)*0.375*('① 핵심 가정'!D20*'① 핵심 가정'!G6+'① 핵심 가정'!D20*'① 핵심 가정'!E20*'① 핵심 가정'!G7+'① 핵심 가정'!D20*'① 핵심 가정'!F20*'① 핵심 가정'!G8)*'① 핵심 가정'!C24+(K16-K17)*0.625*('① 핵심 가정'!D21*'① 핵심 가정'!G6+'① 핵심 가정'!D21*'① 핵심 가정'!E21*'① 핵심 가정'!G7+'① 핵심 가정'!D21*'① 핵심 가정'!F21*'① 핵심 가정'!G8)*'① 핵심 가정'!C24 -> 2804696.7 | L19: =(L16-L17)*0.375*('① 핵심 가정'!D20*'① 핵심 가정'!G6+'① 핵심 가정'!D20*'① 핵심 가정'!E20*'① 핵심 가정'!G7+'① 핵심 가정'!D20*'① 핵심 가정'!F20*'① 핵심 가정'!G8)*'① 핵심 가정'!C24+(L16-L17)*0.625*('① 핵심 가정'!D21*'① 핵심 가정'!G6+'① 핵심 가정'!D21*'① 핵심 가정'!E21*'① 핵심 가정'!G7+'① 핵심 가정'!D21*'① 핵심 가정'!F21*'① 핵심 가정'!G8)*'① 핵심 가정'!C24 -> 3116329.6 | M19: =(M16-M17)*0.375*('① 핵심 가정'!D20*'① 핵심 가정'!G6+'① 핵심 가정'!D20*'① 핵심 가정'!E20*'① 핵심 가정'!G7+'① 핵심 가정'!D20*'① 핵심 가정'!F20*'① 핵심 가정'!G8)*'① 핵심 가정'!C24+(M16-M17)*0.625*('① 핵심 가정'!D21*'① 핵심 가정'!G6+'① 핵심 가정'!D21*'① 핵심 가정'!E21*'① 핵심 가정'!G7+'① 핵심 가정'!D21*'① 핵심 가정'!F21*'① 핵심 가정'!G8)*'① 핵심 가정'!C24 -> 3427962.6 | N19: =(N16-N17)*0.375*('① 핵심 가정'!D20*'① 핵심 가정'!G6+'① 핵심 가정'!D20*'① 핵심 가정'!E20*'① 핵심 가정'!G7+'① 핵심 가정'!D20*'① 핵심 가정'!F20*'① 핵심 가정'!G8)*'① 핵심 가정'!C24+(N16-N17)*0.625*('① 핵심 가정'!D21*'① 핵심 가정'!G6+'① 핵심 가정'!D21*'① 핵심 가정'!E21*'① 핵심 가정'!G7+'① 핵심 가정'!D21*'① 핵심 가정'!F21*'① 핵심 가정'!G8)*'① 핵심 가정'!C24 -> 3739595.6 | O19: =SUM(C19:N19) -> 24307371
B20: 💰 월 오너 총수익 (₩) | C20: =C18+C19 -> 976449.96 | D20: =D18+D19 -> 1952899.9 | E20: =E18+E19 -> 2929349.9 | F20: =F18+F19 -> 3905799.8 | G20: =G18+G19 -> 4882249.8 | H20: =H18+H19 -> 5858699.7 | I20: =I18+I19 -> 6835149.7 | J20: =J18+J19 -> 7811599.7 | ... N20: =N18+N19 -> 11717399 | O20: =SUM(C20:N20) -> 76163097
B21: 📊 누적 오너 수익 (₩) | C21: =C20 -> 976449.96 | D21: =C21+D20 -> 2929349.9 | E21: =D21+E20 -> 5858699.7 | F21: =E21+F20 -> 9764499.6 | G21: =F21+G20 -> 14646749 | H21: =G21+H20 -> 20505449 | I21: =H21+I20 -> 27340599 | J21: =I21+J20 -> 35152198 | K21: =J21+K20 -> 43940248 | ... N21: =M21+N20 -> 76163097 | O21: =N21 -> 76163097
B23: 💥 공격적 시나리오 — 월 +10명 추가
B24: 항목 | C24: 1월 | D24: 2월 | E24: 3월 | F24: 4월 | G24: 5월 | H24: 6월 | I24: 7월 | J24: 8월 | K24: 9월 | L24: 10월 | M24: 11월 | N24: 12월 | O24: 연간합계
B25: 전체 파트너 수 (명) | C25: 10 | D25: =C25+10 -> 20 | E25: =D25+10 -> 30 | F25: =E25+10 -> 40 | G25: =F25+10 -> 50 | H25: =G25+10 -> 60 | I25: =H25+10 -> 70 | J25: =I25+10 -> 80 | K25: =J25+10 -> 90 | ... N25: =M25+10 -> 120 | O25: =N25 -> 120
B26: 상위 파트너 수 (20%, 명) | C26: =ROUND(C25*0.2,0) -> 2 | D26: =ROUND(D25*0.2,0) -> 4 | E26: =ROUND(E25*0.2,0) -> 6 | F26: =ROUND(F25*0.2,0) -> 8 | G26: =ROUND(G25*0.2,0) -> 10 | H26: =ROUND(H25*0.2,0) -> 12 | I26: =ROUND(I25*0.2,0) -> 14 | J26: =ROUND(J25*0.2,0) -> 16 | ... N26: =ROUND(N25*0.2,0) -> 24 | O26: =ROUND(N25*0.2,0) -> 24
B27: 월 오너수익 — 상위파트너 기여 (₩) | C27: =C26*('① 핵심 가정'!D19*'① 핵심 가정'!G6+'① 핵심 가정'!D19*'① 핵심 가정'!E19*'① 핵심 가정'!G7+'① 핵심 가정'!D19*'① 핵심 가정'!F19*'① 핵심 가정'!G8)*'① 핵심 가정'!C24 -> 1329634 | D27: =D26*('① 핵심 가정'!D19*'① 핵심 가정'!G6+'① 핵심 가정'!D19*'① 핵심 가정'!E19*'① 핵심 가정'!G7+'① 핵심 가정'!D19*'① 핵심 가정'!F19*'① 핵심 가정'!G8)*'① 핵심 가정'!C24 -> 2659268 | E27: =E26*('① 핵심 가정'!D19*'① 핵심 가정'!G6+'① 핵심 가정'!D19*'① 핵심 가정'!E19*'① 핵심 가정'!G7+'① 핵심 가정'!D19*'① 핵심 가정'!F19*'① 핵심 가정'!G8)*'① 핵심 가정'!C24 -> 3988902 | F27: =F26*('① 핵심 가정'!D19*'① 핵심 가정'!G6+'① 핵심 가정'!D19*'① 핵심 가정'!E19*'① 핵심 가정'!G7+'① 핵심 가정'!D19*'① 핵심 가정'!F19*'① 핵심 가정'!G8)*'① 핵심 가정'!C24 -> 5318535.9 | G27: =G26*('① 핵심 가정'!D19*'① 핵심 가정'!G6+'① 핵심 가정'!D19*'① 핵심 가정'!E19*'① 핵심 가정'!G7+'① 핵심 가정'!D19*'① 핵심 가정'!F19*'① 핵심 가정'!G8)*'① 핵심 가정'!C24 -> 6648169.9 | H27: =H26*('① 핵심 가정'!D19*'① 핵심 가정'!G6+'① 핵심 가정'!D19*'① 핵심 가정'!E19*'① 핵심 가정'!G7+'① 핵심 가정'!D19*'① 핵심 가정'!F19*'① 핵심 가정'!G8)*'① 핵심 가정'!C24 -> 7977803.9 | I27: =I26*('① 핵심 가정'!D19*'① 핵심 가정'!G6+'① 핵심 가정'!D19*'① 핵심 가정'!E19*'① 핵심 가정'!G7+'① 핵심 가정'!D19*'① 핵심 가정'!F19*'① 핵심 가정'!G8)*'① 핵심 가정'!C24 -> 9307437.9 | J27: =J26*('① 핵심 가정'!D19*'① 핵심 가정'!G6+'① 핵심 가정'!D19*'① 핵심 가정'!E19*'① 핵심 가정'!G7+'① 핵심 가정'!D19*'① 핵심 가정'!F19*'① 핵심 가정'!G8)*'① 핵심 가정'!C24 -> 10637072 | K27: =K26*('① 핵심 가정'!D19*'① 핵심 가정'!G6+'① 핵심 가정'!D19*'① 핵심 가정'!E19*'① 핵심 가정'!G7+'① 핵심 가정'!D19*'① 핵심 가정'!F19*'① 핵심 가정'!G8)*'① 핵심 가정'!C24 -> 11966706 | L27: =L26*('① 핵심 가정'!D19*'① 핵심 가정'!G6+'① 핵심 가정'!D19*'① 핵심 가정'!E19*'① 핵심 가정'!G7+'① 핵심 가정'!D19*'① 핵심 가정'!F19*'① 핵심 가정'!G8)*'① 핵심 가정'!C24 -> 13296340 | M27: =M26*('① 핵심 가정'!D19*'① 핵심 가정'!G6+'① 핵심 가정'!D19*'① 핵심 가정'!E19*'① 핵심 가정'!G7+'① 핵심 가정'!D19*'① 핵심 가정'!F19*'① 핵심 가정'!G8)*'① 핵심 가정'!C24 -> 14625974 | N27: =N26*('① 핵심 가정'!D19*'① 핵심 가정'!G6+'① 핵심 가정'!D19*'① 핵심 가정'!E19*'① 핵심 가정'!G7+'① 핵심 가정'!D19*'① 핵심 가정'!F19*'① 핵심 가정'!G8)*'① 핵심 가정'!C24 -> 15955608 | O27: =SUM(C27:N27) -> 1.0371145e+08
B28: 월 오너수익 — 중하위파트너 기여 (₩) | C28: =(C25-C26)*0.375*('① 핵심 가정'!D20*'① 핵심 가정'!G6+'① 핵심 가정'!D20*'① 핵심 가정'!E20*'① 핵심 가정'!G7+'① 핵심 가정'!D20*'① 핵심 가정'!F20*'① 핵심 가정'!G8)*'① 핵심 가정'!C24+(C25-C26)*0.625*('① 핵심 가정'!D21*'① 핵심 가정'!G6+'① 핵심 가정'!D21*'① 핵심 가정'!E21*'① 핵심 가정'!G7+'① 핵심 가정'!D21*'① 핵심 가정'!F21*'① 핵심 가정'!G8)*'① 핵심 가정'!C24 -> 623265.93 | D28: =(D25-D26)*0.375*('① 핵심 가정'!D20*'① 핵심 가정'!G6+'① 핵심 가정'!D20*'① 핵심 가정'!E20*'① 핵심 가정'!G7+'① 핵심 가정'!D20*'① 핵심 가정'!F20*'① 핵심 가정'!G8)*'① 핵심 가정'!C24+(D25-D26)*0.625*('① 핵심 가정'!D21*'① 핵심 가정'!G6+'① 핵심 가정'!D21*'① 핵심 가정'!E21*'① 핵심 가정'!G7+'① 핵심 가정'!D21*'① 핵심 가정'!F21*'① 핵심 가정'!G8)*'① 핵심 가정'!C24 -> 1246531.9 | E28: =(E25-E26)*0.375*('① 핵심 가정'!D20*'① 핵심 가정'!G6+'① 핵심 가정'!D20*'① 핵심 가정'!E20*'① 핵심 가정'!G7+'① 핵심 가정'!D20*'① 핵심 가정'!F20*'① 핵심 가정'!G8)*'① 핵심 가정'!C24+(E25-E26)*0.625*('① 핵심 가정'!D21*'① 핵심 가정'!G6+'① 핵심 가정'!D21*'① 핵심 가정'!E21*'① 핵심 가정'!G7+'① 핵심 가정'!D21*'① 핵심 가정'!F21*'① 핵심 가정'!G8)*'① 핵심 가정'!C24 -> 1869797.8 | F28: =(F25-F26)*0.375*('① 핵심 가정'!D20*'① 핵심 가정'!G6+'① 핵심 가정'!D20*'① 핵심 가정'!E20*'① 핵심 가정'!G7+'① 핵심 가정'!D20*'① 핵심 가정'!F20*'① 핵심 가정'!G8)*'① 핵심 가정'!C24+(F25-F26)*0.625*('① 핵심 가정'!D21*'① 핵심 가정'!G6+'① 핵심 가정'!D21*'① 핵심 가정'!E21*'① 핵심 가정'!G7+'① 핵심 가정'!D21*'① 핵심 가정'!F21*'① 핵심 가정'!G8)*'① 핵심 가정'!C24 -> 2493063.7 | G28: =(G25-G26)*0.375*('① 핵심 가정'!D20*'① 핵심 가정'!G6+'① 핵심 가정'!D20*'① 핵심 가정'!E20*'① 핵심 가정'!G7+'① 핵심 가정'!D20*'① 핵심 가정'!F20*'① 핵심 가정'!G8)*'① 핵심 가정'!C24+(G25-G26)*0.625*('① 핵심 가정'!D21*'① 핵심 가정'!G6+'① 핵심 가정'!D21*'① 핵심 가정'!E21*'① 핵심 가정'!G7+'① 핵심 가정'!D21*'① 핵심 가정'!F21*'① 핵심 가정'!G8)*'① 핵심 가정'!C24 -> 3116329.6 | H28: =(H25-H26)*0.375*('① 핵심 가정'!D20*'① 핵심 가정'!G6+'① 핵심 가정'!D20*'① 핵심 가정'!E20*'① 핵심 가정'!G7+'① 핵심 가정'!D20*'① 핵심 가정'!F20*'① 핵심 가정'!G8)*'① 핵심 가정'!C24+(H25-H26)*0.625*('① 핵심 가정'!D21*'① 핵심 가정'!G6+'① 핵심 가정'!D21*'① 핵심 가정'!E21*'① 핵심 가정'!G7+'① 핵심 가정'!D21*'① 핵심 가정'!F21*'① 핵심 가정'!G8)*'① 핵심 가정'!C24 -> 3739595.6 | I28: =(I25-I26)*0.375*('① 핵심 가정'!D20*'① 핵심 가정'!G6+'① 핵심 가정'!D20*'① 핵심 가정'!E20*'① 핵심 가정'!G7+'① 핵심 가정'!D20*'① 핵심 가정'!F20*'① 핵심 가정'!G8)*'① 핵심 가정'!C24+(I25-I26)*0.625*('① 핵심 가정'!D21*'① 핵심 가정'!G6+'① 핵심 가정'!D21*'① 핵심 가정'!E21*'① 핵심 가정'!G7+'① 핵심 가정'!D21*'① 핵심 가정'!F21*'① 핵심 가정'!G8)*'① 핵심 가정'!C24 -> 4362861.5 | J28: =(J25-J26)*0.375*('① 핵심 가정'!D20*'① 핵심 가정'!G6+'① 핵심 가정'!D20*'① 핵심 가정'!E20*'① 핵심 가정'!G7+'① 핵심 가정'!D20*'① 핵심 가정'!F20*'① 핵심 가정'!G8)*'① 핵심 가정'!C24+(J25-J26)*0.625*('① 핵심 가정'!D21*'① 핵심 가정'!G6+'① 핵심 가정'!D21*'① 핵심 가정'!E21*'① 핵심 가정'!G7+'① 핵심 가정'!D21*'① 핵심 가정'!F21*'① 핵심 가정'!G8)*'① 핵심 가정'!C24 -> 4986127.4 | K28: =(K25-K26)*0.375*('① 핵심 가정'!D20*'① 핵심 가정'!G6+'① 핵심 가정'!D20*'① 핵심 가정'!E20*'① 핵심 가정'!G7+'① 핵심 가정'!D20*'① 핵심 가정'!F20*'① 핵심 가정'!G8)*'① 핵심 가정'!C24+(K25-K26)*0.625*('① 핵심 가정'!D21*'① 핵심 가정'!G6+'① 핵심 가정'!D21*'① 핵심 가정'!E21*'① 핵심 가정'!G7+'① 핵심 가정'!D21*'① 핵심 가정'!F21*'① 핵심 가정'!G8)*'① 핵심 가정'!C24 -> 5609393.4 | L28: =(L25-L26)*0.375*('① 핵심 가정'!D20*'① 핵심 가정'!G6+'① 핵심 가정'!D20*'① 핵심 가정'!E20*'① 핵심 가정'!G7+'① 핵심 가정'!D20*'① 핵심 가정'!F20*'① 핵심 가정'!G8)*'① 핵심 가정'!C24+(L25-L26)*0.625*('① 핵심 가정'!D21*'① 핵심 가정'!G6+'① 핵심 가정'!D21*'① 핵심 가정'!E21*'① 핵심 가정'!G7+'① 핵심 가정'!D21*'① 핵심 가정'!F21*'① 핵심 가정'!G8)*'① 핵심 가정'!C24 -> 6232659.3 | M28: =(M25-M26)*0.375*('① 핵심 가정'!D20*'① 핵심 가정'!G6+'① 핵심 가정'!D20*'① 핵심 가정'!E20*'① 핵심 가정'!G7+'① 핵심 가정'!D20*'① 핵심 가정'!F20*'① 핵심 가정'!G8)*'① 핵심 가정'!C24+(M25-M26)*0.625*('① 핵심 가정'!D21*'① 핵심 가정'!G6+'① 핵심 가정'!D21*'① 핵심 가정'!E21*'① 핵심 가정'!G7+'① 핵심 가정'!D21*'① 핵심 가정'!F21*'① 핵심 가정'!G8)*'① 핵심 가정'!C24 -> 6855925.2 | N28: =(N25-N26)*0.375*('① 핵심 가정'!D20*'① 핵심 가정'!G6+'① 핵심 가정'!D20*'① 핵심 가정'!E20*'① 핵심 가정'!G7+'① 핵심 가정'!D20*'① 핵심 가정'!F20*'① 핵심 가정'!G8)*'① 핵심 가정'!C24+(N25-N26)*0.625*('① 핵심 가정'!D21*'① 핵심 가정'!G6+'① 핵심 가정'!D21*'① 핵심 가정'!E21*'① 핵심 가정'!G7+'① 핵심 가정'!D21*'① 핵심 가정'!F21*'① 핵심 가정'!G8)*'① 핵심 가정'!C24 -> 7479191.2 | O28: =SUM(C28:N28) -> 48614743
B29: 💰 월 오너 총수익 (₩) | C29: =C27+C28 -> 1952899.9 | D29: =D27+D28 -> 3905799.8 | E29: =E27+E28 -> 5858699.7 | F29: =F27+F28 -> 7811599.7 | G29: =G27+G28 -> 9764499.6 | H29: =H27+H28 -> 11717399 | I29: =I27+I28 -> 13670299 | J29: =J27+J28 -> 15623199 | ... N29: =N27+N28 -> 23434799 | O29: =SUM(C29:N29) -> 1.5232619e+08
B30: 📊 누적 오너 수익 (₩) | C30: =C29 -> 1952899.9 | D30: =C30+D29 -> 5858699.7 | E30: =D30+E29 -> 11717399 | F30: =E30+F29 -> 19528999 | G30: =F30+G29 -> 29293499 | H30: =G30+H29 -> 41010898 | I30: =H30+I29 -> 54681198 | J30: =I30+J29 -> 70304397 | K30: =J30+K29 -> 87880496 | ... N30: =M30+N29 -> 1.5232619e+08 | O30: =N30 -> 1.5232619e+08
B32: 🌋 폭발적 시나리오 — 월 +20명 추가
B33: 항목 | C33: 1월 | D33: 2월 | E33: 3월 | F33: 4월 | G33: 5월 | H33: 6월 | I33: 7월 | J33: 8월 | K33: 9월 | L33: 10월 | M33: 11월 | N33: 12월 | O33: 연간합계
B34: 전체 파트너 수 (명) | C34: 20 | D34: =C34+20 -> 40 | E34: =D34+20 -> 60 | F34: =E34+20 -> 80 | G34: =F34+20 -> 100 | H34: =G34+20 -> 120 | I34: =H34+20 -> 140 | J34: =I34+20 -> 160 | K34: =J34+20 -> 180 | ... N34: =M34+20 -> 240 | O34: =N34 -> 240
B35: 상위 파트너 수 (20%, 명) | C35: =ROUND(C34*0.2,0) -> 4 | D35: =ROUND(D34*0.2,0) -> 8 | E35: =ROUND(E34*0.2,0) -> 12 | F35: =ROUND(F34*0.2,0) -> 16 | G35: =ROUND(G34*0.2,0) -> 20 | H35: =ROUND(H34*0.2,0) -> 24 | I35: =ROUND(I34*0.2,0) -> 28 | J35: =ROUND(J34*0.2,0) -> 32 | ... N35: =ROUND(N34*0.2,0) -> 48 | O35: =ROUND(N34*0.2,0) -> 48
B36: 월 오너수익 — 상위파트너 기여 (₩) | C36: =C35*('① 핵심 가정'!D19*'① 핵심 가정'!G6+'① 핵심 가정'!D19*'① 핵심 가정'!E19*'① 핵심 가정'!G7+'① 핵심 가정'!D19*'① 핵심 가정'!F19*'① 핵심 가정'!G8)*'① 핵심 가정'!C24 -> 2659268 | D36: =D35*('① 핵심 가정'!D19*'① 핵심 가정'!G6+'① 핵심 가정'!D19*'① 핵심 가정'!E19*'① 핵심 가정'!G7+'① 핵심 가정'!D19*'① 핵심 가정'!F19*'① 핵심 가정'!G8)*'① 핵심 가정'!C24 -> 5318535.9 | E36: =E35*('① 핵심 가정'!D19*'① 핵심 가정'!G6+'① 핵심 가정'!D19*'① 핵심 가정'!E19*'① 핵심 가정'!G7+'① 핵심 가정'!D19*'① 핵심 가정'!F19*'① 핵심 가정'!G8)*'① 핵심 가정'!C24 -> 7977803.9 | F36: =F35*('① 핵심 가정'!D19*'① 핵심 가정'!G6+'① 핵심 가정'!D19*'① 핵심 가정'!E19*'① 핵심 가정'!G7+'① 핵심 가정'!D19*'① 핵심 가정'!F19*'① 핵심 가정'!G8)*'① 핵심 가정'!C24 -> 10637072 | G36: =G35*('① 핵심 가정'!D19*'① 핵심 가정'!G6+'① 핵심 가정'!D19*'① 핵심 가정'!E19*'① 핵심 가정'!G7+'① 핵심 가정'!D19*'① 핵심 가정'!F19*'① 핵심 가정'!G8)*'① 핵심 가정'!C24 -> 13296340 | H36: =H35*('① 핵심 가정'!D19*'① 핵심 가정'!G6+'① 핵심 가정'!D19*'① 핵심 가정'!E19*'① 핵심 가정'!G7+'① 핵심 가정'!D19*'① 핵심 가정'!F19*'① 핵심 가정'!G8)*'① 핵심 가정'!C24 -> 15955608 | I36: =I35*('① 핵심 가정'!D19*'① 핵심 가정'!G6+'① 핵심 가정'!D19*'① 핵심 가정'!E19*'① 핵심 가정'!G7+'① 핵심 가정'!D19*'① 핵심 가정'!F19*'① 핵심 가정'!G8)*'① 핵심 가정'!C24 -> 18614876 | J36: =J35*('① 핵심 가정'!D19*'① 핵심 가정'!G6+'① 핵심 가정'!D19*'① 핵심 가정'!E19*'① 핵심 가정'!G7+'① 핵심 가정'!D19*'① 핵심 가정'!F19*'① 핵심 가정'!G8)*'① 핵심 가정'!C24 -> 21274144 | K36: =K35*('① 핵심 가정'!D19*'① 핵심 가정'!G6+'① 핵심 가정'!D19*'① 핵심 가정'!E19*'① 핵심 가정'!G7+'① 핵심 가정'!D19*'① 핵심 가정'!F19*'① 핵심 가정'!G8)*'① 핵심 가정'!C24 -> 23933412 | L36: =L35*('① 핵심 가정'!D19*'① 핵심 가정'!G6+'① 핵심 가정'!D19*'① 핵심 가정'!E19*'① 핵심 가정'!G7+'① 핵심 가정'!D19*'① 핵심 가정'!F19*'① 핵심 가정'!G8)*'① 핵심 가정'!C24 -> 26592680 | M36: =M35*('① 핵심 가정'!D19*'① 핵심 가정'!G6+'① 핵심 가정'!D19*'① 핵심 가정'!E19*'① 핵심 가정'!G7+'① 핵심 가정'!D19*'① 핵심 가정'!F19*'① 핵심 가정'!G8)*'① 핵심 가정'!C24 -> 29251948 | N36: =N35*('① 핵심 가정'!D19*'① 핵심 가정'!G6+'① 핵심 가정'!D19*'① 핵심 가정'!E19*'① 핵심 가정'!G7+'① 핵심 가정'!D19*'① 핵심 가정'!F19*'① 핵심 가정'!G8)*'① 핵심 가정'!C24 -> 31911216 | O36: =SUM(C36:N36) -> 2.074229e+08
B37: 월 오너수익 — 중하위파트너 기여 (₩) | C37: =(C34-C35)*0.375*('① 핵심 가정'!D20*'① 핵심 가정'!G6+'① 핵심 가정'!D20*'① 핵심 가정'!E20*'① 핵심 가정'!G7+'① 핵심 가정'!D20*'① 핵심 가정'!F20*'① 핵심 가정'!G8)*'① 핵심 가정'!C24+(C34-C35)*0.625*('① 핵심 가정'!D21*'① 핵심 가정'!G6+'① 핵심 가정'!D21*'① 핵심 가정'!E21*'① 핵심 가정'!G7+'① 핵심 가정'!D21*'① 핵심 가정'!F21*'① 핵심 가정'!G8)*'① 핵심 가정'!C24 -> 1246531.9 | D37: =(D34-D35)*0.375*('① 핵심 가정'!D20*'① 핵심 가정'!G6+'① 핵심 가정'!D20*'① 핵심 가정'!E20*'① 핵심 가정'!G7+'① 핵심 가정'!D20*'① 핵심 가정'!F20*'① 핵심 가정'!G8)*'① 핵심 가정'!C24+(D34-D35)*0.625*('① 핵심 가정'!D21*'① 핵심 가정'!G6+'① 핵심 가정'!D21*'① 핵심 가정'!E21*'① 핵심 가정'!G7+'① 핵심 가정'!D21*'① 핵심 가정'!F21*'① 핵심 가정'!G8)*'① 핵심 가정'!C24 -> 2493063.7 | E37: =(E34-E35)*0.375*('① 핵심 가정'!D20*'① 핵심 가정'!G6+'① 핵심 가정'!D20*'① 핵심 가정'!E20*'① 핵심 가정'!G7+'① 핵심 가정'!D20*'① 핵심 가정'!F20*'① 핵심 가정'!G8)*'① 핵심 가정'!C24+(E34-E35)*0.625*('① 핵심 가정'!D21*'① 핵심 가정'!G6+'① 핵심 가정'!D21*'① 핵심 가정'!E21*'① 핵심 가정'!G7+'① 핵심 가정'!D21*'① 핵심 가정'!F21*'① 핵심 가정'!G8)*'① 핵심 가정'!C24 -> 3739595.6 | F37: =(F34-F35)*0.375*('① 핵심 가정'!D20*'① 핵심 가정'!G6+'① 핵심 가정'!D20*'① 핵심 가정'!E20*'① 핵심 가정'!G7+'① 핵심 가정'!D20*'① 핵심 가정'!F20*'① 핵심 가정'!G8)*'① 핵심 가정'!C24+(F34-F35)*0.625*('① 핵심 가정'!D21*'① 핵심 가정'!G6+'① 핵심 가정'!D21*'① 핵심 가정'!E21*'① 핵심 가정'!G7+'① 핵심 가정'!D21*'① 핵심 가정'!F21*'① 핵심 가정'!G8)*'① 핵심 가정'!C24 -> 4986127.4 | G37: =(G34-G35)*0.375*('① 핵심 가정'!D20*'① 핵심 가정'!G6+'① 핵심 가정'!D20*'① 핵심 가정'!E20*'① 핵심 가정'!G7+'① 핵심 가정'!D20*'① 핵심 가정'!F20*'① 핵심 가정'!G8)*'① 핵심 가정'!C24+(G34-G35)*0.625*('① 핵심 가정'!D21*'① 핵심 가정'!G6+'① 핵심 가정'!D21*'① 핵심 가정'!E21*'① 핵심 가정'!G7+'① 핵심 가정'!D21*'① 핵심 가정'!F21*'① 핵심 가정'!G8)*'① 핵심 가정'!C24 -> 6232659.3 | H37: =(H34-H35)*0.375*('① 핵심 가정'!D20*'① 핵심 가정'!G6+'① 핵심 가정'!D20*'① 핵심 가정'!E20*'① 핵심 가정'!G7+'① 핵심 가정'!D20*'① 핵심 가정'!F20*'① 핵심 가정'!G8)*'① 핵심 가정'!C24+(H34-H35)*0.625*('① 핵심 가정'!D21*'① 핵심 가정'!G6+'① 핵심 가정'!D21*'① 핵심 가정'!E21*'① 핵심 가정'!G7+'① 핵심 가정'!D21*'① 핵심 가정'!F21*'① 핵심 가정'!G8)*'① 핵심 가정'!C24 -> 7479191.2 | I37: =(I34-I35)*0.375*('① 핵심 가정'!D20*'① 핵심 가정'!G6+'① 핵심 가정'!D20*'① 핵심 가정'!E20*'① 핵심 가정'!G7+'① 핵심 가정'!D20*'① 핵심 가정'!F20*'① 핵심 가정'!G8)*'① 핵심 가정'!C24+(I34-I35)*0.625*('① 핵심 가정'!D21*'① 핵심 가정'!G6+'① 핵심 가정'!D21*'① 핵심 가정'!E21*'① 핵심 가정'!G7+'① 핵심 가정'!D21*'① 핵심 가정'!F21*'① 핵심 가정'!G8)*'① 핵심 가정'!C24 -> 8725723 | J37: =(J34-J35)*0.375*('① 핵심 가정'!D20*'① 핵심 가정'!G6+'① 핵심 가정'!D20*'① 핵심 가정'!E20*'① 핵심 가정'!G7+'① 핵심 가정'!D20*'① 핵심 가정'!F20*'① 핵심 가정'!G8)*'① 핵심 가정'!C24+(J34-J35)*0.625*('① 핵심 가정'!D21*'① 핵심 가정'!G6+'① 핵심 가정'!D21*'① 핵심 가정'!E21*'① 핵심 가정'!G7+'① 핵심 가정'!D21*'① 핵심 가정'!F21*'① 핵심 가정'!G8)*'① 핵심 가정'!C24 -> 9972254.9 | K37: =(K34-K35)*0.375*('① 핵심 가정'!D20*'① 핵심 가정'!G6+'① 핵심 가정'!D20*'① 핵심 가정'!E20*'① 핵심 가정'!G7+'① 핵심 가정'!D20*'① 핵심 가정'!F20*'① 핵심 가정'!G8)*'① 핵심 가정'!C24+(K34-K35)*0.625*('① 핵심 가정'!D21*'① 핵심 가정'!G6+'① 핵심 가정'!D21*'① 핵심 가정'!E21*'① 핵심 가정'!G7+'① 핵심 가정'!D21*'① 핵심 가정'!F21*'① 핵심 가정'!G8)*'① 핵심 가정'!C24 -> 11218787 | L37: =(L34-L35)*0.375*('① 핵심 가정'!D20*'① 핵심 가정'!G6+'① 핵심 가정'!D20*'① 핵심 가정'!E20*'① 핵심 가정'!G7+'① 핵심 가정'!D20*'① 핵심 가정'!F20*'① 핵심 가정'!G8)*'① 핵심 가정'!C24+(L34-L35)*0.625*('① 핵심 가정'!D21*'① 핵심 가정'!G6+'① 핵심 가정'!D21*'① 핵심 가정'!E21*'① 핵심 가정'!G7+'① 핵심 가정'!D21*'① 핵심 가정'!F21*'① 핵심 가정'!G8)*'① 핵심 가정'!C24 -> 12465319 | M37: =(M34-M35)*0.375*('① 핵심 가정'!D20*'① 핵심 가정'!G6+'① 핵심 가정'!D20*'① 핵심 가정'!E20*'① 핵심 가정'!G7+'① 핵심 가정'!D20*'① 핵심 가정'!F20*'① 핵심 가정'!G8)*'① 핵심 가정'!C24+(M34-M35)*0.625*('① 핵심 가정'!D21*'① 핵심 가정'!G6+'① 핵심 가정'!D21*'① 핵심 가정'!E21*'① 핵심 가정'!G7+'① 핵심 가정'!D21*'① 핵심 가정'!F21*'① 핵심 가정'!G8)*'① 핵심 가정'!C24 -> 13711850 | N37: =(N34-N35)*0.375*('① 핵심 가정'!D20*'① 핵심 가정'!G6+'① 핵심 가정'!D20*'① 핵심 가정'!E20*'① 핵심 가정'!G7+'① 핵심 가정'!D20*'① 핵심 가정'!F20*'① 핵심 가정'!G8)*'① 핵심 가정'!C24+(N34-N35)*0.625*('① 핵심 가정'!D21*'① 핵심 가정'!G6+'① 핵심 가정'!D21*'① 핵심 가정'!E21*'① 핵심 가정'!G7+'① 핵심 가정'!D21*'① 핵심 가정'!F21*'① 핵심 가정'!G8)*'① 핵심 가정'!C24 -> 14958382 | O37: =SUM(C37:N37) -> 97229485
B38: 💰 월 오너 총수익 (₩) | C38: =C36+C37 -> 3905799.8 | D38: =D36+D37 -> 7811599.7 | E38: =E36+E37 -> 11717399 | F38: =F36+F37 -> 15623199 | G38: =G36+G37 -> 19528999 | H38: =H36+H37 -> 23434799 | I38: =I36+I37 -> 27340599 | J38: =J36+J37 -> 31246399 | ... N38: =N36+N37 -> 46869598 | O38: =SUM(C38:N38) -> 3.0465239e+08
B39: 📊 누적 오너 수익 (₩) | C39: =C38 -> 3905799.8 | D39: =C39+D38 -> 11717399 | E39: =D39+E38 -> 23434799 | F39: =E39+F38 -> 39057998 | G39: =F39+G38 -> 58586997 | H39: =G39+H38 -> 82021796 | I39: =H39+I38 -> 1.093624e+08 | J39: =I39+J38 -> 1.4060879e+08 | K39: =J39+K38 -> 1.7576099e+08 | ... N39: =M39+N38 -> 3.0465239e+08 | O39: =N39 -> 3.0465239e+08

Sheet ④ 파트너 집중 전략
B1: 🎯 파레토 파트너 집중 전략 — 상위 20명 ROI 극대화 로드맵
B2: "100명 운영, 20명에게 집중, 80%의 수익을 만든다" — 파트너 관리 효율화 전략
B4: 📋 파트너 등급별 관리 전략
B5: 등급 | C5: 대상 | D5: 월 수익 기여 | E5: 관리 투자 | F5: 제공 혜택 | G5: 관리 방식
B6: 🏆 VIP 파트너 | C6: 상위 5명 (5%) | D6: 전체 수익의 ~50% | E6: 주 2-3시간 | F6: 전용 1:1 지원, 독점 프로모 자료, 보너스 인센티브 | G6: 주간 체크인 DM, 우선 피드백 반영
B7: 🔥 핵심 파트너 | C7: 상위 20명 (20%) | D7: 전체 수익의 ~80% | E7: 주 1-2시간 | F7: 전용 텔레그램 채널, 신제품 선공개, 커미션 보너스 | G7: 그룹 채널 운영, 월간 성과 리뷰
B8: 📌 성장 파트너 | C8: 중간 30명 (30%) | D8: 전체 수익의 ~15% | E8: 월 1-2시간 | F8: FAQ 문서, 기본 프로모 키트, 핫마트 대시보드 | G8: 월 1회 뉴스레터, 자동 FAQ 응대
B9: 😴 패시브 파트너 | C9: 하위 50명 (50%) | D9: 전체 수익의 ~5% | E9: 0 (완전 자동화) | F9: 핫마트 자동 정산, 기본 랜딩 링크 | G9: 핫마트 플랫폼이 모든 CS 처리 (방치 가능)
B11: 🔑 상위 파트너 발굴 기준 — 처음 3개월이 핵심
B12: 발굴 기준 | C12: 측정 방법 | D12: 목표치 | E12: 액션
B13: 첫 달 판매 10건 이상 | C13: 핫마트 파트너 대시보드 | D13: 월 10건+ | E13: VIP 후보 목록에 즉시 추가, 축하 DM 발송
B14: SNS 팔로워 1만명 이상 | C14: 인스타/틱톡 프로필 확인 | D14: 10K+ 팔로워 | E14: 리포트 무료 제공 + 독점 할인 코드 부여
B15: 커플/연애 니치 콘텐츠 | C15: 콘텐츠 분야 확인 | D15: 타겟 적합도 80%+ | E15: 맞춤형 프로모 자료 제작 지원
B16: 3개월 내 재활성화 의향 | C16: 이메일 재접촉 반응률 | D16: 30%+ 응답률 | E16: 리인게이지먼트 캠페인 자동화
B18: 🎯 핵심 전략 요약 파트너 100명 중 실제로 관리가 필요한 건 상위 20명뿐입니다. 나머지 80명은 핫마트 플랫폼이 자동으로 정산/CS 처리합니다. → 오너의 시간 = 상위 20명 × 집중 투자. 하위 80명 = 완전 자동화. 이것이 Shadowgram 파트너 운영의 핵심입니다.
