Workbook

Sheet ① 커미션 구조
A1: SHADOWGRAM · 제휴 파트너 커미션 구조 & 수익 분배
A2: 옵션 A: 가격 인상 + 공격적 커미션 | 파란 셀 = 수정 가능 입력값
A4: 📦 번들 판매가 & 커미션율 설정 (파란 셀 직접 수정)
A5: 번들 상품 | B5: 판매가($) | C5: 커미션율(%) | D5: 핫마트 수수료율 | E5: 파트너 수익($) | F5: 핫마트 수수료($) | G5: 민철 씨 순수익($) | H5: 전략 포지션
A6: T1 + App A (스타터 번들) | B6: 9.9 | C6: 0.7 | D6: 0.099 | E6: =B6*C6 -> 6.93 | F6: =-B6*D6 -> -0.9801 | G6: =B6-E6+F6 -> 1.9899 | H6: 진입 번들 — 파트너 수익 최대화
A7: T2 + App B (심층 번들) | B7: 17.9 | C7: 0.5 | D7: 0.099 | E7: =B7*C7 -> 8.95 | F7: =-B7*D7 -> -1.7721 | G7: =B7-E7+F7 -> 7.1779 | H7: 중간 업셀 — 균형 수익
A8: T3 + App C (마스터 번들) | B8: 29.9 | C8: 0.4 | D8: 0.099 | E8: =B8*C8 -> 11.96 | F8: =-B8*D8 -> -2.9601 | G8: =B8-E8+F8 -> 14.9799 | H8: 프리미엄 — 민철 씨 수익 확보
A9: Ultimate Pack (6종 완전판) | B9: 34.9 | C9: 0.4 | D9: 0.099 | E9: =B9*C9 -> 13.96 | F9: =-B9*D9 -> -3.4551 | G9: =B9-E9+F9 -> 17.4849 | H9: 앵커 상품 — 최고가
A12: * 핫마트 수수료 9.9%는 판매가 기준 자동 차감 | 커미션율은 핫마트에서 직접 설정 (상품 등록 시)
A14: 🔍 민철 씨 순수익 충분성 분석 — T1 커미션 70% 문제
A15: 항목 | B15: 금액/비율 | C15: 판단
A16: T1 판매 시 민철 씨 순수익 | B16: =B6-E6+F6 -> 1.9899 | C16: =IF(B6-E6+F6<2,"⚠️ 너무 낮음 — 검토 필요","✅ 적정 수준") -> ⚠️ 너무 낮음 — 검토 필요
A17: T1 민철 씨 수익 비율 | B17: =(B6-E6+F6)/B6 -> 0.201 | C17: =IF((B6-E6+F6)/B6<0.15,"⚠️ 15% 미만 위험","✅ OK") -> ✅ OK
A18: T2 민철 씨 수익 비율 | B18: =(B7-E7+F7)/B7 -> 0.401 | C18: =IF((B7-E7+F7)/B7<0.2,"⚠️ 20% 미만 검토","✅ OK") -> ✅ OK
A19: T3 민철 씨 수익 비율 | B19: =(B8-E8+F8)/B8 -> 0.501 | C19: =IF((B8-E8+F8)/B8<0.2,"⚠️ 20% 미만 검토","✅ OK") -> ✅ OK
A22: 💡 T1 커미션 대안 시나리오 비교 (파트너 vs 민철 씨)
A23: T1 커미션율 | B23: 판매가 | C23: 파트너 수익 | D23: 민철 씨 수익 | E23: 민철 씨 비율 | F23: 파트너 매력도 | G23: 추천
A24: 0.5 | B24: 9.9 | C24: 4.95 | D24: 3.9699 | E24: 0.401 | F24: 낮음 — 파트너 동기↓
A25: 0.6 | B25: 9.9 | C25: 5.94 | D25: 2.9799 | E25: 0.301 | F25: 보통
A26: 0.7 | B26: 9.9 | C26: 6.93 | D26: 1.9899 | E26: 0.201 | F26: 높음 ★★★
A27: 0.7 | B27: 12.9 | C27: 9.03 | D27: 2.5929 | E27: 0.201 | F27: 높음 ★★★ | G27: ⭐ 추천
A28: 0.7 | B28: 14.9 | C28: 10.43 | D28: 2.9949 | E28: 0.201 | F28: 높음 ★★★

Sheet ② 파트너 수익 시뮬레이션
A1: SHADOWGRAM · 파트너 월 수익 시뮬레이션
A2: "파트너가 이 정도 뿌리면 이 정도 번다" — 파트너 모집 제안서용 시뮬레이션
A4: 📌 가정: 커미션율 & 가격은 [① 커미션 구조] 시트 기준 자동 참조
A6: 👥 파트너 활동 규모별 월 예상 수익
A7: 파트너 규모 | B7: 월 공유 도달 (팔로워×도달률) | C7: T1 구매 전환 (도달×1.5%) | D7: T1 파트너 수익 | E7: OTO T2 수익 (T1×24%) | F7: 누적 수익 (T2 포함) | G7: 연간 수익 예상
A8: 마이크로 인플루언서 (팔로워 1,000명) | B8: 150 | C8: =ROUND(B8*0.015,0) -> 2 | D8: =C8*'① 커미션 구조'!B6*'① 커미션 구조'!C6 -> 13.86 | E8: =ROUND(C8*0.24,0)*'① 커미션 구조'!B7*'① 커미션 구조'!C7 -> 0 | F8: =D8+E8 -> 13.86 | G8: =F8*12 -> 166.32
A9: 스몰 인플루언서 (팔로워 5,000명) | B9: 750 | C9: =ROUND(B9*0.015,0) -> 11 | D9: =C9*'① 커미션 구조'!B6*'① 커미션 구조'!C6 -> 76.23 | E9: =ROUND(C9*0.24,0)*'① 커미션 구조'!B7*'① 커미션 구조'!C7 -> 26.85 | F9: =D9+E9 -> 103.08 | G9: =F9*12 -> 1236.96
A10: 미드 인플루언서 (팔로워 20,000명) | B10: 3000 | C10: =ROUND(B10*0.015,0) -> 45 | D10: =C10*'① 커미션 구조'!B6*'① 커미션 구조'!C6 -> 311.85 | E10: =ROUND(C10*0.24,0)*'① 커미션 구조'!B7*'① 커미션 구조'!C7 -> 98.45 | F10: =D10+E10 -> 410.3 | G10: =F10*12 -> 4923.6
A11: 매크로 인플루언서 (팔로워 100,000명) | B11: 15000 | C11: =ROUND(B11*0.015,0) -> 225 | D11: =C11*'① 커미션 구조'!B6*'① 커미션 구조'!C6 -> 1559.25 | E11: =ROUND(C11*0.24,0)*'① 커미션 구조'!B7*'① 커미션 구조'!C7 -> 483.3 | F11: =D11+E11 -> 2042.55 | G11: =F11*12 -> 24510.6
A12: 유튜버/블로거 (월 방문 50,000명) | B12: 5000 | C12: =ROUND(B12*0.015,0) -> 75 | D12: =C12*'① 커미션 구조'!B6*'① 커미션 구조'!C6 -> 519.75 | E12: =ROUND(C12*0.24,0)*'① 커미션 구조'!B7*'① 커미션 구조'!C7 -> 161.1 | F12: =D12+E12 -> 680.85 | G12: =F12*12 -> 8170.2
A15: 📢 파트너 모집 핵심 메시지 (제안서 문구 초안)
A16: 포인트 | B16: 메시지
A17: T1 커미션 70% | B17: 판매가 $12.90의 70% = $9.03 파트너 수익! 커피 한 잔 가격 상품으로 가장 높은 커미션
A18: 월 수익 예시 | B18: 팔로워 20,000명 기준 링크 공유만으로 월 $500+ 가능
A19: CS 부담 없음 | B19: 핫마트가 결제/환불 처리 파트너는 링크 공유만!
A20: 리포트 무료 제공 | B20: 파트너에게 본인 유형 리포트 무료 제공 → 직접 경험 후 진정성 홍보 가능

Sheet ③ 민철 씨 순수익
A1: SHADOWGRAM · 민철 씨 순수익 시뮬레이션 (제휴 파트너 활용 시)
A3: 📊 파트너 수 × 활동 규모별 민철 씨 월 순수익
A4: 파트너 수 | B4: 파트너당 월 T1 판매수 | C4: 총 T1 판매 | D4: 민철 씨 T1 수익 | E4: OTO 추가 수익 | F4: 총 순수익/월 | G4: 연간 순수익
A5: 마이크로 파트너 5명 | B5: 2 | C5: 10 | D5: =C5*'① 커미션 구조'!B6*(1-'① 커미션 구조'!C6-'① 커미션 구조'!D6) -> 19.899 | E5: =ROUND(C5*0.24,0)*'① 커미션 구조'!B7*(1-'① 커미션 구조'!C7-'① 커미션 구조'!D7) -> 14.3558 | F5: =D5+E5 -> 34.2548 | G5: =F5*12 -> 411.0576
A6: 마이크로 파트너 10명 | B6: 2 | C6: 20 | D6: =C6*'① 커미션 구조'!B6*(1-'① 커미션 구조'!C6-'① 커미션 구조'!D6) -> 39.798 | E6: =ROUND(C6*0.24,0)*'① 커미션 구조'!B7*(1-'① 커미션 구조'!C7-'① 커미션 구조'!D7) -> 35.8895 | F6: =D6+E6 -> 75.6875 | G6: =F6*12 -> 908.25
A7: 스몰 파트너 5명 | B7: 10 | C7: 50 | D7: =C7*'① 커미션 구조'!B6*(1-'① 커미션 구조'!C6-'① 커미션 구조'!D6) -> 99.495 | E7: =ROUND(C7*0.24,0)*'① 커미션 구조'!B7*(1-'① 커미션 구조'!C7-'① 커미션 구조'!D7) -> 86.1348 | F7: =D7+E7 -> 185.6298 | G7: =F7*12 -> 2227.5576
A8: 스몰 파트너 10명 | B8: 10 | C8: 100 | D8: =C8*'① 커미션 구조'!B6*(1-'① 커미션 구조'!C6-'① 커미션 구조'!D6) -> 198.99 | E8: =ROUND(C8*0.24,0)*'① 커미션 구조'!B7*(1-'① 커미션 구조'!C7-'① 커미션 구조'!D7) -> 172.2696 | F8: =D8+E8 -> 371.2596 | G8: =F8*12 -> 4455.1152
A9: 스몰 파트너 20명 ⭐ | B9: 10 | C9: 200 | D9: =C9*'① 커미션 구조'!B6*(1-'① 커미션 구조'!C6-'① 커미션 구조'!D6) -> 397.98 | E9: =ROUND(C9*0.24,0)*'① 커미션 구조'!B7*(1-'① 커미션 구조'!C7-'① 커미션 구조'!D7) -> 344.5392 | F9: =D9+E9 -> 742.5192 | G9: =F9*12 -> 8910.2304
A10: 미드 파트너 5명 | B10: 50 | C10: 250 | D10: =C10*'① 커미션 구조'!B6*(1-'① 커미션 구조'!C6-'① 커미션 구조'!D6) -> 497.475 | E10: =ROUND(C10*0.24,0)*'① 커미션 구조'!B7*(1-'① 커미션 구조'!C7-'① 커미션 구조'!D7) -> 430.674 | F10: =D10+E10 -> 928.149 | G10: =F10*12 -> 11137.788
A11: 미드 파트너 10명 🔥 | B11: 50 | C11: 500 | D11: =C11*'① 커미션 구조'!B6*(1-'① 커미션 구조'!C6-'① 커미션 구조'!D6) -> 994.95 | E11: =ROUND(C11*0.24,0)*'① 커미션 구조'!B7*(1-'① 커미션 구조'!C7-'① 커미션 구조'!D7) -> 861.348 | F11: =D11+E11 -> 1856.298 | G11: =F11*12 -> 22275.576
A12: 미드 파트너 20명 🚀 | B12: 50 | C12: 1000 | D12: =C12*'① 커미션 구조'!B6*(1-'① 커미션 구조'!C6-'① 커미션 구조'!D6) -> 1989.9 | E12: =ROUND(C12*0.24,0)*'① 커미션 구조'!B7*(1-'① 커미션 구조'!C7-'① 커미션 구조'!D7) -> 1722.696 | F12: =D12+E12 -> 3712.596 | G12: =F12*12 -> 44551.152
A15: 💡 핵심 인사이트 — T1 커미션 70%의 현실
A16: 인사이트 | B16: 내용
A17: T1 민철 씨 단가 | B17: $9.90 × (1 - 70% - 9.9%) = $1.99/건 → T1 단품으로는 민철 씨 수익 매우 낮음
A18: 해결책: 가격 인상 | B18: $12.90으로 올리면 민철 씨 $2.60/건 $14.90으로 올리면 민철 씨 $3.08/건
A19: 핵심 수익은 OTO | B19: T2+AppB OTO: $17.90 × 50% 커미션 후 민철 씨 $8.12/건 → 전체 수익의 80%는 OTO에서 발생
A20: 파트너 = 트래픽 기계 | B20: T1 마진 낮아도 OK 파트너는 검사 완료자 → T1 구매 유도만 하면 됨 나머지 퍼널(OTO/이메일)에서 민철 씨가 수익 극대화

Sheet ④ 최종 권장 구조
A1: SHADOWGRAM · 최종 권장 가격 & 커미션 구조
A3: 🎯 T1 가격 $12.90 기준 — 파트너 70% 커미션 최적 구조
A4: 번들 상품 | B4: 권장 판매가 | C4: 파트너 커미션 | D4: 파트너 수익 | E4: 핫마트 수수료 | F4: 민철 씨 순수익 | G4: 민철 씨 비율
A5: T1 + App A (스타터) | B5: 12.9 | C5: 0.7 | D5: 9.03 | E5: -1.2771 | F5: 2.5929 | G5: 0.201
A6: T2 + App B (심층) | B6: 17.9 | C6: 0.5 | D6: 8.95 | E6: -1.7721 | F6: 7.1779 | G6: 0.401
A7: T3 + App C (마스터) | B7: 29.9 | C7: 0.4 | D7: 11.96 | E7: -2.9601 | F7: 14.9799 | G7: 0.501
A8: Ultimate Pack (완전판) | B8: 34.9 | C8: 0.4 | D8: 13.96 | E8: -3.4551 | F8: 17.4849 | G8: 0.501
A11: 💰 T1 100명 판매 시 민철 씨 총 수익 흐름
A12: 전환 단계 | B12: 구매자 수 | C12: 판매가 | D12: 커미션 | E12: 민철 씨 단가 | F12: 민철 씨 수익 | G12: 비고
A13: T1 스타터 100명 | B13: 100 | C13: 12.9 | D13: 0.7 | E13: 2.5929 | F13: 259.29 | G13: 기본 진입
A14: OTO T2 전환 (24명) | B14: 24 | C14: 17.9 | D14: 0.5 | E14: 7.1779 | F14: 172.2696 | G14: 구매 즉시 업셀
A15: 이메일 T3 전환 (10명) | B15: 10 | C15: 29.9 | D15: 0.4 | E15: 14.9799 | F15: 149.799 | G15: Day 7 이메일
A16: 이메일 Ultimate 전환 (5명) | B16: 5 | C16: 34.9 | D16: 0.4 | E16: 17.4849 | F16: 87.4245 | G16: Day 9 이메일
A17: 민철 씨 총 순수익 (T1 100명 기준) | F17: 668.7831 | G17: AOV: $6.69/인
A19: ⚖️ 제휴 없음 vs 제휴 있음 비교 (T1 100명 기준)
A20: 항목 | B20: 제휴 없음 | C20: 제휴 있음 | D20: 차이
A21: T1 진입 단가 | B21: $6.90 | C21: $12.90 | D21: +$6.00 (진입장벽↑)
A22: T1 민철 씨 단가 | B22: $6.29* | C22: $2.60 | D22: -$3.69
A23: OTO T2 민철 씨 | B23: $16.29* | C23: $8.12 | D23: -$8.17
A24: 100명 총 순수익 | B24: $~850 | C24: $669 | D24: 제휴 규모에 따라 역전
A25: 트래픽 규모 | B25: 광고비 한계 | C25: 파트너 무제한 확산 | D25: 🚀 핵심 차이
A27: * 제휴 없음 기준: 핫마트 9.9% 수수료만 차감 | 핵심: T1 단가가 낮아도 파트너 트래픽 규모가 모든 걸 역전시킴
