Workbook

Sheet ① 가격 전략
A1: SHADOWGRAM | 티어별 가격 전략 & 수익 시뮬레이션
A2: ★ 파란색 셀 = 변경 가능한 가정치 | 바이럴 계수 1.0 이상이면 광고 없이도 성장
A4: [ A ] 핵심 가정 (변경 가능) | D4: 근거 / 벤치마크
A5: 월 광고 예산 (USD) | B5: 300 | C5: 메타/인스타 초기 테스트 최소 예산
A6: 광고 클릭당 비용 CPC (USD) | B6: 0.25 | C6: 메타 MBTI/자기계발 타겟 평균 CPC
A7: 검사 완료율 | B7: 0.65 | C7: 무료 검사 업계 평균 60~70%
A8: 결과→구매 전환율 T1 | B8: 0.06 | C8: 16P 프리미엄 전환 5~8% 참고
A9: 결과→구매 전환율 T2 | B9: 0.025 | C9: 업셀 전환 2~3% (T1 구매자 중)
A10: 결과→구매 전환율 T3 | B10: 0.01 | C10: 고관여 전환 1% 목표
A11: 바이럴 계수 K | B11: 1.2 | C11: K>1이면 광고 없이 자연 성장 (목표)
A12: 핫마트 수수료율 | B12: 0.099 | C12: 핫마트 기본 수수료 9.9%
A13: 월 운영비 (USD) | B13: 50 | C13: 도메인+호스팅+이메일 툴 등
A15: [ B ] 티어별 가격 설계 | C15: 가격 (USD) | D15: 핫마트 수령 | E15: 포함 콘텐츠
A16: T1 Basic | B16: 4.9 | C16: =B16*(1-$B$12) -> 4.4149 | D16: 7일 퀘스트 리포트 (PDF)
A17: T2 Deep | B17: 9.9 | C17: =B17*(1-$B$12) -> 8.9199 | D17: 30일 퀘스트 리포트 (PDF)
A18: T3 Master | B18: 19.9 | C18: =B18*(1-$B$12) -> 17.9299 | D18: 90일 퀘스트 리포트 (PDF)
A19: AppA StormBreaker | B19: 7.9 | C19: =B19*(1-$B$12) -> 7.1179 | D19: 위기관리 특화 리포트 (PDF)
A20: AppB ClimateChanger | B20: 7.9 | C20: =B20*(1-$B$12) -> 7.1179 | D20: 전환기 특화 리포트 (PDF)
A21: AppC HarvestMoon | B21: 7.9 | C21: =B21*(1-$B$12) -> 7.1179 | D21: 최고성과 특화 리포트 (PDF)
A22: 번들 T1+T2 | B22: 12.9 | C22: =B22*(1-$B$12) -> 11.6229 | D22: Basic + Deep 세트
A23: 번들 T1+T2+T3 | B23: 26.9 | C23: =B23*(1-$B$12) -> 24.2369 | D23: Basic + Deep + Master 풀세트
A24: 번들 풀패키지 | B24: 39.9 | C24: =B24*(1-$B$12) -> 35.9499 | D24: 모든 리포트 6종 세트
A25: 💡 가격 심리: $4.9는 "커피 한 잔" 프레임 / $9.9는 charm pricing 최적점 / $19.9는 앵커링 효과로 번들이 더 매력적으로 보이게 만드는 역할 / 번들 할인율 30~40%로 업셀 유도

Sheet ② 월별 수익 시뮬레이션
A1: SHADOWGRAM | 12개월 수익 시뮬레이션 (광고 직접 운영 / 파트너 없음)
A2: ★ '① 가격 전략' 시트의 파란색 가정치를 바꾸면 이 시트가 자동 업데이트됩니다
A4: 참조 가정치 (① 시트에서 자동 연결) | E4: 값
A5: 광고 예산/월 (USD) | E5: ='① 가격 전략'!B5 -> 300
A6: CPC (USD) | E6: ='① 가격 전략'!B6 -> 0.25
A7: 검사 완료율 | E7: ='① 가격 전략'!B7 -> 0.65
A8: 구매 전환율 T1 | E8: ='① 가격 전략'!B8 -> 0.06
A9: 구매 전환율 T2 | E9: ='① 가격 전략'!B9 -> 0.025
A10: 구매 전환율 T3 | E10: ='① 가격 전략'!B10 -> 0.01
A11: 바이럴 계수 K | E11: ='① 가격 전략'!B11 -> 1.2
A12: T1 가격 | E12: ='① 가격 전략'!B16 -> 4.9
A13: T2 가격 | E13: ='① 가격 전략'!B17 -> 9.9
A14: T3 가격 | E14: ='① 가격 전략'!B18 -> 19.9
A15: 핫마트 수수료율 | E15: ='① 가격 전략'!B12 -> 0.099
A16: 월 운영비 | E16: ='① 가격 전략'!B13 -> 50
A19: 지표 | B19: M1 | C19: M2 | D19: M3 | E19: M4 | F19: M5 | G19: M6 | H19: M7 | I19: M8 | J19: M9 | K19: M10 | L19: M11 | M19: M12 | N19: 12M 합계
A20: ── 유입 & 검사
A21: 광고 유입 클릭 수 | B21: =$E$5/$E$6 -> 1200 | C21: =$E$5/$E$6 -> 1200 | D21: =$E$5/$E$6 -> 1200 | E21: =$E$5/$E$6 -> 1200 | F21: =$E$5/$E$6 -> 1200 | G21: =$E$5/$E$6 -> 1200 | H21: =$E$5/$E$6 -> 1200 | I21: =$E$5/$E$6 -> 1200 | ... M21: =$E$5/$E$6 -> 1200 | N21: =SUM(B21:M21) -> 14400
A22: 바이럴 자연 유입 | B22: 0 | C22: =B24*$E$11 -> 936 | D22: =C24*$E$11 -> 1666.08 | E22: =D24*$E$11 -> 2235.5424 | F22: =E24*$E$11 -> 2679.7231 | G22: =F24*$E$11 -> 3026.184 | H22: =G24*$E$11 -> 3296.4235 | I22: =H24*$E$11 -> 3507.2103 | J22: =I24*$E$11 -> 3671.6241 | ... M22: =L24*$E$11 -> 3977.9189 | N22: =SUM(B22:M22) -> 32696.469
A23: 총 유입 합계 | B23: =B21+B22 -> 1200 | C23: =C21+C22 -> 2136 | D23: =D21+D22 -> 2866.08 | E23: =E21+E22 -> 3435.5424 | F23: =F21+F22 -> 3879.7231 | G23: =G21+G22 -> 4226.184 | H23: =H21+H22 -> 4496.4235 | I23: =I21+I22 -> 4707.2103 | ... M23: =M21+M22 -> 5177.9189 | N23: =SUM(B23:M23) -> 47096.469
A24: 검사 완료자 수 | B24: =B23*$E$7 -> 780 | C24: =C23*$E$7 -> 1388.4 | D24: =D23*$E$7 -> 1862.952 | E24: =E23*$E$7 -> 2233.1026 | F24: =F23*$E$7 -> 2521.82 | G24: =G23*$E$7 -> 2747.0196 | H24: =H23*$E$7 -> 2922.6753 | I24: =I23*$E$7 -> 3059.6867 | ... M24: =M23*$E$7 -> 3365.6473 | N24: =SUM(B24:M24) -> 30612.705
A25: ── 구매 & 매출
A26: T1 구매 건수 | B26: =ROUND(B24*$E$8,0) -> 47 | C26: =ROUND(C24*$E$8,0) -> 83 | D26: =ROUND(D24*$E$8,0) -> 112 | E26: =ROUND(E24*$E$8,0) -> 134 | F26: =ROUND(F24*$E$8,0) -> 151 | G26: =ROUND(G24*$E$8,0) -> 165 | H26: =ROUND(H24*$E$8,0) -> 175 | I26: =ROUND(I24*$E$8,0) -> 184 | ... M26: =ROUND(M24*$E$8,0) -> 202 | N26: =SUM(B26:M26) -> 1837
A27: T2 구매 건수 | B27: =ROUND(B24*$E$9,0) -> 20 | C27: =ROUND(C24*$E$9,0) -> 35 | D27: =ROUND(D24*$E$9,0) -> 47 | E27: =ROUND(E24*$E$9,0) -> 56 | F27: =ROUND(F24*$E$9,0) -> 63 | G27: =ROUND(G24*$E$9,0) -> 69 | H27: =ROUND(H24*$E$9,0) -> 73 | I27: =ROUND(I24*$E$9,0) -> 76 | ... M27: =ROUND(M24*$E$9,0) -> 84 | N27: =SUM(B27:M27) -> 766
A28: T3 구매 건수 | B28: =ROUND(B24*$E$10,0) -> 8 | C28: =ROUND(C24*$E$10,0) -> 14 | D28: =ROUND(D24*$E$10,0) -> 19 | E28: =ROUND(E24*$E$10,0) -> 22 | F28: =ROUND(F24*$E$10,0) -> 25 | G28: =ROUND(G24*$E$10,0) -> 27 | H28: =ROUND(H24*$E$10,0) -> 29 | I28: =ROUND(I24*$E$10,0) -> 31 | ... M28: =ROUND(M24*$E$10,0) -> 34 | N28: =SUM(B28:M28) -> 306
A29: T1 매출 (USD) | B29: =B26*$E$12 -> 230.3 | C29: =C26*$E$12 -> 406.7 | D29: =D26*$E$12 -> 548.8 | E29: =E26*$E$12 -> 656.6 | F29: =F26*$E$12 -> 739.9 | G29: =G26*$E$12 -> 808.5 | H29: =H26*$E$12 -> 857.5 | I29: =I26*$E$12 -> 901.6 | ... M29: =M26*$E$12 -> 989.8 | N29: =SUM(B29:M29) -> 9001.3
A30: T2 매출 (USD) | B30: =B27*$E$13 -> 198 | C30: =C27*$E$13 -> 346.5 | D30: =D27*$E$13 -> 465.3 | E30: =E27*$E$13 -> 554.4 | F30: =F27*$E$13 -> 623.7 | G30: =G27*$E$13 -> 683.1 | H30: =H27*$E$13 -> 722.7 | I30: =I27*$E$13 -> 752.4 | ... M30: =M27*$E$13 -> 831.6 | N30: =SUM(B30:M30) -> 7583.4
A31: T3 매출 (USD) | B31: =B28*$E$14 -> 159.2 | C31: =C28*$E$14 -> 278.6 | D31: =D28*$E$14 -> 378.1 | E31: =E28*$E$14 -> 437.8 | F31: =F28*$E$14 -> 497.5 | G31: =G28*$E$14 -> 537.3 | H31: =H28*$E$14 -> 577.1 | I31: =I28*$E$14 -> 616.9 | ... M31: =M28*$E$14 -> 676.6 | N31: =SUM(B31:M31) -> 6089.4
A32: 총 매출 (USD) | B32: =B29+B30+B31 -> 587.5 | C32: =C29+C30+C31 -> 1031.8 | D32: =D29+D30+D31 -> 1392.2 | E32: =E29+E30+E31 -> 1648.8 | F32: =F29+F30+F31 -> 1861.1 | G32: =G29+G30+G31 -> 2028.9 | H32: =H29+H30+H31 -> 2157.3 | I32: =I29+I30+I31 -> 2270.9 | ... M32: =M29+M30+M31 -> 2498 | N32: =SUM(B32:M32) -> 22674.1
A33: ── 비용 & 순이익
A34: 핫마트 수령액 (USD) | B34: =B32*(1-$E$15) -> 529.3375 | C34: =C32*(1-$E$15) -> 929.6518 | D34: =D32*(1-$E$15) -> 1254.3722 | E34: =E32*(1-$E$15) -> 1485.5688 | F34: =F32*(1-$E$15) -> 1676.8511 | G34: =G32*(1-$E$15) -> 1828.0389 | H34: =H32*(1-$E$15) -> 1943.7273 | I34: =I32*(1-$E$15) -> 2046.0809 | ... M34: =M32*(1-$E$15) -> 2250.698 | N34: =SUM(B34:M34) -> 20429.364
A35: 광고비 (USD) | B35: =$E$5 -> 300 | C35: =$E$5 -> 300 | D35: =$E$5 -> 300 | E35: =$E$5 -> 300 | F35: =$E$5 -> 300 | G35: =$E$5 -> 300 | H35: =$E$5 -> 300 | I35: =$E$5 -> 300 | ... M35: =$E$5 -> 300 | N35: =SUM(B35:M35) -> 3600
A36: 운영비 (USD) | B36: =$E$16 -> 50 | C36: =$E$16 -> 50 | D36: =$E$16 -> 50 | E36: =$E$16 -> 50 | F36: =$E$16 -> 50 | G36: =$E$16 -> 50 | H36: =$E$16 -> 50 | I36: =$E$16 -> 50 | ... M36: =$E$16 -> 50 | N36: =SUM(B36:M36) -> 600
A37: 순이익 (USD) | B37: =B34-B35-B36 -> 179.3375 | C37: =C34-C35-C36 -> 579.6518 | D37: =D34-D35-D36 -> 904.3722 | E37: =E34-E35-E36 -> 1135.5688 | F37: =F34-F35-F36 -> 1326.8511 | G37: =G34-G35-G36 -> 1478.0389 | H37: =H34-H35-H36 -> 1593.7273 | I37: =I34-I35-I36 -> 1696.0809 | ... M37: =M34-M35-M36 -> 1900.698 | N37: =SUM(B37:M37) -> 16229.364
A38: 광고 ROI | B38: =IF(B35=0,0,B37/B35) -> 0.59779167 | C38: =IF(C35=0,0,C37/C35) -> 1.9321727 | D38: =IF(D35=0,0,D37/D35) -> 3.014574 | E38: =IF(E35=0,0,E37/E35) -> 3.7852293 | F38: =IF(F35=0,0,F37/F35) -> 4.422837 | G38: =IF(G35=0,0,G37/G35) -> 4.9267963 | H38: =IF(H35=0,0,H37/H35) -> 5.3124243 | I38: =IF(I35=0,0,I37/I35) -> 5.653603 | ... M38: =IF(M35=0,0,M37/M35) -> 6.33566 | N38: =SUM(B38:M38) -> 54.09788
A40: 💡 손익분기점: 순이익 ≥ 0 → 월 검사 완료자가 T1 기준 약 130명 이상이면 광고비+운영비 커버 | 바이럴 계수 K=1.2면 M3부터 자연 성장 시작 → M6 이후 광고 축소 가능

Sheet ③ 시나리오 비교
A1: SHADOWGRAM | 3가지 시나리오 비교 (보수 / 기본 / 낙관)
A2: ★ 파란색 셀 직접 수정 가능 | 모든 계산은 12개월 누적 기준
A4: 가정 / 지표 | B4: 보수적 시나리오 | C4: 기본 시나리오 | D4: 낙관적 시나리오 | E4: 비고
A5: ── 핵심 가정
A6: 월 광고 예산 (USD) | B6: 200 | C6: 300 | D6: 500 | E6: 메타/인스타 테스트 예산
A7: CPC (USD) | B7: 0.35 | C7: 0.25 | D7: 0.18 | E7: 타겟 정교화로 낮아짐
A8: 검사 완료율 | B8: 0.55 | C8: 0.65 | D8: 0.75 | E8: UX 개선 따라 상승
A9: T1 구매 전환율 | B9: 0.035 | C9: 0.06 | D9: 0.09 | E9: 결과 페이지 CTA 최적화
A10: 바이럴 계수 K | B10: 0.7 | C10: 1.2 | D10: 1.8 | E10: K>1이면 자연 성장 / K=1.8이면 폭발적 성장
A11: T1 가격 (USD) | B11: 4.9 | C11: 4.9 | D11: 6.9 | E11: 낙관 시나리오에서 소폭 인상 테스트
A12: ── 12개월 누적 결과
A13: 12M 총 광고 유입 (명) | B13: =(B6/B7)*12 -> 6857.1429 | C13: =(C6/C7)*12 -> 14400 | D13: =(D6/D7)*12 -> 33333.333
A14: 12M 바이럴 자연 유입 추정 (명) | B14: =IF(B10=1,(B6/B7)*B8*11,(B6/B7)*B8*B10*(B10^11-1)/(B10-1)) -> 718.83294 | C14: =IF(C10=1,(C6/C7)*C8*11,(C6/C7)*C8*C10*(C10^11-1)/(C10-1)) -> 30092.792 | D14: =IF(D10=1,(D6/D7)*D8*11,(D6/D7)*D8*D10*(D10^11-1)/(D10-1)) -> 3007894.2
A15: 12M 총 검사 완료 (명) | B15: =((B6/B7)*12+IF(B10=1,(B6/B7)*B8*11,(B6/B7)*B8*B10*(B10^11-1)/(B10-1)))*B8 -> 4166.7867 | C15: =((C6/C7)*12+IF(C10=1,(C6/C7)*C8*11,(C6/C7)*C8*C10*(C10^11-1)/(C10-1)))*C8 -> 28920.315 | D15: =((D6/D7)*12+IF(D10=1,(D6/D7)*D8*11,(D6/D7)*D8*D10*(D10^11-1)/(D10-1)))*D8 -> 2280920.7
A16: 12M T1 구매 건수 | B16: =ROUND(((B6/B7)*12+IF(B10=1,(B6/B7)*B8*11,(B6/B7)*B8*B10*(B10^11-1)/(B10-1)))*B8*B9,0) -> 146 | C16: =ROUND(((C6/C7)*12+IF(C10=1,(C6/C7)*C8*11,(C6/C7)*C8*C10*(C10^11-1)/(C10-1)))*C8*C9,0) -> 1735 | D16: =ROUND(((D6/D7)*12+IF(D10=1,(D6/D7)*D8*11,(D6/D7)*D8*D10*(D10^11-1)/(D10-1)))*D8*D9,0) -> 205283
A17: 12M 총 매출 (USD) | B17: =B16*B11 -> 715.4 | C17: =C16*C11 -> 8501.5 | D17: =D16*D11 -> 1416452.7
A18: 12M 핫마트 수령 (USD) | B18: =B17*(1-0.099) -> 644.5754 | C18: =C17*(1-0.099) -> 7659.8515 | D18: =D17*(1-0.099) -> 1276223.9
A19: 12M 광고+운영비 (USD) | B19: =(B6+50)*12 -> 3000 | C19: =(C6+50)*12 -> 4200 | D19: =(D6+50)*12 -> 6600
A20: 12M 순이익 (USD) | B20: =B18-B19 -> -2355.4246 | C20: =C18-C19 -> 3459.8515 | D20: =D18-D19 -> 1269623.9
A21: 월평균 순이익 (USD) | B21: =B20/12 -> -196.28538 | C21: =C20/12 -> 288.32096 | D21: =D20/12 -> 105801.99
A22: 손익분기 도달 월 (추정) | B22: =IF((B6/B7)*B8*B9*B11*(1-0.099)>=(B6+50),1,3) -> 3 | C22: =IF((C6/C7)*C8*C9*C11*(1-0.099)>=(C6+50),1,3) -> 3 | D22: =IF((D6/D7)*D8*D9*D11*(1-0.099)>=(D6+50),1,3) -> 1
A24: 🎯 핵심 인사이트: 바이럴 계수 K가 수익을 결정합니다. K=0.7(보수) → 광고 의존 지속 | K=1.2(기본) → M4부터 자연 성장 시작 | K=1.8(낙관) → M3부터 지수 성장. 초기 3개월은 결과 페이지 UX 최적화에 집중해서 K를 1.0 이상으로 올리는 게 최우선.

Sheet ④ 손익분기 계산기
A1: SHADOWGRAM | 손익분기점 빠른 계산기
A3: 입력 가정 | C3: 값 | D3: 해설
A4: 월 고정비용 (광고+운영, USD) | C4: 350 | D4: 광고 $300 + 운영 $50
A5: T1 가격 (USD) | C5: 4.9 | D5: 가장 낮은 진입 가격
A6: 핫마트 수수료 (%) | C6: 0.099 | D6: 수수료 후 수령액 = 가격 × (1-9.9%)
A7: 검사 완료율 | C7: 0.65 | D7: 클릭 후 검사까지 완료하는 비율
A8: T1 구매 전환율 | C8: 0.06 | D8: 결과 페이지에서 T1 구매하는 비율
A9: CPC (USD) | C9: 0.25 | D9: 광고 클릭당 비용
A11: 손익분기점 계산 결과 | D11: 의미
A12: T1 1건당 순수익 (USD) | C12: =C5*(1-C6) -> 4.4149 | D12: 핫마트 수수료 제외 실수령액
A13: 월 손익분기 판매 건수 | C13: =CEILING(C4/(C5*(1-C6)),1) -> 80 | D13: 이 건수 이상 판매해야 흑자
A14: 월 필요 검사 완료자 수 | C14: =CEILING((C4/(C5*(1-C6)))/C8,1) -> 1322 | D14: 완료자 중 전환율 적용
A15: 월 필요 총 유입 클릭 수 | C15: =CEILING(((C4/(C5*(1-C6)))/C8)/C7,1) -> 2033 | D15: 검사 완료율 적용
A16: 월 필요 광고 예산 (USD) | C16: =CEILING(((C4/(C5*(1-C6)))/C8)/C7*C9,1) -> 509 | D16: 이 금액이면 광고만으로 BEP 달성
A17: 현재 설정으로 월 예상 판매 | C17: =(C4/C9)*C7*C8 -> 54.6 | D17: 현재 예산+전환율 기준 예상
A18: 현재 설정으로 월 순이익 | C18: =(C4/C9)*C7*C8*C5*(1-C6)-C4 -> -108.94646 | D18: 음수면 적자 → 가격 or 전환율 올리거나 CPC 낮춰야
A20: 📌 T1 $4.9 기준: 월 350달러 비용 커버하려면 약 80건 판매 필요 → 월 검사 완료자 약 1,300명 필요 → 광고 클릭 약 2,000명 → 광고비 약 $500 필요. → T1만으로는 BEP 도달이 빡빡함. T2($9.9) 업셀 15%만 달성해도 수익구조 역전. 번들 판매 유도가 핵심 전략.
