Workbook

Sheet ① 자동화 가정
B1: ⚙️ Shadowgram 자동화 수익 모델 — 핵심 가정 (파란 셀만 수정)
B2: 민철 씨 개입 = 0 | Hotmart 자동정산 | 이메일 자동화 | 파트너 자율판매 | 5년 복리 성장
B4: 📦 A. 번들 가격 & 오너 수취 단가
B5: 번들 | C5: 판매가($) | D5: Hotmart수수료 | E5: 커미션율 | F5: 오너단가($) | G5: 오너단가(₩)
B6: T1+AppA (트립와이어) | C6: 12.8 | D6: 0.099 | E6: 0.7 | F6: =C6*(1-D6-E6) -> 2.5728 | G6: =F6*C21 -> 0
B7: T2+AppB (OTO) | C7: 19.9 | D7: 0.099 | E7: 0.5 | F7: =C7*(1-D7-E7) -> 7.9799 | G7: =F7*C21 -> 0
B8: T3+AppC (이메일) | C8: 28.9 | D8: 0.099 | E8: 0.4 | F8: =C8*(1-D8-E8) -> 14.4789 | G8: =F8*C21 -> 0
B10: 🤖 B. 자동화 전환율 & 퍼널 파라미터
B11: 항목 | C11: 값 | D11: 설명
B12: T2 OTO 전환율 (자동 팝업) | C12: 0.24 | D12: T1 구매 직후 자동 노출 → 평균 24% 전환
B13: T3 이메일 자동화 전환율 | C13: 0.1 | D13: 구매 후 7일 이메일 시퀀스 자동발송
B14: 파트너 자연 유입 바이럴계수 K | C14: 0.15 | D14: 기존 파트너 1명이 월 0.15명 신규 유입 (추천/입소문)
B15: 연간 파트너 이탈율 | C15: 0.2 | D15: 비활성화 20%/년 → 자동 제거 기준
B16: 파트너 활성화율 (실제 판매 발생) | C16: 0.65 | D16: 등록 파트너 중 65%만 실제 판매
B17: 상위 파트너 비율 (파레토) | C17: 0.2 | D17: 상위 20%가 80% 수익 창출
B18: 환율 (원/달러) | C18: 1400 | D18: 시나리오 변경 가능
B19: 연간 가격 인상율 | C19: 0.05 | D19: 연 5% 가격 인상 (인플레이션 반영)
B20: 연간 전환율 개선율 | C20: 0.03 | D20: 퍼널 최적화로 연 3% OTO 전환율 향상
B22: 🌍 C. 국가별 파트너 초기 설정 (D+1개월 시작값)
B23: 국가 | C23: 언어 | D23: Hotmart인지도 | E23: 초기파트너(명) | F23: 월추가파트너(명) | G23: 1년목표(명) | H23: 주석
B24: 🇧🇷 브라질 | C24: 포르투갈어 | D24: ★★★★★ | E24: 5 | F24: 17 | G24: =E24+F24*12 -> 209 | H24: 홈마켓. 53K+ 파트너생태계
B25: 🇲🇽 멕시코 | C25: 스페인어 | D25: ★★★★☆ | E25: 3 | F25: 13 | G25: =E25+F25*12 -> 159 | H25: 오피스보유. LATAM GMV 50%성장
B26: 🇨🇴 콜롬비아 | C26: 스페인어 | D26: ★★★★☆ | E26: 2 | F26: 7 | G26: =E26+F26*12 -> 86 | H26: 오피스보유. YoY 24.2%
B27: 🇺🇸 미국히스패닉 | C27: 스페인어 | D27: ★★★☆☆ | E27: 2 | F27: 8 | G27: =E27+F27*12 -> 98 | H27: 소득$2100. 달러구매력 최고
B28: 🇦🇷 아르헨티나 | C28: 스페인어 | D28: ★★★☆☆ | E28: 1 | F28: 4 | G28: =E28+F28*12 -> 49 | H28: 인플레이션→달러수익 선호
B29: 🇨🇱 칠레 | C29: 스페인어 | D29: ★★★☆☆ | E29: 1 | F29: 3 | G29: =E29+F29*12 -> 37 | H29: 인터넷94%. 소득 LATAM1위
B30: 🇵🇹 포르투갈 | C30: 포르투갈어 | D30: ★★☆☆☆ | E30: 1 | F30: 3 | G30: =E30+F30*12 -> 37 | H30: 유럽 포르투갈어. 브라질 콘텐츠 소비
B31: 합계 | E31: =SUM(E24:E30) -> 15 | F31: =SUM(F24:F30) -> 55 | G31: =SUM(G24:G30) -> 675
B33: 📈 D. 연도별 자동 성장 배수 (파트너 바이럴 + 이탈 순효과)
B34: 연도 | C34: 파트너성장배수 | D34: 설명
B35: 1년차 | C35: =1+(C12-C13) -> 1.14 | D35: 바이럴K=15% 유입, 이탈20% → 순증가
B36: 2년차 | C36: =1+(C12*1.2-C13*0.9) -> 1.198 | D36: 입소문 확산. 이탈율 개선
B37: 3년차 | C37: =1+(C12*1.5-C13*0.8) -> 1.28 | D37: 브랜드 인지. 파트너 생태계 안정화
B38: 4년차 | C38: =1+(C12*1.8-C13*0.75) -> 1.357 | D38: 복리 효과. 상위 파트너 고착화
B39: 5년차 | C39: =1+(C12*2-C13*0.7) -> 1.41 | D39: 완전 자동화. 민철 씨 개입 ≈ 0

Sheet ② 1년차 월별 시뮬
B1: 📅 1년차 월별 수익 시뮬레이션 — D+1개월 ~ D+12개월
B2: 민철 씨 개입 0 | 자동화 퍼널 | 파레토 파트너 | 국가별 합산
B4: 🌍 국가별 월별 파트너 수 & 수익
B5: 국가 | C5: 1월 | D5: 2월 | E5: 3월 | F5: 4월 | G5: 5월 | H5: 6월 | I5: 7월 | J5: 8월 | K5: 9월 | L5: 10월 | M5: 11월 | N5: 12월 | O5: 연간합계
B6: 🇧🇷 브라질 파트너(명) | C6: =ROUND('① 자동화 가정'!E24+'① 자동화 가정'!F24,0) -> 22 | D6: =ROUND(C6*(1+'① 자동화 가정'!C14/12-'① 자동화 가정'!C15/12)+'① 자동화 가정'!F24,0) -> 39 | E6: =ROUND(D6*(1+'① 자동화 가정'!C14/12-'① 자동화 가정'!C15/12)+'① 자동화 가정'!F24,0) -> 56 | F6: =ROUND(E6*(1+'① 자동화 가정'!C14/12-'① 자동화 가정'!C15/12)+'① 자동화 가정'!F24,0) -> 73 | G6: =ROUND(F6*(1+'① 자동화 가정'!C14/12-'① 자동화 가정'!C15/12)+'① 자동화 가정'!F24,0) -> 90 | H6: =ROUND(G6*(1+'① 자동화 가정'!C14/12-'① 자동화 가정'!C15/12)+'① 자동화 가정'!F24,0) -> 107 | I6: =ROUND(H6*(1+'① 자동화 가정'!C14/12-'① 자동화 가정'!C15/12)+'① 자동화 가정'!F24,0) -> 124 | J6: =ROUND(I6*(1+'① 자동화 가정'!C14/12-'① 자동화 가정'!C15/12)+'① 자동화 가정'!F24,0) -> 140 | K6: =ROUND(J6*(1+'① 자동화 가정'!C14/12-'① 자동화 가정'!C15/12)+'① 자동화 가정'!F24,0) -> 156 | L6: =ROUND(K6*(1+'① 자동화 가정'!C14/12-'① 자동화 가정'!C15/12)+'① 자동화 가정'!F24,0) -> 172 | M6: =ROUND(L6*(1+'① 자동화 가정'!C14/12-'① 자동화 가정'!C15/12)+'① 자동화 가정'!F24,0) -> 188 | N6: =ROUND(M6*(1+'① 자동화 가정'!C14/12-'① 자동화 가정'!C15/12)+'① 자동화 가정'!F24,0) -> 204 | O6: =N6 -> 204
B7: 🇧🇷 브라질 수익($) | C7: =((C6*'① 자동화 가정'!C17*'① 자동화 가정'!C16*80+C6*(1-'① 자동화 가정'!C17)*'① 자동화 가정'!C16*0.375*20+C6*(1-'① 자동화 가정'!C17)*'① 자동화 가정'!C16*0.625*3)*'① 자동화 가정'!F6+(C6*'① 자동화 가정'!C17*'① 자동화 가정'!C16*80+C6*(1-'① 자동화 가정'!C17)*'① 자동화 가정'!C16*0.375*20+C6*(1-'① 자동화 가정'!C17)*'① 자동화 가정'!C16*0.625*3)*'① 자동화 가정'!C12*'① 자동화 가정'!F7+(C6*'① 자동화 가정'!C17*'① 자동화 가정'!C16*80+C6*(1-'① 자동화 가정'!C17)*'① 자동화 가정'!C16*0.375*20+C6*(1-'① 자동화 가정'!C17)*'① 자동화 가정'!C16*0.625*3)*'① 자동화 가정'!C13*'① 자동화 가정'!F8) -> 1994.7478 | D7: =((D6*'① 자동화 가정'!C17*'① 자동화 가정'!C16*80+D6*(1-'① 자동화 가정'!C17)*'① 자동화 가정'!C16*0.375*20+D6*(1-'① 자동화 가정'!C17)*'① 자동화 가정'!C16*0.625*3)*'① 자동화 가정'!F6+(D6*'① 자동화 가정'!C17*'① 자동화 가정'!C16*80+D6*(1-'① 자동화 가정'!C17)*'① 자동화 가정'!C16*0.375*20+D6*(1-'① 자동화 가정'!C17)*'① 자동화 가정'!C16*0.625*3)*'① 자동화 가정'!C12*'① 자동화 가정'!F7+(D6*'① 자동화 가정'!C17*'① 자동화 가정'!C16*80+D6*(1-'① 자동화 가정'!C17)*'① 자동화 가정'!C16*0.375*20+D6*(1-'① 자동화 가정'!C17)*'① 자동화 가정'!C16*0.625*3)*'① 자동화 가정'!C13*'① 자동화 가정'!F8) -> 3536.1438 | E7: =((E6*'① 자동화 가정'!C17*'① 자동화 가정'!C16*80+E6*(1-'① 자동화 가정'!C17)*'① 자동화 가정'!C16*0.375*20+E6*(1-'① 자동화 가정'!C17)*'① 자동화 가정'!C16*0.625*3)*'① 자동화 가정'!F6+(E6*'① 자동화 가정'!C17*'① 자동화 가정'!C16*80+E6*(1-'① 자동화 가정'!C17)*'① 자동화 가정'!C16*0.375*20+E6*(1-'① 자동화 가정'!C17)*'① 자동화 가정'!C16*0.625*3)*'① 자동화 가정'!C12*'① 자동화 가정'!F7+(E6*'① 자동화 가정'!C17*'① 자동화 가정'!C16*80+E6*(1-'① 자동화 가정'!C17)*'① 자동화 가정'!C16*0.375*20+E6*(1-'① 자동화 가정'!C17)*'① 자동화 가정'!C16*0.625*3)*'① 자동화 가정'!C13*'① 자동화 가정'!F8) -> 5077.5398 | F7: =((F6*'① 자동화 가정'!C17*'① 자동화 가정'!C16*80+F6*(1-'① 자동화 가정'!C17)*'① 자동화 가정'!C16*0.375*20+F6*(1-'① 자동화 가정'!C17)*'① 자동화 가정'!C16*0.625*3)*'① 자동화 가정'!F6+(F6*'① 자동화 가정'!C17*'① 자동화 가정'!C16*80+F6*(1-'① 자동화 가정'!C17)*'① 자동화 가정'!C16*0.375*20+F6*(1-'① 자동화 가정'!C17)*'① 자동화 가정'!C16*0.625*3)*'① 자동화 가정'!C12*'① 자동화 가정'!F7+(F6*'① 자동화 가정'!C17*'① 자동화 가정'!C16*80+F6*(1-'① 자동화 가정'!C17)*'① 자동화 가정'!C16*0.375*20+F6*(1-'① 자동화 가정'!C17)*'① 자동화 가정'!C16*0.625*3)*'① 자동화 가정'!C13*'① 자동화 가정'!F8) -> 6618.9358 | G7: =((G6*'① 자동화 가정'!C17*'① 자동화 가정'!C16*80+G6*(1-'① 자동화 가정'!C17)*'① 자동화 가정'!C16*0.375*20+G6*(1-'① 자동화 가정'!C17)*'① 자동화 가정'!C16*0.625*3)*'① 자동화 가정'!F6+(G6*'① 자동화 가정'!C17*'① 자동화 가정'!C16*80+G6*(1-'① 자동화 가정'!C17)*'① 자동화 가정'!C16*0.375*20+G6*(1-'① 자동화 가정'!C17)*'① 자동화 가정'!C16*0.625*3)*'① 자동화 가정'!C12*'① 자동화 가정'!F7+(G6*'① 자동화 가정'!C17*'① 자동화 가정'!C16*80+G6*(1-'① 자동화 가정'!C17)*'① 자동화 가정'!C16*0.375*20+G6*(1-'① 자동화 가정'!C17)*'① 자동화 가정'!C16*0.625*3)*'① 자동화 가정'!C13*'① 자동화 가정'!F8) -> 8160.3318 | H7: =((H6*'① 자동화 가정'!C17*'① 자동화 가정'!C16*80+H6*(1-'① 자동화 가정'!C17)*'① 자동화 가정'!C16*0.375*20+H6*(1-'① 자동화 가정'!C17)*'① 자동화 가정'!C16*0.625*3)*'① 자동화 가정'!F6+(H6*'① 자동화 가정'!C17*'① 자동화 가정'!C16*80+H6*(1-'① 자동화 가정'!C17)*'① 자동화 가정'!C16*0.375*20+H6*(1-'① 자동화 가정'!C17)*'① 자동화 가정'!C16*0.625*3)*'① 자동화 가정'!C12*'① 자동화 가정'!F7+(H6*'① 자동화 가정'!C17*'① 자동화 가정'!C16*80+H6*(1-'① 자동화 가정'!C17)*'① 자동화 가정'!C16*0.375*20+H6*(1-'① 자동화 가정'!C17)*'① 자동화 가정'!C16*0.625*3)*'① 자동화 가정'!C13*'① 자동화 가정'!F8) -> 9701.7278 | I7: =((I6*'① 자동화 가정'!C17*'① 자동화 가정'!C16*80+I6*(1-'① 자동화 가정'!C17)*'① 자동화 가정'!C16*0.375*20+I6*(1-'① 자동화 가정'!C17)*'① 자동화 가정'!C16*0.625*3)*'① 자동화 가정'!F6+(I6*'① 자동화 가정'!C17*'① 자동화 가정'!C16*80+I6*(1-'① 자동화 가정'!C17)*'① 자동화 가정'!C16*0.375*20+I6*(1-'① 자동화 가정'!C17)*'① 자동화 가정'!C16*0.625*3)*'① 자동화 가정'!C12*'① 자동화 가정'!F7+(I6*'① 자동화 가정'!C17*'① 자동화 가정'!C16*80+I6*(1-'① 자동화 가정'!C17)*'① 자동화 가정'!C16*0.375*20+I6*(1-'① 자동화 가정'!C17)*'① 자동화 가정'!C16*0.625*3)*'① 자동화 가정'!C13*'① 자동화 가정'!F8) -> 11243.124 | J7: =((J6*'① 자동화 가정'!C17*'① 자동화 가정'!C16*80+J6*(1-'① 자동화 가정'!C17)*'① 자동화 가정'!C16*0.375*20+J6*(1-'① 자동화 가정'!C17)*'① 자동화 가정'!C16*0.625*3)*'① 자동화 가정'!F6+(J6*'① 자동화 가정'!C17*'① 자동화 가정'!C16*80+J6*(1-'① 자동화 가정'!C17)*'① 자동화 가정'!C16*0.375*20+J6*(1-'① 자동화 가정'!C17)*'① 자동화 가정'!C16*0.625*3)*'① 자동화 가정'!C12*'① 자동화 가정'!F7+(J6*'① 자동화 가정'!C17*'① 자동화 가정'!C16*80+J6*(1-'① 자동화 가정'!C17)*'① 자동화 가정'!C16*0.375*20+J6*(1-'① 자동화 가정'!C17)*'① 자동화 가정'!C16*0.625*3)*'① 자동화 가정'!C13*'① 자동화 가정'!F8) -> 12693.849 | K7: =((K6*'① 자동화 가정'!C17*'① 자동화 가정'!C16*80+K6*(1-'① 자동화 가정'!C17)*'① 자동화 가정'!C16*0.375*20+K6*(1-'① 자동화 가정'!C17)*'① 자동화 가정'!C16*0.625*3)*'① 자동화 가정'!F6+(K6*'① 자동화 가정'!C17*'① 자동화 가정'!C16*80+K6*(1-'① 자동화 가정'!C17)*'① 자동화 가정'!C16*0.375*20+K6*(1-'① 자동화 가정'!C17)*'① 자동화 가정'!C16*0.625*3)*'① 자동화 가정'!C12*'① 자동화 가정'!F7+(K6*'① 자동화 가정'!C17*'① 자동화 가정'!C16*80+K6*(1-'① 자동화 가정'!C17)*'① 자동화 가정'!C16*0.375*20+K6*(1-'① 자동화 가정'!C17)*'① 자동화 가정'!C16*0.625*3)*'① 자동화 가정'!C13*'① 자동화 가정'!F8) -> 14144.575 | L7: =((L6*'① 자동화 가정'!C17*'① 자동화 가정'!C16*80+L6*(1-'① 자동화 가정'!C17)*'① 자동화 가정'!C16*0.375*20+L6*(1-'① 자동화 가정'!C17)*'① 자동화 가정'!C16*0.625*3)*'① 자동화 가정'!F6+(L6*'① 자동화 가정'!C17*'① 자동화 가정'!C16*80+L6*(1-'① 자동화 가정'!C17)*'① 자동화 가정'!C16*0.375*20+L6*(1-'① 자동화 가정'!C17)*'① 자동화 가정'!C16*0.625*3)*'① 자동화 가정'!C12*'① 자동화 가정'!F7+(L6*'① 자동화 가정'!C17*'① 자동화 가정'!C16*80+L6*(1-'① 자동화 가정'!C17)*'① 자동화 가정'!C16*0.375*20+L6*(1-'① 자동화 가정'!C17)*'① 자동화 가정'!C16*0.625*3)*'① 자동화 가정'!C13*'① 자동화 가정'!F8) -> 15595.301 | M7: =((M6*'① 자동화 가정'!C17*'① 자동화 가정'!C16*80+M6*(1-'① 자동화 가정'!C17)*'① 자동화 가정'!C16*0.375*20+M6*(1-'① 자동화 가정'!C17)*'① 자동화 가정'!C16*0.625*3)*'① 자동화 가정'!F6+(M6*'① 자동화 가정'!C17*'① 자동화 가정'!C16*80+M6*(1-'① 자동화 가정'!C17)*'① 자동화 가정'!C16*0.375*20+M6*(1-'① 자동화 가정'!C17)*'① 자동화 가정'!C16*0.625*3)*'① 자동화 가정'!C12*'① 자동화 가정'!F7+(M6*'① 자동화 가정'!C17*'① 자동화 가정'!C16*80+M6*(1-'① 자동화 가정'!C17)*'① 자동화 가정'!C16*0.375*20+M6*(1-'① 자동화 가정'!C17)*'① 자동화 가정'!C16*0.625*3)*'① 자동화 가정'!C13*'① 자동화 가정'!F8) -> 17046.026 | N7: =((N6*'① 자동화 가정'!C17*'① 자동화 가정'!C16*80+N6*(1-'① 자동화 가정'!C17)*'① 자동화 가정'!C16*0.375*20+N6*(1-'① 자동화 가정'!C17)*'① 자동화 가정'!C16*0.625*3)*'① 자동화 가정'!F6+(N6*'① 자동화 가정'!C17*'① 자동화 가정'!C16*80+N6*(1-'① 자동화 가정'!C17)*'① 자동화 가정'!C16*0.375*20+N6*(1-'① 자동화 가정'!C17)*'① 자동화 가정'!C16*0.625*3)*'① 자동화 가정'!C12*'① 자동화 가정'!F7+(N6*'① 자동화 가정'!C17*'① 자동화 가정'!C16*80+N6*(1-'① 자동화 가정'!C17)*'① 자동화 가정'!C16*0.375*20+N6*(1-'① 자동화 가정'!C17)*'① 자동화 가정'!C16*0.625*3)*'① 자동화 가정'!C13*'① 자동화 가정'!F8) -> 18496.752 | O7: =SUM(C7:N7) -> 124309.05
B8: 🇧🇷 브라질 수익(₩) | C8: =C7*'① 자동화 가정'!C18 -> 2792646.9 | D8: =D7*'① 자동화 가정'!C18 -> 4950601.3 | E8: =E7*'① 자동화 가정'!C18 -> 7108555.7 | F8: =F7*'① 자동화 가정'!C18 -> 9266510.1 | G8: =G7*'① 자동화 가정'!C18 -> 11424464 | H8: =H7*'① 자동화 가정'!C18 -> 13582419 | I8: =I7*'① 자동화 가정'!C18 -> 15740373 | J8: =J7*'① 자동화 가정'!C18 -> 17771389 | K8: =K7*'① 자동화 가정'!C18 -> 19802405 | L8: =L7*'① 자동화 가정'!C18 -> 21833421 | M8: =M7*'① 자동화 가정'!C18 -> 23864437 | N8: =N7*'① 자동화 가정'!C18 -> 25895453 | O8: =N7*'① 자동화 가정'!C18 -> 25895453
B10: 🇲🇽 멕시코 파트너(명) | C10: =ROUND('① 자동화 가정'!E25+'① 자동화 가정'!F25,0) -> 16 | D10: =ROUND(C10*(1+'① 자동화 가정'!C14/12-'① 자동화 가정'!C15/12)+'① 자동화 가정'!F25,0) -> 29 | E10: =ROUND(D10*(1+'① 자동화 가정'!C14/12-'① 자동화 가정'!C15/12)+'① 자동화 가정'!F25,0) -> 42 | F10: =ROUND(E10*(1+'① 자동화 가정'!C14/12-'① 자동화 가정'!C15/12)+'① 자동화 가정'!F25,0) -> 55 | G10: =ROUND(F10*(1+'① 자동화 가정'!C14/12-'① 자동화 가정'!C15/12)+'① 자동화 가정'!F25,0) -> 68 | H10: =ROUND(G10*(1+'① 자동화 가정'!C14/12-'① 자동화 가정'!C15/12)+'① 자동화 가정'!F25,0) -> 81 | I10: =ROUND(H10*(1+'① 자동화 가정'!C14/12-'① 자동화 가정'!C15/12)+'① 자동화 가정'!F25,0) -> 94 | J10: =ROUND(I10*(1+'① 자동화 가정'!C14/12-'① 자동화 가정'!C15/12)+'① 자동화 가정'!F25,0) -> 107 | K10: =ROUND(J10*(1+'① 자동화 가정'!C14/12-'① 자동화 가정'!C15/12)+'① 자동화 가정'!F25,0) -> 120 | L10: =ROUND(K10*(1+'① 자동화 가정'!C14/12-'① 자동화 가정'!C15/12)+'① 자동화 가정'!F25,0) -> 133 | M10: =ROUND(L10*(1+'① 자동화 가정'!C14/12-'① 자동화 가정'!C15/12)+'① 자동화 가정'!F25,0) -> 145 | N10: =ROUND(M10*(1+'① 자동화 가정'!C14/12-'① 자동화 가정'!C15/12)+'① 자동화 가정'!F25,0) -> 157 | O10: =N10 -> 157
B11: 🇲🇽 멕시코 수익($) | C11: =((C10*'① 자동화 가정'!C17*'① 자동화 가정'!C16*80+C10*(1-'① 자동화 가정'!C17)*'① 자동화 가정'!C16*0.375*20+C10*(1-'① 자동화 가정'!C17)*'① 자동화 가정'!C16*0.625*3)*'① 자동화 가정'!F6+(C10*'① 자동화 가정'!C17*'① 자동화 가정'!C16*80+C10*(1-'① 자동화 가정'!C17)*'① 자동화 가정'!C16*0.375*20+C10*(1-'① 자동화 가정'!C17)*'① 자동화 가정'!C16*0.625*3)*'① 자동화 가정'!C12*'① 자동화 가정'!F7+(C10*'① 자동화 가정'!C17*'① 자동화 가정'!C16*80+C10*(1-'① 자동화 가정'!C17)*'① 자동화 가정'!C16*0.375*20+C10*(1-'① 자동화 가정'!C17)*'① 자동화 가정'!C16*0.625*3)*'① 자동화 가정'!C13*'① 자동화 가정'!F8) -> 1450.7257 | D11: =((D10*'① 자동화 가정'!C17*'① 자동화 가정'!C16*80+D10*(1-'① 자동화 가정'!C17)*'① 자동화 가정'!C16*0.375*20+D10*(1-'① 자동화 가정'!C17)*'① 자동화 가정'!C16*0.625*3)*'① 자동화 가정'!F6+(D10*'① 자동화 가정'!C17*'① 자동화 가정'!C16*80+D10*(1-'① 자동화 가정'!C17)*'① 자동화 가정'!C16*0.375*20+D10*(1-'① 자동화 가정'!C17)*'① 자동화 가정'!C16*0.625*3)*'① 자동화 가정'!C12*'① 자동화 가정'!F7+(D10*'① 자동화 가정'!C17*'① 자동화 가정'!C16*80+D10*(1-'① 자동화 가정'!C17)*'① 자동화 가정'!C16*0.375*20+D10*(1-'① 자동화 가정'!C17)*'① 자동화 가정'!C16*0.625*3)*'① 자동화 가정'!C13*'① 자동화 가정'!F8) -> 2629.4402 | E11: =((E10*'① 자동화 가정'!C17*'① 자동화 가정'!C16*80+E10*(1-'① 자동화 가정'!C17)*'① 자동화 가정'!C16*0.375*20+E10*(1-'① 자동화 가정'!C17)*'① 자동화 가정'!C16*0.625*3)*'① 자동화 가정'!F6+(E10*'① 자동화 가정'!C17*'① 자동화 가정'!C16*80+E10*(1-'① 자동화 가정'!C17)*'① 자동화 가정'!C16*0.375*20+E10*(1-'① 자동화 가정'!C17)*'① 자동화 가정'!C16*0.625*3)*'① 자동화 가정'!C12*'① 자동화 가정'!F7+(E10*'① 자동화 가정'!C17*'① 자동화 가정'!C16*80+E10*(1-'① 자동화 가정'!C17)*'① 자동화 가정'!C16*0.375*20+E10*(1-'① 자동화 가정'!C17)*'① 자동화 가정'!C16*0.625*3)*'① 자동화 가정'!C13*'① 자동화 가정'!F8) -> 3808.1548 | F11: =((F10*'① 자동화 가정'!C17*'① 자동화 가정'!C16*80+F10*(1-'① 자동화 가정'!C17)*'① 자동화 가정'!C16*0.375*20+F10*(1-'① 자동화 가정'!C17)*'① 자동화 가정'!C16*0.625*3)*'① 자동화 가정'!F6+(F10*'① 자동화 가정'!C17*'① 자동화 가정'!C16*80+F10*(1-'① 자동화 가정'!C17)*'① 자동화 가정'!C16*0.375*20+F10*(1-'① 자동화 가정'!C17)*'① 자동화 가정'!C16*0.625*3)*'① 자동화 가정'!C12*'① 자동화 가정'!F7+(F10*'① 자동화 가정'!C17*'① 자동화 가정'!C16*80+F10*(1-'① 자동화 가정'!C17)*'① 자동화 가정'!C16*0.375*20+F10*(1-'① 자동화 가정'!C17)*'① 자동화 가정'!C16*0.625*3)*'① 자동화 가정'!C13*'① 자동화 가정'!F8) -> 4986.8694 | G11: =((G10*'① 자동화 가정'!C17*'① 자동화 가정'!C16*80+G10*(1-'① 자동화 가정'!C17)*'① 자동화 가정'!C16*0.375*20+G10*(1-'① 자동화 가정'!C17)*'① 자동화 가정'!C16*0.625*3)*'① 자동화 가정'!F6+(G10*'① 자동화 가정'!C17*'① 자동화 가정'!C16*80+G10*(1-'① 자동화 가정'!C17)*'① 자동화 가정'!C16*0.375*20+G10*(1-'① 자동화 가정'!C17)*'① 자동화 가정'!C16*0.625*3)*'① 자동화 가정'!C12*'① 자동화 가정'!F7+(G10*'① 자동화 가정'!C17*'① 자동화 가정'!C16*80+G10*(1-'① 자동화 가정'!C17)*'① 자동화 가정'!C16*0.375*20+G10*(1-'① 자동화 가정'!C17)*'① 자동화 가정'!C16*0.625*3)*'① 자동화 가정'!C13*'① 자동화 가정'!F8) -> 6165.584 | H11: =((H10*'① 자동화 가정'!C17*'① 자동화 가정'!C16*80+H10*(1-'① 자동화 가정'!C17)*'① 자동화 가정'!C16*0.375*20+H10*(1-'① 자동화 가정'!C17)*'① 자동화 가정'!C16*0.625*3)*'① 자동화 가정'!F6+(H10*'① 자동화 가정'!C17*'① 자동화 가정'!C16*80+H10*(1-'① 자동화 가정'!C17)*'① 자동화 가정'!C16*0.375*20+H10*(1-'① 자동화 가정'!C17)*'① 자동화 가정'!C16*0.625*3)*'① 자동화 가정'!C12*'① 자동화 가정'!F7+(H10*'① 자동화 가정'!C17*'① 자동화 가정'!C16*80+H10*(1-'① 자동화 가정'!C17)*'① 자동화 가정'!C16*0.375*20+H10*(1-'① 자동화 가정'!C17)*'① 자동화 가정'!C16*0.625*3)*'① 자동화 가정'!C13*'① 자동화 가정'!F8) -> 7344.2986 | I11: =((I10*'① 자동화 가정'!C17*'① 자동화 가정'!C16*80+I10*(1-'① 자동화 가정'!C17)*'① 자동화 가정'!C16*0.375*20+I10*(1-'① 자동화 가정'!C17)*'① 자동화 가정'!C16*0.625*3)*'① 자동화 가정'!F6+(I10*'① 자동화 가정'!C17*'① 자동화 가정'!C16*80+I10*(1-'① 자동화 가정'!C17)*'① 자동화 가정'!C16*0.375*20+I10*(1-'① 자동화 가정'!C17)*'① 자동화 가정'!C16*0.625*3)*'① 자동화 가정'!C12*'① 자동화 가정'!F7+(I10*'① 자동화 가정'!C17*'① 자동화 가정'!C16*80+I10*(1-'① 자동화 가정'!C17)*'① 자동화 가정'!C16*0.375*20+I10*(1-'① 자동화 가정'!C17)*'① 자동화 가정'!C16*0.625*3)*'① 자동화 가정'!C13*'① 자동화 가정'!F8) -> 8523.0132 | J11: =((J10*'① 자동화 가정'!C17*'① 자동화 가정'!C16*80+J10*(1-'① 자동화 가정'!C17)*'① 자동화 가정'!C16*0.375*20+J10*(1-'① 자동화 가정'!C17)*'① 자동화 가정'!C16*0.625*3)*'① 자동화 가정'!F6+(J10*'① 자동화 가정'!C17*'① 자동화 가정'!C16*80+J10*(1-'① 자동화 가정'!C17)*'① 자동화 가정'!C16*0.375*20+J10*(1-'① 자동화 가정'!C17)*'① 자동화 가정'!C16*0.625*3)*'① 자동화 가정'!C12*'① 자동화 가정'!F7+(J10*'① 자동화 가정'!C17*'① 자동화 가정'!C16*80+J10*(1-'① 자동화 가정'!C17)*'① 자동화 가정'!C16*0.375*20+J10*(1-'① 자동화 가정'!C17)*'① 자동화 가정'!C16*0.625*3)*'① 자동화 가정'!C13*'① 자동화 가정'!F8) -> 9701.7278 | K11: =((K10*'① 자동화 가정'!C17*'① 자동화 가정'!C16*80+K10*(1-'① 자동화 가정'!C17)*'① 자동화 가정'!C16*0.375*20+K10*(1-'① 자동화 가정'!C17)*'① 자동화 가정'!C16*0.625*3)*'① 자동화 가정'!F6+(K10*'① 자동화 가정'!C17*'① 자동화 가정'!C16*80+K10*(1-'① 자동화 가정'!C17)*'① 자동화 가정'!C16*0.375*20+K10*(1-'① 자동화 가정'!C17)*'① 자동화 가정'!C16*0.625*3)*'① 자동화 가정'!C12*'① 자동화 가정'!F7+(K10*'① 자동화 가정'!C17*'① 자동화 가정'!C16*80+K10*(1-'① 자동화 가정'!C17)*'① 자동화 가정'!C16*0.375*20+K10*(1-'① 자동화 가정'!C17)*'① 자동화 가정'!C16*0.625*3)*'① 자동화 가정'!C13*'① 자동화 가정'!F8) -> 10880.442 | L11: =((L10*'① 자동화 가정'!C17*'① 자동화 가정'!C16*80+L10*(1-'① 자동화 가정'!C17)*'① 자동화 가정'!C16*0.375*20+L10*(1-'① 자동화 가정'!C17)*'① 자동화 가정'!C16*0.625*3)*'① 자동화 가정'!F6+(L10*'① 자동화 가정'!C17*'① 자동화 가정'!C16*80+L10*(1-'① 자동화 가정'!C17)*'① 자동화 가정'!C16*0.375*20+L10*(1-'① 자동화 가정'!C17)*'① 자동화 가정'!C16*0.625*3)*'① 자동화 가정'!C12*'① 자동화 가정'!F7+(L10*'① 자동화 가정'!C17*'① 자동화 가정'!C16*80+L10*(1-'① 자동화 가정'!C17)*'① 자동화 가정'!C16*0.375*20+L10*(1-'① 자동화 가정'!C17)*'① 자동화 가정'!C16*0.625*3)*'① 자동화 가정'!C13*'① 자동화 가정'!F8) -> 12059.157 | M11: =((M10*'① 자동화 가정'!C17*'① 자동화 가정'!C16*80+M10*(1-'① 자동화 가정'!C17)*'① 자동화 가정'!C16*0.375*20+M10*(1-'① 자동화 가정'!C17)*'① 자동화 가정'!C16*0.625*3)*'① 자동화 가정'!F6+(M10*'① 자동화 가정'!C17*'① 자동화 가정'!C16*80+M10*(1-'① 자동화 가정'!C17)*'① 자동화 가정'!C16*0.375*20+M10*(1-'① 자동화 가정'!C17)*'① 자동화 가정'!C16*0.625*3)*'① 자동화 가정'!C12*'① 자동화 가정'!F7+(M10*'① 자동화 가정'!C17*'① 자동화 가정'!C16*80+M10*(1-'① 자동화 가정'!C17)*'① 자동화 가정'!C16*0.375*20+M10*(1-'① 자동화 가정'!C17)*'① 자동화 가정'!C16*0.625*3)*'① 자동화 가정'!C13*'① 자동화 가정'!F8) -> 13147.201 | N11: =((N10*'① 자동화 가정'!C17*'① 자동화 가정'!C16*80+N10*(1-'① 자동화 가정'!C17)*'① 자동화 가정'!C16*0.375*20+N10*(1-'① 자동화 가정'!C17)*'① 자동화 가정'!C16*0.625*3)*'① 자동화 가정'!F6+(N10*'① 자동화 가정'!C17*'① 자동화 가정'!C16*80+N10*(1-'① 자동화 가정'!C17)*'① 자동화 가정'!C16*0.375*20+N10*(1-'① 자동화 가정'!C17)*'① 자동화 가정'!C16*0.625*3)*'① 자동화 가정'!C12*'① 자동화 가정'!F7+(N10*'① 자동화 가정'!C17*'① 자동화 가정'!C16*80+N10*(1-'① 자동화 가정'!C17)*'① 자동화 가정'!C16*0.375*20+N10*(1-'① 자동화 가정'!C17)*'① 자동화 가정'!C16*0.625*3)*'① 자동화 가정'!C13*'① 자동화 가정'!F8) -> 14235.245 | O11: =SUM(C11:N11) -> 94931.86
B12: 🇲🇽 멕시코 수익(₩) | C12: =C11*'① 자동화 가정'!C18 -> 2031015.9 | D12: =D11*'① 자동화 가정'!C18 -> 3681216.3 | E12: =E11*'① 자동화 가정'!C18 -> 5331416.8 | F12: =F11*'① 자동화 가정'!C18 -> 6981617.2 | G12: =G11*'① 자동화 가정'!C18 -> 8631817.6 | H12: =H11*'① 자동화 가정'!C18 -> 10282018 | I12: =I11*'① 자동화 가정'!C18 -> 11932218 | J12: =J11*'① 자동화 가정'!C18 -> 13582419 | K12: =K11*'① 자동화 가정'!C18 -> 15232619 | L12: =L11*'① 자동화 가정'!C18 -> 16882820 | M12: =M11*'① 자동화 가정'!C18 -> 18406082 | N12: =N11*'① 자동화 가정'!C18 -> 19929344 | O12: =N11*'① 자동화 가정'!C18 -> 19929344
B14: 🇨🇴 콜롬비아 파트너(명) | C14: =ROUND('① 자동화 가정'!E26+'① 자동화 가정'!F26,0) -> 9 | D14: =ROUND(C14*(1+'① 자동화 가정'!C14/12-'① 자동화 가정'!C15/12)+'① 자동화 가정'!F26,0) -> 16 | E14: =ROUND(D14*(1+'① 자동화 가정'!C14/12-'① 자동화 가정'!C15/12)+'① 자동화 가정'!F26,0) -> 23 | F14: =ROUND(E14*(1+'① 자동화 가정'!C14/12-'① 자동화 가정'!C15/12)+'① 자동화 가정'!F26,0) -> 30 | G14: =ROUND(F14*(1+'① 자동화 가정'!C14/12-'① 자동화 가정'!C15/12)+'① 자동화 가정'!F26,0) -> 37 | H14: =ROUND(G14*(1+'① 자동화 가정'!C14/12-'① 자동화 가정'!C15/12)+'① 자동화 가정'!F26,0) -> 44 | I14: =ROUND(H14*(1+'① 자동화 가정'!C14/12-'① 자동화 가정'!C15/12)+'① 자동화 가정'!F26,0) -> 51 | J14: =ROUND(I14*(1+'① 자동화 가정'!C14/12-'① 자동화 가정'!C15/12)+'① 자동화 가정'!F26,0) -> 58 | K14: =ROUND(J14*(1+'① 자동화 가정'!C14/12-'① 자동화 가정'!C15/12)+'① 자동화 가정'!F26,0) -> 65 | L14: =ROUND(K14*(1+'① 자동화 가정'!C14/12-'① 자동화 가정'!C15/12)+'① 자동화 가정'!F26,0) -> 72 | M14: =ROUND(L14*(1+'① 자동화 가정'!C14/12-'① 자동화 가정'!C15/12)+'① 자동화 가정'!F26,0) -> 79 | N14: =ROUND(M14*(1+'① 자동화 가정'!C14/12-'① 자동화 가정'!C15/12)+'① 자동화 가정'!F26,0) -> 86 | O14: =N14 -> 86
B15: 🇨🇴 콜롬비아 수익($) | C15: =((C14*'① 자동화 가정'!C17*'① 자동화 가정'!C16*80+C14*(1-'① 자동화 가정'!C17)*'① 자동화 가정'!C16*0.375*20+C14*(1-'① 자동화 가정'!C17)*'① 자동화 가정'!C16*0.625*3)*'① 자동화 가정'!F6+(C14*'① 자동화 가정'!C17*'① 자동화 가정'!C16*80+C14*(1-'① 자동화 가정'!C17)*'① 자동화 가정'!C16*0.375*20+C14*(1-'① 자동화 가정'!C17)*'① 자동화 가정'!C16*0.625*3)*'① 자동화 가정'!C12*'① 자동화 가정'!F7+(C14*'① 자동화 가정'!C17*'① 자동화 가정'!C16*80+C14*(1-'① 자동화 가정'!C17)*'① 자동화 가정'!C16*0.375*20+C14*(1-'① 자동화 가정'!C17)*'① 자동화 가정'!C16*0.625*3)*'① 자동화 가정'!C13*'① 자동화 가정'!F8) -> 816.03318 | D15: =((D14*'① 자동화 가정'!C17*'① 자동화 가정'!C16*80+D14*(1-'① 자동화 가정'!C17)*'① 자동화 가정'!C16*0.375*20+D14*(1-'① 자동화 가정'!C17)*'① 자동화 가정'!C16*0.625*3)*'① 자동화 가정'!F6+(D14*'① 자동화 가정'!C17*'① 자동화 가정'!C16*80+D14*(1-'① 자동화 가정'!C17)*'① 자동화 가정'!C16*0.375*20+D14*(1-'① 자동화 가정'!C17)*'① 자동화 가정'!C16*0.625*3)*'① 자동화 가정'!C12*'① 자동화 가정'!F7+(D14*'① 자동화 가정'!C17*'① 자동화 가정'!C16*80+D14*(1-'① 자동화 가정'!C17)*'① 자동화 가정'!C16*0.375*20+D14*(1-'① 자동화 가정'!C17)*'① 자동화 가정'!C16*0.625*3)*'① 자동화 가정'!C13*'① 자동화 가정'!F8) -> 1450.7257 | E15: =((E14*'① 자동화 가정'!C17*'① 자동화 가정'!C16*80+E14*(1-'① 자동화 가정'!C17)*'① 자동화 가정'!C16*0.375*20+E14*(1-'① 자동화 가정'!C17)*'① 자동화 가정'!C16*0.625*3)*'① 자동화 가정'!F6+(E14*'① 자동화 가정'!C17*'① 자동화 가정'!C16*80+E14*(1-'① 자동화 가정'!C17)*'① 자동화 가정'!C16*0.375*20+E14*(1-'① 자동화 가정'!C17)*'① 자동화 가정'!C16*0.625*3)*'① 자동화 가정'!C12*'① 자동화 가정'!F7+(E14*'① 자동화 가정'!C17*'① 자동화 가정'!C16*80+E14*(1-'① 자동화 가정'!C17)*'① 자동화 가정'!C16*0.375*20+E14*(1-'① 자동화 가정'!C17)*'① 자동화 가정'!C16*0.625*3)*'① 자동화 가정'!C13*'① 자동화 가정'!F8) -> 2085.4181 | F15: =((F14*'① 자동화 가정'!C17*'① 자동화 가정'!C16*80+F14*(1-'① 자동화 가정'!C17)*'① 자동화 가정'!C16*0.375*20+F14*(1-'① 자동화 가정'!C17)*'① 자동화 가정'!C16*0.625*3)*'① 자동화 가정'!F6+(F14*'① 자동화 가정'!C17*'① 자동화 가정'!C16*80+F14*(1-'① 자동화 가정'!C17)*'① 자동화 가정'!C16*0.375*20+F14*(1-'① 자동화 가정'!C17)*'① 자동화 가정'!C16*0.625*3)*'① 자동화 가정'!C12*'① 자동화 가정'!F7+(F14*'① 자동화 가정'!C17*'① 자동화 가정'!C16*80+F14*(1-'① 자동화 가정'!C17)*'① 자동화 가정'!C16*0.375*20+F14*(1-'① 자동화 가정'!C17)*'① 자동화 가정'!C16*0.625*3)*'① 자동화 가정'!C13*'① 자동화 가정'!F8) -> 2720.1106 | G15: =((G14*'① 자동화 가정'!C17*'① 자동화 가정'!C16*80+G14*(1-'① 자동화 가정'!C17)*'① 자동화 가정'!C16*0.375*20+G14*(1-'① 자동화 가정'!C17)*'① 자동화 가정'!C16*0.625*3)*'① 자동화 가정'!F6+(G14*'① 자동화 가정'!C17*'① 자동화 가정'!C16*80+G14*(1-'① 자동화 가정'!C17)*'① 자동화 가정'!C16*0.375*20+G14*(1-'① 자동화 가정'!C17)*'① 자동화 가정'!C16*0.625*3)*'① 자동화 가정'!C12*'① 자동화 가정'!F7+(G14*'① 자동화 가정'!C17*'① 자동화 가정'!C16*80+G14*(1-'① 자동화 가정'!C17)*'① 자동화 가정'!C16*0.375*20+G14*(1-'① 자동화 가정'!C17)*'① 자동화 가정'!C16*0.625*3)*'① 자동화 가정'!C13*'① 자동화 가정'!F8) -> 3354.8031 | H15: =((H14*'① 자동화 가정'!C17*'① 자동화 가정'!C16*80+H14*(1-'① 자동화 가정'!C17)*'① 자동화 가정'!C16*0.375*20+H14*(1-'① 자동화 가정'!C17)*'① 자동화 가정'!C16*0.625*3)*'① 자동화 가정'!F6+(H14*'① 자동화 가정'!C17*'① 자동화 가정'!C16*80+H14*(1-'① 자동화 가정'!C17)*'① 자동화 가정'!C16*0.375*20+H14*(1-'① 자동화 가정'!C17)*'① 자동화 가정'!C16*0.625*3)*'① 자동화 가정'!C12*'① 자동화 가정'!F7+(H14*'① 자동화 가정'!C17*'① 자동화 가정'!C16*80+H14*(1-'① 자동화 가정'!C17)*'① 자동화 가정'!C16*0.375*20+H14*(1-'① 자동화 가정'!C17)*'① 자동화 가정'!C16*0.625*3)*'① 자동화 가정'!C13*'① 자동화 가정'!F8) -> 3989.4955 | I15: =((I14*'① 자동화 가정'!C17*'① 자동화 가정'!C16*80+I14*(1-'① 자동화 가정'!C17)*'① 자동화 가정'!C16*0.375*20+I14*(1-'① 자동화 가정'!C17)*'① 자동화 가정'!C16*0.625*3)*'① 자동화 가정'!F6+(I14*'① 자동화 가정'!C17*'① 자동화 가정'!C16*80+I14*(1-'① 자동화 가정'!C17)*'① 자동화 가정'!C16*0.375*20+I14*(1-'① 자동화 가정'!C17)*'① 자동화 가정'!C16*0.625*3)*'① 자동화 가정'!C12*'① 자동화 가정'!F7+(I14*'① 자동화 가정'!C17*'① 자동화 가정'!C16*80+I14*(1-'① 자동화 가정'!C17)*'① 자동화 가정'!C16*0.375*20+I14*(1-'① 자동화 가정'!C17)*'① 자동화 가정'!C16*0.625*3)*'① 자동화 가정'!C13*'① 자동화 가정'!F8) -> 4624.188 | J15: =((J14*'① 자동화 가정'!C17*'① 자동화 가정'!C16*80+J14*(1-'① 자동화 가정'!C17)*'① 자동화 가정'!C16*0.375*20+J14*(1-'① 자동화 가정'!C17)*'① 자동화 가정'!C16*0.625*3)*'① 자동화 가정'!F6+(J14*'① 자동화 가정'!C17*'① 자동화 가정'!C16*80+J14*(1-'① 자동화 가정'!C17)*'① 자동화 가정'!C16*0.375*20+J14*(1-'① 자동화 가정'!C17)*'① 자동화 가정'!C16*0.625*3)*'① 자동화 가정'!C12*'① 자동화 가정'!F7+(J14*'① 자동화 가정'!C17*'① 자동화 가정'!C16*80+J14*(1-'① 자동화 가정'!C17)*'① 자동화 가정'!C16*0.375*20+J14*(1-'① 자동화 가정'!C17)*'① 자동화 가정'!C16*0.625*3)*'① 자동화 가정'!C13*'① 자동화 가정'!F8) -> 5258.8805 | K15: =((K14*'① 자동화 가정'!C17*'① 자동화 가정'!C16*80+K14*(1-'① 자동화 가정'!C17)*'① 자동화 가정'!C16*0.375*20+K14*(1-'① 자동화 가정'!C17)*'① 자동화 가정'!C16*0.625*3)*'① 자동화 가정'!F6+(K14*'① 자동화 가정'!C17*'① 자동화 가정'!C16*80+K14*(1-'① 자동화 가정'!C17)*'① 자동화 가정'!C16*0.375*20+K14*(1-'① 자동화 가정'!C17)*'① 자동화 가정'!C16*0.625*3)*'① 자동화 가정'!C12*'① 자동화 가정'!F7+(K14*'① 자동화 가정'!C17*'① 자동화 가정'!C16*80+K14*(1-'① 자동화 가정'!C17)*'① 자동화 가정'!C16*0.375*20+K14*(1-'① 자동화 가정'!C17)*'① 자동화 가정'!C16*0.625*3)*'① 자동화 가정'!C13*'① 자동화 가정'!F8) -> 5893.573 | L15: =((L14*'① 자동화 가정'!C17*'① 자동화 가정'!C16*80+L14*(1-'① 자동화 가정'!C17)*'① 자동화 가정'!C16*0.375*20+L14*(1-'① 자동화 가정'!C17)*'① 자동화 가정'!C16*0.625*3)*'① 자동화 가정'!F6+(L14*'① 자동화 가정'!C17*'① 자동화 가정'!C16*80+L14*(1-'① 자동화 가정'!C17)*'① 자동화 가정'!C16*0.375*20+L14*(1-'① 자동화 가정'!C17)*'① 자동화 가정'!C16*0.625*3)*'① 자동화 가정'!C12*'① 자동화 가정'!F7+(L14*'① 자동화 가정'!C17*'① 자동화 가정'!C16*80+L14*(1-'① 자동화 가정'!C17)*'① 자동화 가정'!C16*0.375*20+L14*(1-'① 자동화 가정'!C17)*'① 자동화 가정'!C16*0.625*3)*'① 자동화 가정'!C13*'① 자동화 가정'!F8) -> 6528.2654 | M15: =((M14*'① 자동화 가정'!C17*'① 자동화 가정'!C16*80+M14*(1-'① 자동화 가정'!C17)*'① 자동화 가정'!C16*0.375*20+M14*(1-'① 자동화 가정'!C17)*'① 자동화 가정'!C16*0.625*3)*'① 자동화 가정'!F6+(M14*'① 자동화 가정'!C17*'① 자동화 가정'!C16*80+M14*(1-'① 자동화 가정'!C17)*'① 자동화 가정'!C16*0.375*20+M14*(1-'① 자동화 가정'!C17)*'① 자동화 가정'!C16*0.625*3)*'① 자동화 가정'!C12*'① 자동화 가정'!F7+(M14*'① 자동화 가정'!C17*'① 자동화 가정'!C16*80+M14*(1-'① 자동화 가정'!C17)*'① 자동화 가정'!C16*0.375*20+M14*(1-'① 자동화 가정'!C17)*'① 자동화 가정'!C16*0.625*3)*'① 자동화 가정'!C13*'① 자동화 가정'!F8) -> 7162.9579 | N15: =((N14*'① 자동화 가정'!C17*'① 자동화 가정'!C16*80+N14*(1-'① 자동화 가정'!C17)*'① 자동화 가정'!C16*0.375*20+N14*(1-'① 자동화 가정'!C17)*'① 자동화 가정'!C16*0.625*3)*'① 자동화 가정'!F6+(N14*'① 자동화 가정'!C17*'① 자동화 가정'!C16*80+N14*(1-'① 자동화 가정'!C17)*'① 자동화 가정'!C16*0.375*20+N14*(1-'① 자동화 가정'!C17)*'① 자동화 가정'!C16*0.625*3)*'① 자동화 가정'!C12*'① 자동화 가정'!F7+(N14*'① 자동화 가정'!C17*'① 자동화 가정'!C16*80+N14*(1-'① 자동화 가정'!C17)*'① 자동화 가정'!C16*0.375*20+N14*(1-'① 자동화 가정'!C17)*'① 자동화 가정'!C16*0.625*3)*'① 자동화 가정'!C13*'① 자동화 가정'!F8) -> 7797.6504 | O15: =SUM(C15:N15) -> 51682.101
B16: 🇨🇴 콜롬비아 수익(₩) | C16: =C15*'① 자동화 가정'!C18 -> 1142446.4 | D16: =D15*'① 자동화 가정'!C18 -> 2031015.9 | E16: =E15*'① 자동화 가정'!C18 -> 2919585.4 | F16: =F15*'① 자동화 가정'!C18 -> 3808154.8 | G16: =G15*'① 자동화 가정'!C18 -> 4696724.3 | H16: =H15*'① 자동화 가정'!C18 -> 5585293.8 | I16: =I15*'① 자동화 가정'!C18 -> 6473863.2 | J16: =J15*'① 자동화 가정'!C18 -> 7362432.7 | K16: =K15*'① 자동화 가정'!C18 -> 8251002.1 | L16: =L15*'① 자동화 가정'!C18 -> 9139571.6 | M16: =M15*'① 자동화 가정'!C18 -> 10028141 | N16: =N15*'① 자동화 가정'!C18 -> 10916711 | O16: =N15*'① 자동화 가정'!C18 -> 10916711
B18: 🇺🇸 미국히스패닉 파트너(명) | C18: =ROUND('① 자동화 가정'!E27+'① 자동화 가정'!F27,0) -> 10 | D18: =ROUND(C18*(1+'① 자동화 가정'!C14/12-'① 자동화 가정'!C15/12)+'① 자동화 가정'!F27,0) -> 18 | E18: =ROUND(D18*(1+'① 자동화 가정'!C14/12-'① 자동화 가정'!C15/12)+'① 자동화 가정'!F27,0) -> 26 | F18: =ROUND(E18*(1+'① 자동화 가정'!C14/12-'① 자동화 가정'!C15/12)+'① 자동화 가정'!F27,0) -> 34 | G18: =ROUND(F18*(1+'① 자동화 가정'!C14/12-'① 자동화 가정'!C15/12)+'① 자동화 가정'!F27,0) -> 42 | H18: =ROUND(G18*(1+'① 자동화 가정'!C14/12-'① 자동화 가정'!C15/12)+'① 자동화 가정'!F27,0) -> 50 | I18: =ROUND(H18*(1+'① 자동화 가정'!C14/12-'① 자동화 가정'!C15/12)+'① 자동화 가정'!F27,0) -> 58 | J18: =ROUND(I18*(1+'① 자동화 가정'!C14/12-'① 자동화 가정'!C15/12)+'① 자동화 가정'!F27,0) -> 66 | K18: =ROUND(J18*(1+'① 자동화 가정'!C14/12-'① 자동화 가정'!C15/12)+'① 자동화 가정'!F27,0) -> 74 | L18: =ROUND(K18*(1+'① 자동화 가정'!C14/12-'① 자동화 가정'!C15/12)+'① 자동화 가정'!F27,0) -> 82 | M18: =ROUND(L18*(1+'① 자동화 가정'!C14/12-'① 자동화 가정'!C15/12)+'① 자동화 가정'!F27,0) -> 90 | N18: =ROUND(M18*(1+'① 자동화 가정'!C14/12-'① 자동화 가정'!C15/12)+'① 자동화 가정'!F27,0) -> 98 | O18: =N18 -> 98
B19: 🇺🇸 미국히스패닉 수익($) | C19: =((C18*'① 자동화 가정'!C17*'① 자동화 가정'!C16*80+C18*(1-'① 자동화 가정'!C17)*'① 자동화 가정'!C16*0.375*20+C18*(1-'① 자동화 가정'!C17)*'① 자동화 가정'!C16*0.625*3)*'① 자동화 가정'!F6+(C18*'① 자동화 가정'!C17*'① 자동화 가정'!C16*80+C18*(1-'① 자동화 가정'!C17)*'① 자동화 가정'!C16*0.375*20+C18*(1-'① 자동화 가정'!C17)*'① 자동화 가정'!C16*0.625*3)*'① 자동화 가정'!C12*'① 자동화 가정'!F7+(C18*'① 자동화 가정'!C17*'① 자동화 가정'!C16*80+C18*(1-'① 자동화 가정'!C17)*'① 자동화 가정'!C16*0.375*20+C18*(1-'① 자동화 가정'!C17)*'① 자동화 가정'!C16*0.625*3)*'① 자동화 가정'!C13*'① 자동화 가정'!F8) -> 906.70353 | D19: =((D18*'① 자동화 가정'!C17*'① 자동화 가정'!C16*80+D18*(1-'① 자동화 가정'!C17)*'① 자동화 가정'!C16*0.375*20+D18*(1-'① 자동화 가정'!C17)*'① 자동화 가정'!C16*0.625*3)*'① 자동화 가정'!F6+(D18*'① 자동화 가정'!C17*'① 자동화 가정'!C16*80+D18*(1-'① 자동화 가정'!C17)*'① 자동화 가정'!C16*0.375*20+D18*(1-'① 자동화 가정'!C17)*'① 자동화 가정'!C16*0.625*3)*'① 자동화 가정'!C12*'① 자동화 가정'!F7+(D18*'① 자동화 가정'!C17*'① 자동화 가정'!C16*80+D18*(1-'① 자동화 가정'!C17)*'① 자동화 가정'!C16*0.375*20+D18*(1-'① 자동화 가정'!C17)*'① 자동화 가정'!C16*0.625*3)*'① 자동화 가정'!C13*'① 자동화 가정'!F8) -> 1632.0664 | E19: =((E18*'① 자동화 가정'!C17*'① 자동화 가정'!C16*80+E18*(1-'① 자동화 가정'!C17)*'① 자동화 가정'!C16*0.375*20+E18*(1-'① 자동화 가정'!C17)*'① 자동화 가정'!C16*0.625*3)*'① 자동화 가정'!F6+(E18*'① 자동화 가정'!C17*'① 자동화 가정'!C16*80+E18*(1-'① 자동화 가정'!C17)*'① 자동화 가정'!C16*0.375*20+E18*(1-'① 자동화 가정'!C17)*'① 자동화 가정'!C16*0.625*3)*'① 자동화 가정'!C12*'① 자동화 가정'!F7+(E18*'① 자동화 가정'!C17*'① 자동화 가정'!C16*80+E18*(1-'① 자동화 가정'!C17)*'① 자동화 가정'!C16*0.375*20+E18*(1-'① 자동화 가정'!C17)*'① 자동화 가정'!C16*0.625*3)*'① 자동화 가정'!C13*'① 자동화 가정'!F8) -> 2357.4292 | F19: =((F18*'① 자동화 가정'!C17*'① 자동화 가정'!C16*80+F18*(1-'① 자동화 가정'!C17)*'① 자동화 가정'!C16*0.375*20+F18*(1-'① 자동화 가정'!C17)*'① 자동화 가정'!C16*0.625*3)*'① 자동화 가정'!F6+(F18*'① 자동화 가정'!C17*'① 자동화 가정'!C16*80+F18*(1-'① 자동화 가정'!C17)*'① 자동화 가정'!C16*0.375*20+F18*(1-'① 자동화 가정'!C17)*'① 자동화 가정'!C16*0.625*3)*'① 자동화 가정'!C12*'① 자동화 가정'!F7+(F18*'① 자동화 가정'!C17*'① 자동화 가정'!C16*80+F18*(1-'① 자동화 가정'!C17)*'① 자동화 가정'!C16*0.375*20+F18*(1-'① 자동화 가정'!C17)*'① 자동화 가정'!C16*0.625*3)*'① 자동화 가정'!C13*'① 자동화 가정'!F8) -> 3082.792 | G19: =((G18*'① 자동화 가정'!C17*'① 자동화 가정'!C16*80+G18*(1-'① 자동화 가정'!C17)*'① 자동화 가정'!C16*0.375*20+G18*(1-'① 자동화 가정'!C17)*'① 자동화 가정'!C16*0.625*3)*'① 자동화 가정'!F6+(G18*'① 자동화 가정'!C17*'① 자동화 가정'!C16*80+G18*(1-'① 자동화 가정'!C17)*'① 자동화 가정'!C16*0.375*20+G18*(1-'① 자동화 가정'!C17)*'① 자동화 가정'!C16*0.625*3)*'① 자동화 가정'!C12*'① 자동화 가정'!F7+(G18*'① 자동화 가정'!C17*'① 자동화 가정'!C16*80+G18*(1-'① 자동화 가정'!C17)*'① 자동화 가정'!C16*0.375*20+G18*(1-'① 자동화 가정'!C17)*'① 자동화 가정'!C16*0.625*3)*'① 자동화 가정'!C13*'① 자동화 가정'!F8) -> 3808.1548 | H19: =((H18*'① 자동화 가정'!C17*'① 자동화 가정'!C16*80+H18*(1-'① 자동화 가정'!C17)*'① 자동화 가정'!C16*0.375*20+H18*(1-'① 자동화 가정'!C17)*'① 자동화 가정'!C16*0.625*3)*'① 자동화 가정'!F6+(H18*'① 자동화 가정'!C17*'① 자동화 가정'!C16*80+H18*(1-'① 자동화 가정'!C17)*'① 자동화 가정'!C16*0.375*20+H18*(1-'① 자동화 가정'!C17)*'① 자동화 가정'!C16*0.625*3)*'① 자동화 가정'!C12*'① 자동화 가정'!F7+(H18*'① 자동화 가정'!C17*'① 자동화 가정'!C16*80+H18*(1-'① 자동화 가정'!C17)*'① 자동화 가정'!C16*0.375*20+H18*(1-'① 자동화 가정'!C17)*'① 자동화 가정'!C16*0.625*3)*'① 자동화 가정'!C13*'① 자동화 가정'!F8) -> 4533.5177 | I19: =((I18*'① 자동화 가정'!C17*'① 자동화 가정'!C16*80+I18*(1-'① 자동화 가정'!C17)*'① 자동화 가정'!C16*0.375*20+I18*(1-'① 자동화 가정'!C17)*'① 자동화 가정'!C16*0.625*3)*'① 자동화 가정'!F6+(I18*'① 자동화 가정'!C17*'① 자동화 가정'!C16*80+I18*(1-'① 자동화 가정'!C17)*'① 자동화 가정'!C16*0.375*20+I18*(1-'① 자동화 가정'!C17)*'① 자동화 가정'!C16*0.625*3)*'① 자동화 가정'!C12*'① 자동화 가정'!F7+(I18*'① 자동화 가정'!C17*'① 자동화 가정'!C16*80+I18*(1-'① 자동화 가정'!C17)*'① 자동화 가정'!C16*0.375*20+I18*(1-'① 자동화 가정'!C17)*'① 자동화 가정'!C16*0.625*3)*'① 자동화 가정'!C13*'① 자동화 가정'!F8) -> 5258.8805 | J19: =((J18*'① 자동화 가정'!C17*'① 자동화 가정'!C16*80+J18*(1-'① 자동화 가정'!C17)*'① 자동화 가정'!C16*0.375*20+J18*(1-'① 자동화 가정'!C17)*'① 자동화 가정'!C16*0.625*3)*'① 자동화 가정'!F6+(J18*'① 자동화 가정'!C17*'① 자동화 가정'!C16*80+J18*(1-'① 자동화 가정'!C17)*'① 자동화 가정'!C16*0.375*20+J18*(1-'① 자동화 가정'!C17)*'① 자동화 가정'!C16*0.625*3)*'① 자동화 가정'!C12*'① 자동화 가정'!F7+(J18*'① 자동화 가정'!C17*'① 자동화 가정'!C16*80+J18*(1-'① 자동화 가정'!C17)*'① 자동화 가정'!C16*0.375*20+J18*(1-'① 자동화 가정'!C17)*'① 자동화 가정'!C16*0.625*3)*'① 자동화 가정'!C13*'① 자동화 가정'!F8) -> 5984.2433 | K19: =((K18*'① 자동화 가정'!C17*'① 자동화 가정'!C16*80+K18*(1-'① 자동화 가정'!C17)*'① 자동화 가정'!C16*0.375*20+K18*(1-'① 자동화 가정'!C17)*'① 자동화 가정'!C16*0.625*3)*'① 자동화 가정'!F6+(K18*'① 자동화 가정'!C17*'① 자동화 가정'!C16*80+K18*(1-'① 자동화 가정'!C17)*'① 자동화 가정'!C16*0.375*20+K18*(1-'① 자동화 가정'!C17)*'① 자동화 가정'!C16*0.625*3)*'① 자동화 가정'!C12*'① 자동화 가정'!F7+(K18*'① 자동화 가정'!C17*'① 자동화 가정'!C16*80+K18*(1-'① 자동화 가정'!C17)*'① 자동화 가정'!C16*0.375*20+K18*(1-'① 자동화 가정'!C17)*'① 자동화 가정'!C16*0.625*3)*'① 자동화 가정'!C13*'① 자동화 가정'!F8) -> 6709.6061 | L19: =((L18*'① 자동화 가정'!C17*'① 자동화 가정'!C16*80+L18*(1-'① 자동화 가정'!C17)*'① 자동화 가정'!C16*0.375*20+L18*(1-'① 자동화 가정'!C17)*'① 자동화 가정'!C16*0.625*3)*'① 자동화 가정'!F6+(L18*'① 자동화 가정'!C17*'① 자동화 가정'!C16*80+L18*(1-'① 자동화 가정'!C17)*'① 자동화 가정'!C16*0.375*20+L18*(1-'① 자동화 가정'!C17)*'① 자동화 가정'!C16*0.625*3)*'① 자동화 가정'!C12*'① 자동화 가정'!F7+(L18*'① 자동화 가정'!C17*'① 자동화 가정'!C16*80+L18*(1-'① 자동화 가정'!C17)*'① 자동화 가정'!C16*0.375*20+L18*(1-'① 자동화 가정'!C17)*'① 자동화 가정'!C16*0.625*3)*'① 자동화 가정'!C13*'① 자동화 가정'!F8) -> 7434.969 | M19: =((M18*'① 자동화 가정'!C17*'① 자동화 가정'!C16*80+M18*(1-'① 자동화 가정'!C17)*'① 자동화 가정'!C16*0.375*20+M18*(1-'① 자동화 가정'!C17)*'① 자동화 가정'!C16*0.625*3)*'① 자동화 가정'!F6+(M18*'① 자동화 가정'!C17*'① 자동화 가정'!C16*80+M18*(1-'① 자동화 가정'!C17)*'① 자동화 가정'!C16*0.375*20+M18*(1-'① 자동화 가정'!C17)*'① 자동화 가정'!C16*0.625*3)*'① 자동화 가정'!C12*'① 자동화 가정'!F7+(M18*'① 자동화 가정'!C17*'① 자동화 가정'!C16*80+M18*(1-'① 자동화 가정'!C17)*'① 자동화 가정'!C16*0.375*20+M18*(1-'① 자동화 가정'!C17)*'① 자동화 가정'!C16*0.625*3)*'① 자동화 가정'!C13*'① 자동화 가정'!F8) -> 8160.3318 | N19: =((N18*'① 자동화 가정'!C17*'① 자동화 가정'!C16*80+N18*(1-'① 자동화 가정'!C17)*'① 자동화 가정'!C16*0.375*20+N18*(1-'① 자동화 가정'!C17)*'① 자동화 가정'!C16*0.625*3)*'① 자동화 가정'!F6+(N18*'① 자동화 가정'!C17*'① 자동화 가정'!C16*80+N18*(1-'① 자동화 가정'!C17)*'① 자동화 가정'!C16*0.375*20+N18*(1-'① 자동화 가정'!C17)*'① 자동화 가정'!C16*0.625*3)*'① 자동화 가정'!C12*'① 자동화 가정'!F7+(N18*'① 자동화 가정'!C17*'① 자동화 가정'!C16*80+N18*(1-'① 자동화 가정'!C17)*'① 자동화 가정'!C16*0.375*20+N18*(1-'① 자동화 가정'!C17)*'① 자동화 가정'!C16*0.625*3)*'① 자동화 가정'!C13*'① 자동화 가정'!F8) -> 8885.6946 | O19: =SUM(C19:N19) -> 58754.389
B20: 🇺🇸 미국히스패닉 수익(₩) | C20: =C19*'① 자동화 가정'!C18 -> 1269384.9 | D20: =D19*'① 자동화 가정'!C18 -> 2284892.9 | E20: =E19*'① 자동화 가정'!C18 -> 3300400.9 | F20: =F19*'① 자동화 가정'!C18 -> 4315908.8 | G20: =G19*'① 자동화 가정'!C18 -> 5331416.8 | H20: =H19*'① 자동화 가정'!C18 -> 6346924.7 | I20: =I19*'① 자동화 가정'!C18 -> 7362432.7 | J20: =J19*'① 자동화 가정'!C18 -> 8377940.6 | K20: =K19*'① 자동화 가정'!C18 -> 9393448.6 | L20: =L19*'① 자동화 가정'!C18 -> 10408957 | M20: =M19*'① 자동화 가정'!C18 -> 11424464 | N20: =N19*'① 자동화 가정'!C18 -> 12439972 | O20: =N19*'① 자동화 가정'!C18 -> 12439972
B22: 🇦🇷 아르헨티나 파트너(명) | C22: =ROUND('① 자동화 가정'!E28+'① 자동화 가정'!F28,0) -> 5 | D22: =ROUND(C22*(1+'① 자동화 가정'!C14/12-'① 자동화 가정'!C15/12)+'① 자동화 가정'!F28,0) -> 9 | E22: =ROUND(D22*(1+'① 자동화 가정'!C14/12-'① 자동화 가정'!C15/12)+'① 자동화 가정'!F28,0) -> 13 | F22: =ROUND(E22*(1+'① 자동화 가정'!C14/12-'① 자동화 가정'!C15/12)+'① 자동화 가정'!F28,0) -> 17 | G22: =ROUND(F22*(1+'① 자동화 가정'!C14/12-'① 자동화 가정'!C15/12)+'① 자동화 가정'!F28,0) -> 21 | H22: =ROUND(G22*(1+'① 자동화 가정'!C14/12-'① 자동화 가정'!C15/12)+'① 자동화 가정'!F28,0) -> 25 | I22: =ROUND(H22*(1+'① 자동화 가정'!C14/12-'① 자동화 가정'!C15/12)+'① 자동화 가정'!F28,0) -> 29 | J22: =ROUND(I22*(1+'① 자동화 가정'!C14/12-'① 자동화 가정'!C15/12)+'① 자동화 가정'!F28,0) -> 33 | K22: =ROUND(J22*(1+'① 자동화 가정'!C14/12-'① 자동화 가정'!C15/12)+'① 자동화 가정'!F28,0) -> 37 | L22: =ROUND(K22*(1+'① 자동화 가정'!C14/12-'① 자동화 가정'!C15/12)+'① 자동화 가정'!F28,0) -> 41 | M22: =ROUND(L22*(1+'① 자동화 가정'!C14/12-'① 자동화 가정'!C15/12)+'① 자동화 가정'!F28,0) -> 45 | N22: =ROUND(M22*(1+'① 자동화 가정'!C14/12-'① 자동화 가정'!C15/12)+'① 자동화 가정'!F28,0) -> 49 | O22: =N22 -> 49
B23: 🇦🇷 아르헨티나 수익($) | C23: =((C22*'① 자동화 가정'!C17*'① 자동화 가정'!C16*80+C22*(1-'① 자동화 가정'!C17)*'① 자동화 가정'!C16*0.375*20+C22*(1-'① 자동화 가정'!C17)*'① 자동화 가정'!C16*0.625*3)*'① 자동화 가정'!F6+(C22*'① 자동화 가정'!C17*'① 자동화 가정'!C16*80+C22*(1-'① 자동화 가정'!C17)*'① 자동화 가정'!C16*0.375*20+C22*(1-'① 자동화 가정'!C17)*'① 자동화 가정'!C16*0.625*3)*'① 자동화 가정'!C12*'① 자동화 가정'!F7+(C22*'① 자동화 가정'!C17*'① 자동화 가정'!C16*80+C22*(1-'① 자동화 가정'!C17)*'① 자동화 가정'!C16*0.375*20+C22*(1-'① 자동화 가정'!C17)*'① 자동화 가정'!C16*0.625*3)*'① 자동화 가정'!C13*'① 자동화 가정'!F8) -> 453.35177 | D23: =((D22*'① 자동화 가정'!C17*'① 자동화 가정'!C16*80+D22*(1-'① 자동화 가정'!C17)*'① 자동화 가정'!C16*0.375*20+D22*(1-'① 자동화 가정'!C17)*'① 자동화 가정'!C16*0.625*3)*'① 자동화 가정'!F6+(D22*'① 자동화 가정'!C17*'① 자동화 가정'!C16*80+D22*(1-'① 자동화 가정'!C17)*'① 자동화 가정'!C16*0.375*20+D22*(1-'① 자동화 가정'!C17)*'① 자동화 가정'!C16*0.625*3)*'① 자동화 가정'!C12*'① 자동화 가정'!F7+(D22*'① 자동화 가정'!C17*'① 자동화 가정'!C16*80+D22*(1-'① 자동화 가정'!C17)*'① 자동화 가정'!C16*0.375*20+D22*(1-'① 자동화 가정'!C17)*'① 자동화 가정'!C16*0.625*3)*'① 자동화 가정'!C13*'① 자동화 가정'!F8) -> 816.03318 | E23: =((E22*'① 자동화 가정'!C17*'① 자동화 가정'!C16*80+E22*(1-'① 자동화 가정'!C17)*'① 자동화 가정'!C16*0.375*20+E22*(1-'① 자동화 가정'!C17)*'① 자동화 가정'!C16*0.625*3)*'① 자동화 가정'!F6+(E22*'① 자동화 가정'!C17*'① 자동화 가정'!C16*80+E22*(1-'① 자동화 가정'!C17)*'① 자동화 가정'!C16*0.375*20+E22*(1-'① 자동화 가정'!C17)*'① 자동화 가정'!C16*0.625*3)*'① 자동화 가정'!C12*'① 자동화 가정'!F7+(E22*'① 자동화 가정'!C17*'① 자동화 가정'!C16*80+E22*(1-'① 자동화 가정'!C17)*'① 자동화 가정'!C16*0.375*20+E22*(1-'① 자동화 가정'!C17)*'① 자동화 가정'!C16*0.625*3)*'① 자동화 가정'!C13*'① 자동화 가정'!F8) -> 1178.7146 | F23: =((F22*'① 자동화 가정'!C17*'① 자동화 가정'!C16*80+F22*(1-'① 자동화 가정'!C17)*'① 자동화 가정'!C16*0.375*20+F22*(1-'① 자동화 가정'!C17)*'① 자동화 가정'!C16*0.625*3)*'① 자동화 가정'!F6+(F22*'① 자동화 가정'!C17*'① 자동화 가정'!C16*80+F22*(1-'① 자동화 가정'!C17)*'① 자동화 가정'!C16*0.375*20+F22*(1-'① 자동화 가정'!C17)*'① 자동화 가정'!C16*0.625*3)*'① 자동화 가정'!C12*'① 자동화 가정'!F7+(F22*'① 자동화 가정'!C17*'① 자동화 가정'!C16*80+F22*(1-'① 자동화 가정'!C17)*'① 자동화 가정'!C16*0.375*20+F22*(1-'① 자동화 가정'!C17)*'① 자동화 가정'!C16*0.625*3)*'① 자동화 가정'!C13*'① 자동화 가정'!F8) -> 1541.396 | G23: =((G22*'① 자동화 가정'!C17*'① 자동화 가정'!C16*80+G22*(1-'① 자동화 가정'!C17)*'① 자동화 가정'!C16*0.375*20+G22*(1-'① 자동화 가정'!C17)*'① 자동화 가정'!C16*0.625*3)*'① 자동화 가정'!F6+(G22*'① 자동화 가정'!C17*'① 자동화 가정'!C16*80+G22*(1-'① 자동화 가정'!C17)*'① 자동화 가정'!C16*0.375*20+G22*(1-'① 자동화 가정'!C17)*'① 자동화 가정'!C16*0.625*3)*'① 자동화 가정'!C12*'① 자동화 가정'!F7+(G22*'① 자동화 가정'!C17*'① 자동화 가정'!C16*80+G22*(1-'① 자동화 가정'!C17)*'① 자동화 가정'!C16*0.375*20+G22*(1-'① 자동화 가정'!C17)*'① 자동화 가정'!C16*0.625*3)*'① 자동화 가정'!C13*'① 자동화 가정'!F8) -> 1904.0774 | H23: =((H22*'① 자동화 가정'!C17*'① 자동화 가정'!C16*80+H22*(1-'① 자동화 가정'!C17)*'① 자동화 가정'!C16*0.375*20+H22*(1-'① 자동화 가정'!C17)*'① 자동화 가정'!C16*0.625*3)*'① 자동화 가정'!F6+(H22*'① 자동화 가정'!C17*'① 자동화 가정'!C16*80+H22*(1-'① 자동화 가정'!C17)*'① 자동화 가정'!C16*0.375*20+H22*(1-'① 자동화 가정'!C17)*'① 자동화 가정'!C16*0.625*3)*'① 자동화 가정'!C12*'① 자동화 가정'!F7+(H22*'① 자동화 가정'!C17*'① 자동화 가정'!C16*80+H22*(1-'① 자동화 가정'!C17)*'① 자동화 가정'!C16*0.375*20+H22*(1-'① 자동화 가정'!C17)*'① 자동화 가정'!C16*0.625*3)*'① 자동화 가정'!C13*'① 자동화 가정'!F8) -> 2266.7588 | I23: =((I22*'① 자동화 가정'!C17*'① 자동화 가정'!C16*80+I22*(1-'① 자동화 가정'!C17)*'① 자동화 가정'!C16*0.375*20+I22*(1-'① 자동화 가정'!C17)*'① 자동화 가정'!C16*0.625*3)*'① 자동화 가정'!F6+(I22*'① 자동화 가정'!C17*'① 자동화 가정'!C16*80+I22*(1-'① 자동화 가정'!C17)*'① 자동화 가정'!C16*0.375*20+I22*(1-'① 자동화 가정'!C17)*'① 자동화 가정'!C16*0.625*3)*'① 자동화 가정'!C12*'① 자동화 가정'!F7+(I22*'① 자동화 가정'!C17*'① 자동화 가정'!C16*80+I22*(1-'① 자동화 가정'!C17)*'① 자동화 가정'!C16*0.375*20+I22*(1-'① 자동화 가정'!C17)*'① 자동화 가정'!C16*0.625*3)*'① 자동화 가정'!C13*'① 자동화 가정'!F8) -> 2629.4402 | J23: =((J22*'① 자동화 가정'!C17*'① 자동화 가정'!C16*80+J22*(1-'① 자동화 가정'!C17)*'① 자동화 가정'!C16*0.375*20+J22*(1-'① 자동화 가정'!C17)*'① 자동화 가정'!C16*0.625*3)*'① 자동화 가정'!F6+(J22*'① 자동화 가정'!C17*'① 자동화 가정'!C16*80+J22*(1-'① 자동화 가정'!C17)*'① 자동화 가정'!C16*0.375*20+J22*(1-'① 자동화 가정'!C17)*'① 자동화 가정'!C16*0.625*3)*'① 자동화 가정'!C12*'① 자동화 가정'!F7+(J22*'① 자동화 가정'!C17*'① 자동화 가정'!C16*80+J22*(1-'① 자동화 가정'!C17)*'① 자동화 가정'!C16*0.375*20+J22*(1-'① 자동화 가정'!C17)*'① 자동화 가정'!C16*0.625*3)*'① 자동화 가정'!C13*'① 자동화 가정'!F8) -> 2992.1217 | K23: =((K22*'① 자동화 가정'!C17*'① 자동화 가정'!C16*80+K22*(1-'① 자동화 가정'!C17)*'① 자동화 가정'!C16*0.375*20+K22*(1-'① 자동화 가정'!C17)*'① 자동화 가정'!C16*0.625*3)*'① 자동화 가정'!F6+(K22*'① 자동화 가정'!C17*'① 자동화 가정'!C16*80+K22*(1-'① 자동화 가정'!C17)*'① 자동화 가정'!C16*0.375*20+K22*(1-'① 자동화 가정'!C17)*'① 자동화 가정'!C16*0.625*3)*'① 자동화 가정'!C12*'① 자동화 가정'!F7+(K22*'① 자동화 가정'!C17*'① 자동화 가정'!C16*80+K22*(1-'① 자동화 가정'!C17)*'① 자동화 가정'!C16*0.375*20+K22*(1-'① 자동화 가정'!C17)*'① 자동화 가정'!C16*0.625*3)*'① 자동화 가정'!C13*'① 자동화 가정'!F8) -> 3354.8031 | L23: =((L22*'① 자동화 가정'!C17*'① 자동화 가정'!C16*80+L22*(1-'① 자동화 가정'!C17)*'① 자동화 가정'!C16*0.375*20+L22*(1-'① 자동화 가정'!C17)*'① 자동화 가정'!C16*0.625*3)*'① 자동화 가정'!F6+(L22*'① 자동화 가정'!C17*'① 자동화 가정'!C16*80+L22*(1-'① 자동화 가정'!C17)*'① 자동화 가정'!C16*0.375*20+L22*(1-'① 자동화 가정'!C17)*'① 자동화 가정'!C16*0.625*3)*'① 자동화 가정'!C12*'① 자동화 가정'!F7+(L22*'① 자동화 가정'!C17*'① 자동화 가정'!C16*80+L22*(1-'① 자동화 가정'!C17)*'① 자동화 가정'!C16*0.375*20+L22*(1-'① 자동화 가정'!C17)*'① 자동화 가정'!C16*0.625*3)*'① 자동화 가정'!C13*'① 자동화 가정'!F8) -> 3717.4845 | M23: =((M22*'① 자동화 가정'!C17*'① 자동화 가정'!C16*80+M22*(1-'① 자동화 가정'!C17)*'① 자동화 가정'!C16*0.375*20+M22*(1-'① 자동화 가정'!C17)*'① 자동화 가정'!C16*0.625*3)*'① 자동화 가정'!F6+(M22*'① 자동화 가정'!C17*'① 자동화 가정'!C16*80+M22*(1-'① 자동화 가정'!C17)*'① 자동화 가정'!C16*0.375*20+M22*(1-'① 자동화 가정'!C17)*'① 자동화 가정'!C16*0.625*3)*'① 자동화 가정'!C12*'① 자동화 가정'!F7+(M22*'① 자동화 가정'!C17*'① 자동화 가정'!C16*80+M22*(1-'① 자동화 가정'!C17)*'① 자동화 가정'!C16*0.375*20+M22*(1-'① 자동화 가정'!C17)*'① 자동화 가정'!C16*0.625*3)*'① 자동화 가정'!C13*'① 자동화 가정'!F8) -> 4080.1659 | N23: =((N22*'① 자동화 가정'!C17*'① 자동화 가정'!C16*80+N22*(1-'① 자동화 가정'!C17)*'① 자동화 가정'!C16*0.375*20+N22*(1-'① 자동화 가정'!C17)*'① 자동화 가정'!C16*0.625*3)*'① 자동화 가정'!F6+(N22*'① 자동화 가정'!C17*'① 자동화 가정'!C16*80+N22*(1-'① 자동화 가정'!C17)*'① 자동화 가정'!C16*0.375*20+N22*(1-'① 자동화 가정'!C17)*'① 자동화 가정'!C16*0.625*3)*'① 자동화 가정'!C12*'① 자동화 가정'!F7+(N22*'① 자동화 가정'!C17*'① 자동화 가정'!C16*80+N22*(1-'① 자동화 가정'!C17)*'① 자동화 가정'!C16*0.375*20+N22*(1-'① 자동화 가정'!C17)*'① 자동화 가정'!C16*0.625*3)*'① 자동화 가정'!C13*'① 자동화 가정'!F8) -> 4442.8473 | O23: =SUM(C23:N23) -> 29377.194
B24: 🇦🇷 아르헨티나 수익(₩) | C24: =C23*'① 자동화 가정'!C18 -> 634692.47 | D24: =D23*'① 자동화 가정'!C18 -> 1142446.4 | E24: =E23*'① 자동화 가정'!C18 -> 1650200.4 | F24: =F23*'① 자동화 가정'!C18 -> 2157954.4 | G24: =G23*'① 자동화 가정'!C18 -> 2665708.4 | H24: =H23*'① 자동화 가정'!C18 -> 3173462.4 | I24: =I23*'① 자동화 가정'!C18 -> 3681216.3 | J24: =J23*'① 자동화 가정'!C18 -> 4188970.3 | K24: =K23*'① 자동화 가정'!C18 -> 4696724.3 | L24: =L23*'① 자동화 가정'!C18 -> 5204478.3 | M24: =M23*'① 자동화 가정'!C18 -> 5712232.2 | N24: =N23*'① 자동화 가정'!C18 -> 6219986.2 | O24: =N23*'① 자동화 가정'!C18 -> 6219986.2
B26: 🇨🇱 칠레 파트너(명) | C26: =ROUND('① 자동화 가정'!E29+'① 자동화 가정'!F29,0) -> 4 | D26: =ROUND(C26*(1+'① 자동화 가정'!C14/12-'① 자동화 가정'!C15/12)+'① 자동화 가정'!F29,0) -> 7 | E26: =ROUND(D26*(1+'① 자동화 가정'!C14/12-'① 자동화 가정'!C15/12)+'① 자동화 가정'!F29,0) -> 10 | F26: =ROUND(E26*(1+'① 자동화 가정'!C14/12-'① 자동화 가정'!C15/12)+'① 자동화 가정'!F29,0) -> 13 | G26: =ROUND(F26*(1+'① 자동화 가정'!C14/12-'① 자동화 가정'!C15/12)+'① 자동화 가정'!F29,0) -> 16 | H26: =ROUND(G26*(1+'① 자동화 가정'!C14/12-'① 자동화 가정'!C15/12)+'① 자동화 가정'!F29,0) -> 19 | I26: =ROUND(H26*(1+'① 자동화 가정'!C14/12-'① 자동화 가정'!C15/12)+'① 자동화 가정'!F29,0) -> 22 | J26: =ROUND(I26*(1+'① 자동화 가정'!C14/12-'① 자동화 가정'!C15/12)+'① 자동화 가정'!F29,0) -> 25 | K26: =ROUND(J26*(1+'① 자동화 가정'!C14/12-'① 자동화 가정'!C15/12)+'① 자동화 가정'!F29,0) -> 28 | L26: =ROUND(K26*(1+'① 자동화 가정'!C14/12-'① 자동화 가정'!C15/12)+'① 자동화 가정'!F29,0) -> 31 | M26: =ROUND(L26*(1+'① 자동화 가정'!C14/12-'① 자동화 가정'!C15/12)+'① 자동화 가정'!F29,0) -> 34 | N26: =ROUND(M26*(1+'① 자동화 가정'!C14/12-'① 자동화 가정'!C15/12)+'① 자동화 가정'!F29,0) -> 37 | O26: =N26 -> 37
B27: 🇨🇱 칠레 수익($) | C27: =((C26*'① 자동화 가정'!C17*'① 자동화 가정'!C16*80+C26*(1-'① 자동화 가정'!C17)*'① 자동화 가정'!C16*0.375*20+C26*(1-'① 자동화 가정'!C17)*'① 자동화 가정'!C16*0.625*3)*'① 자동화 가정'!F6+(C26*'① 자동화 가정'!C17*'① 자동화 가정'!C16*80+C26*(1-'① 자동화 가정'!C17)*'① 자동화 가정'!C16*0.375*20+C26*(1-'① 자동화 가정'!C17)*'① 자동화 가정'!C16*0.625*3)*'① 자동화 가정'!C12*'① 자동화 가정'!F7+(C26*'① 자동화 가정'!C17*'① 자동화 가정'!C16*80+C26*(1-'① 자동화 가정'!C17)*'① 자동화 가정'!C16*0.375*20+C26*(1-'① 자동화 가정'!C17)*'① 자동화 가정'!C16*0.625*3)*'① 자동화 가정'!C13*'① 자동화 가정'!F8) -> 362.68141 | D27: =((D26*'① 자동화 가정'!C17*'① 자동화 가정'!C16*80+D26*(1-'① 자동화 가정'!C17)*'① 자동화 가정'!C16*0.375*20+D26*(1-'① 자동화 가정'!C17)*'① 자동화 가정'!C16*0.625*3)*'① 자동화 가정'!F6+(D26*'① 자동화 가정'!C17*'① 자동화 가정'!C16*80+D26*(1-'① 자동화 가정'!C17)*'① 자동화 가정'!C16*0.375*20+D26*(1-'① 자동화 가정'!C17)*'① 자동화 가정'!C16*0.625*3)*'① 자동화 가정'!C12*'① 자동화 가정'!F7+(D26*'① 자동화 가정'!C17*'① 자동화 가정'!C16*80+D26*(1-'① 자동화 가정'!C17)*'① 자동화 가정'!C16*0.375*20+D26*(1-'① 자동화 가정'!C17)*'① 자동화 가정'!C16*0.625*3)*'① 자동화 가정'!C13*'① 자동화 가정'!F8) -> 634.69247 | E27: =((E26*'① 자동화 가정'!C17*'① 자동화 가정'!C16*80+E26*(1-'① 자동화 가정'!C17)*'① 자동화 가정'!C16*0.375*20+E26*(1-'① 자동화 가정'!C17)*'① 자동화 가정'!C16*0.625*3)*'① 자동화 가정'!F6+(E26*'① 자동화 가정'!C17*'① 자동화 가정'!C16*80+E26*(1-'① 자동화 가정'!C17)*'① 자동화 가정'!C16*0.375*20+E26*(1-'① 자동화 가정'!C17)*'① 자동화 가정'!C16*0.625*3)*'① 자동화 가정'!C12*'① 자동화 가정'!F7+(E26*'① 자동화 가정'!C17*'① 자동화 가정'!C16*80+E26*(1-'① 자동화 가정'!C17)*'① 자동화 가정'!C16*0.375*20+E26*(1-'① 자동화 가정'!C17)*'① 자동화 가정'!C16*0.625*3)*'① 자동화 가정'!C13*'① 자동화 가정'!F8) -> 906.70353 | F27: =((F26*'① 자동화 가정'!C17*'① 자동화 가정'!C16*80+F26*(1-'① 자동화 가정'!C17)*'① 자동화 가정'!C16*0.375*20+F26*(1-'① 자동화 가정'!C17)*'① 자동화 가정'!C16*0.625*3)*'① 자동화 가정'!F6+(F26*'① 자동화 가정'!C17*'① 자동화 가정'!C16*80+F26*(1-'① 자동화 가정'!C17)*'① 자동화 가정'!C16*0.375*20+F26*(1-'① 자동화 가정'!C17)*'① 자동화 가정'!C16*0.625*3)*'① 자동화 가정'!C12*'① 자동화 가정'!F7+(F26*'① 자동화 가정'!C17*'① 자동화 가정'!C16*80+F26*(1-'① 자동화 가정'!C17)*'① 자동화 가정'!C16*0.375*20+F26*(1-'① 자동화 가정'!C17)*'① 자동화 가정'!C16*0.625*3)*'① 자동화 가정'!C13*'① 자동화 가정'!F8) -> 1178.7146 | G27: =((G26*'① 자동화 가정'!C17*'① 자동화 가정'!C16*80+G26*(1-'① 자동화 가정'!C17)*'① 자동화 가정'!C16*0.375*20+G26*(1-'① 자동화 가정'!C17)*'① 자동화 가정'!C16*0.625*3)*'① 자동화 가정'!F6+(G26*'① 자동화 가정'!C17*'① 자동화 가정'!C16*80+G26*(1-'① 자동화 가정'!C17)*'① 자동화 가정'!C16*0.375*20+G26*(1-'① 자동화 가정'!C17)*'① 자동화 가정'!C16*0.625*3)*'① 자동화 가정'!C12*'① 자동화 가정'!F7+(G26*'① 자동화 가정'!C17*'① 자동화 가정'!C16*80+G26*(1-'① 자동화 가정'!C17)*'① 자동화 가정'!C16*0.375*20+G26*(1-'① 자동화 가정'!C17)*'① 자동화 가정'!C16*0.625*3)*'① 자동화 가정'!C13*'① 자동화 가정'!F8) -> 1450.7257 | H27: =((H26*'① 자동화 가정'!C17*'① 자동화 가정'!C16*80+H26*(1-'① 자동화 가정'!C17)*'① 자동화 가정'!C16*0.375*20+H26*(1-'① 자동화 가정'!C17)*'① 자동화 가정'!C16*0.625*3)*'① 자동화 가정'!F6+(H26*'① 자동화 가정'!C17*'① 자동화 가정'!C16*80+H26*(1-'① 자동화 가정'!C17)*'① 자동화 가정'!C16*0.375*20+H26*(1-'① 자동화 가정'!C17)*'① 자동화 가정'!C16*0.625*3)*'① 자동화 가정'!C12*'① 자동화 가정'!F7+(H26*'① 자동화 가정'!C17*'① 자동화 가정'!C16*80+H26*(1-'① 자동화 가정'!C17)*'① 자동화 가정'!C16*0.375*20+H26*(1-'① 자동화 가정'!C17)*'① 자동화 가정'!C16*0.625*3)*'① 자동화 가정'!C13*'① 자동화 가정'!F8) -> 1722.7367 | I27: =((I26*'① 자동화 가정'!C17*'① 자동화 가정'!C16*80+I26*(1-'① 자동화 가정'!C17)*'① 자동화 가정'!C16*0.375*20+I26*(1-'① 자동화 가정'!C17)*'① 자동화 가정'!C16*0.625*3)*'① 자동화 가정'!F6+(I26*'① 자동화 가정'!C17*'① 자동화 가정'!C16*80+I26*(1-'① 자동화 가정'!C17)*'① 자동화 가정'!C16*0.375*20+I26*(1-'① 자동화 가정'!C17)*'① 자동화 가정'!C16*0.625*3)*'① 자동화 가정'!C12*'① 자동화 가정'!F7+(I26*'① 자동화 가정'!C17*'① 자동화 가정'!C16*80+I26*(1-'① 자동화 가정'!C17)*'① 자동화 가정'!C16*0.375*20+I26*(1-'① 자동화 가정'!C17)*'① 자동화 가정'!C16*0.625*3)*'① 자동화 가정'!C13*'① 자동화 가정'!F8) -> 1994.7478 | J27: =((J26*'① 자동화 가정'!C17*'① 자동화 가정'!C16*80+J26*(1-'① 자동화 가정'!C17)*'① 자동화 가정'!C16*0.375*20+J26*(1-'① 자동화 가정'!C17)*'① 자동화 가정'!C16*0.625*3)*'① 자동화 가정'!F6+(J26*'① 자동화 가정'!C17*'① 자동화 가정'!C16*80+J26*(1-'① 자동화 가정'!C17)*'① 자동화 가정'!C16*0.375*20+J26*(1-'① 자동화 가정'!C17)*'① 자동화 가정'!C16*0.625*3)*'① 자동화 가정'!C12*'① 자동화 가정'!F7+(J26*'① 자동화 가정'!C17*'① 자동화 가정'!C16*80+J26*(1-'① 자동화 가정'!C17)*'① 자동화 가정'!C16*0.375*20+J26*(1-'① 자동화 가정'!C17)*'① 자동화 가정'!C16*0.625*3)*'① 자동화 가정'!C13*'① 자동화 가정'!F8) -> 2266.7588 | K27: =((K26*'① 자동화 가정'!C17*'① 자동화 가정'!C16*80+K26*(1-'① 자동화 가정'!C17)*'① 자동화 가정'!C16*0.375*20+K26*(1-'① 자동화 가정'!C17)*'① 자동화 가정'!C16*0.625*3)*'① 자동화 가정'!F6+(K26*'① 자동화 가정'!C17*'① 자동화 가정'!C16*80+K26*(1-'① 자동화 가정'!C17)*'① 자동화 가정'!C16*0.375*20+K26*(1-'① 자동화 가정'!C17)*'① 자동화 가정'!C16*0.625*3)*'① 자동화 가정'!C12*'① 자동화 가정'!F7+(K26*'① 자동화 가정'!C17*'① 자동화 가정'!C16*80+K26*(1-'① 자동화 가정'!C17)*'① 자동화 가정'!C16*0.375*20+K26*(1-'① 자동화 가정'!C17)*'① 자동화 가정'!C16*0.625*3)*'① 자동화 가정'!C13*'① 자동화 가정'!F8) -> 2538.7699 | L27: =((L26*'① 자동화 가정'!C17*'① 자동화 가정'!C16*80+L26*(1-'① 자동화 가정'!C17)*'① 자동화 가정'!C16*0.375*20+L26*(1-'① 자동화 가정'!C17)*'① 자동화 가정'!C16*0.625*3)*'① 자동화 가정'!F6+(L26*'① 자동화 가정'!C17*'① 자동화 가정'!C16*80+L26*(1-'① 자동화 가정'!C17)*'① 자동화 가정'!C16*0.375*20+L26*(1-'① 자동화 가정'!C17)*'① 자동화 가정'!C16*0.625*3)*'① 자동화 가정'!C12*'① 자동화 가정'!F7+(L26*'① 자동화 가정'!C17*'① 자동화 가정'!C16*80+L26*(1-'① 자동화 가정'!C17)*'① 자동화 가정'!C16*0.375*20+L26*(1-'① 자동화 가정'!C17)*'① 자동화 가정'!C16*0.625*3)*'① 자동화 가정'!C13*'① 자동화 가정'!F8) -> 2810.7809 | M27: =((M26*'① 자동화 가정'!C17*'① 자동화 가정'!C16*80+M26*(1-'① 자동화 가정'!C17)*'① 자동화 가정'!C16*0.375*20+M26*(1-'① 자동화 가정'!C17)*'① 자동화 가정'!C16*0.625*3)*'① 자동화 가정'!F6+(M26*'① 자동화 가정'!C17*'① 자동화 가정'!C16*80+M26*(1-'① 자동화 가정'!C17)*'① 자동화 가정'!C16*0.375*20+M26*(1-'① 자동화 가정'!C17)*'① 자동화 가정'!C16*0.625*3)*'① 자동화 가정'!C12*'① 자동화 가정'!F7+(M26*'① 자동화 가정'!C17*'① 자동화 가정'!C16*80+M26*(1-'① 자동화 가정'!C17)*'① 자동화 가정'!C16*0.375*20+M26*(1-'① 자동화 가정'!C17)*'① 자동화 가정'!C16*0.625*3)*'① 자동화 가정'!C13*'① 자동화 가정'!F8) -> 3082.792 | N27: =((N26*'① 자동화 가정'!C17*'① 자동화 가정'!C16*80+N26*(1-'① 자동화 가정'!C17)*'① 자동화 가정'!C16*0.375*20+N26*(1-'① 자동화 가정'!C17)*'① 자동화 가정'!C16*0.625*3)*'① 자동화 가정'!F6+(N26*'① 자동화 가정'!C17*'① 자동화 가정'!C16*80+N26*(1-'① 자동화 가정'!C17)*'① 자동화 가정'!C16*0.375*20+N26*(1-'① 자동화 가정'!C17)*'① 자동화 가정'!C16*0.625*3)*'① 자동화 가정'!C12*'① 자동화 가정'!F7+(N26*'① 자동화 가정'!C17*'① 자동화 가정'!C16*80+N26*(1-'① 자동화 가정'!C17)*'① 자동화 가정'!C16*0.375*20+N26*(1-'① 자동화 가정'!C17)*'① 자동화 가정'!C16*0.625*3)*'① 자동화 가정'!C13*'① 자동화 가정'!F8) -> 3354.8031 | O27: =SUM(C27:N27) -> 22304.907
B28: 🇨🇱 칠레 수익(₩) | C28: =C27*'① 자동화 가정'!C18 -> 507753.98 | D28: =D27*'① 자동화 가정'!C18 -> 888569.46 | E28: =E27*'① 자동화 가정'!C18 -> 1269384.9 | F28: =F27*'① 자동화 가정'!C18 -> 1650200.4 | G28: =G27*'① 자동화 가정'!C18 -> 2031015.9 | H28: =H27*'① 자동화 가정'!C18 -> 2411831.4 | I28: =I27*'① 자동화 가정'!C18 -> 2792646.9 | J28: =J27*'① 자동화 가정'!C18 -> 3173462.4 | K28: =K27*'① 자동화 가정'!C18 -> 3554277.8 | L28: =L27*'① 자동화 가정'!C18 -> 3935093.3 | M28: =M27*'① 자동화 가정'!C18 -> 4315908.8 | N28: =N27*'① 자동화 가정'!C18 -> 4696724.3 | O28: =N27*'① 자동화 가정'!C18 -> 4696724.3
B30: 🇵🇹 포르투갈 파트너(명) | C30: =ROUND('① 자동화 가정'!E30+'① 자동화 가정'!F30,0) -> 4 | D30: =ROUND(C30*(1+'① 자동화 가정'!C14/12-'① 자동화 가정'!C15/12)+'① 자동화 가정'!F30,0) -> 7 | E30: =ROUND(D30*(1+'① 자동화 가정'!C14/12-'① 자동화 가정'!C15/12)+'① 자동화 가정'!F30,0) -> 10 | F30: =ROUND(E30*(1+'① 자동화 가정'!C14/12-'① 자동화 가정'!C15/12)+'① 자동화 가정'!F30,0) -> 13 | G30: =ROUND(F30*(1+'① 자동화 가정'!C14/12-'① 자동화 가정'!C15/12)+'① 자동화 가정'!F30,0) -> 16 | H30: =ROUND(G30*(1+'① 자동화 가정'!C14/12-'① 자동화 가정'!C15/12)+'① 자동화 가정'!F30,0) -> 19 | I30: =ROUND(H30*(1+'① 자동화 가정'!C14/12-'① 자동화 가정'!C15/12)+'① 자동화 가정'!F30,0) -> 22 | J30: =ROUND(I30*(1+'① 자동화 가정'!C14/12-'① 자동화 가정'!C15/12)+'① 자동화 가정'!F30,0) -> 25 | K30: =ROUND(J30*(1+'① 자동화 가정'!C14/12-'① 자동화 가정'!C15/12)+'① 자동화 가정'!F30,0) -> 28 | L30: =ROUND(K30*(1+'① 자동화 가정'!C14/12-'① 자동화 가정'!C15/12)+'① 자동화 가정'!F30,0) -> 31 | M30: =ROUND(L30*(1+'① 자동화 가정'!C14/12-'① 자동화 가정'!C15/12)+'① 자동화 가정'!F30,0) -> 34 | N30: =ROUND(M30*(1+'① 자동화 가정'!C14/12-'① 자동화 가정'!C15/12)+'① 자동화 가정'!F30,0) -> 37 | O30: =N30 -> 37
B31: 🇵🇹 포르투갈 수익($) | C31: =((C30*'① 자동화 가정'!C17*'① 자동화 가정'!C16*80+C30*(1-'① 자동화 가정'!C17)*'① 자동화 가정'!C16*0.375*20+C30*(1-'① 자동화 가정'!C17)*'① 자동화 가정'!C16*0.625*3)*'① 자동화 가정'!F6+(C30*'① 자동화 가정'!C17*'① 자동화 가정'!C16*80+C30*(1-'① 자동화 가정'!C17)*'① 자동화 가정'!C16*0.375*20+C30*(1-'① 자동화 가정'!C17)*'① 자동화 가정'!C16*0.625*3)*'① 자동화 가정'!C12*'① 자동화 가정'!F7+(C30*'① 자동화 가정'!C17*'① 자동화 가정'!C16*80+C30*(1-'① 자동화 가정'!C17)*'① 자동화 가정'!C16*0.375*20+C30*(1-'① 자동화 가정'!C17)*'① 자동화 가정'!C16*0.625*3)*'① 자동화 가정'!C13*'① 자동화 가정'!F8) -> 362.68141 | D31: =((D30*'① 자동화 가정'!C17*'① 자동화 가정'!C16*80+D30*(1-'① 자동화 가정'!C17)*'① 자동화 가정'!C16*0.375*20+D30*(1-'① 자동화 가정'!C17)*'① 자동화 가정'!C16*0.625*3)*'① 자동화 가정'!F6+(D30*'① 자동화 가정'!C17*'① 자동화 가정'!C16*80+D30*(1-'① 자동화 가정'!C17)*'① 자동화 가정'!C16*0.375*20+D30*(1-'① 자동화 가정'!C17)*'① 자동화 가정'!C16*0.625*3)*'① 자동화 가정'!C12*'① 자동화 가정'!F7+(D30*'① 자동화 가정'!C17*'① 자동화 가정'!C16*80+D30*(1-'① 자동화 가정'!C17)*'① 자동화 가정'!C16*0.375*20+D30*(1-'① 자동화 가정'!C17)*'① 자동화 가정'!C16*0.625*3)*'① 자동화 가정'!C13*'① 자동화 가정'!F8) -> 634.69247 | E31: =((E30*'① 자동화 가정'!C17*'① 자동화 가정'!C16*80+E30*(1-'① 자동화 가정'!C17)*'① 자동화 가정'!C16*0.375*20+E30*(1-'① 자동화 가정'!C17)*'① 자동화 가정'!C16*0.625*3)*'① 자동화 가정'!F6+(E30*'① 자동화 가정'!C17*'① 자동화 가정'!C16*80+E30*(1-'① 자동화 가정'!C17)*'① 자동화 가정'!C16*0.375*20+E30*(1-'① 자동화 가정'!C17)*'① 자동화 가정'!C16*0.625*3)*'① 자동화 가정'!C12*'① 자동화 가정'!F7+(E30*'① 자동화 가정'!C17*'① 자동화 가정'!C16*80+E30*(1-'① 자동화 가정'!C17)*'① 자동화 가정'!C16*0.375*20+E30*(1-'① 자동화 가정'!C17)*'① 자동화 가정'!C16*0.625*3)*'① 자동화 가정'!C13*'① 자동화 가정'!F8) -> 906.70353 | F31: =((F30*'① 자동화 가정'!C17*'① 자동화 가정'!C16*80+F30*(1-'① 자동화 가정'!C17)*'① 자동화 가정'!C16*0.375*20+F30*(1-'① 자동화 가정'!C17)*'① 자동화 가정'!C16*0.625*3)*'① 자동화 가정'!F6+(F30*'① 자동화 가정'!C17*'① 자동화 가정'!C16*80+F30*(1-'① 자동화 가정'!C17)*'① 자동화 가정'!C16*0.375*20+F30*(1-'① 자동화 가정'!C17)*'① 자동화 가정'!C16*0.625*3)*'① 자동화 가정'!C12*'① 자동화 가정'!F7+(F30*'① 자동화 가정'!C17*'① 자동화 가정'!C16*80+F30*(1-'① 자동화 가정'!C17)*'① 자동화 가정'!C16*0.375*20+F30*(1-'① 자동화 가정'!C17)*'① 자동화 가정'!C16*0.625*3)*'① 자동화 가정'!C13*'① 자동화 가정'!F8) -> 1178.7146 | G31: =((G30*'① 자동화 가정'!C17*'① 자동화 가정'!C16*80+G30*(1-'① 자동화 가정'!C17)*'① 자동화 가정'!C16*0.375*20+G30*(1-'① 자동화 가정'!C17)*'① 자동화 가정'!C16*0.625*3)*'① 자동화 가정'!F6+(G30*'① 자동화 가정'!C17*'① 자동화 가정'!C16*80+G30*(1-'① 자동화 가정'!C17)*'① 자동화 가정'!C16*0.375*20+G30*(1-'① 자동화 가정'!C17)*'① 자동화 가정'!C16*0.625*3)*'① 자동화 가정'!C12*'① 자동화 가정'!F7+(G30*'① 자동화 가정'!C17*'① 자동화 가정'!C16*80+G30*(1-'① 자동화 가정'!C17)*'① 자동화 가정'!C16*0.375*20+G30*(1-'① 자동화 가정'!C17)*'① 자동화 가정'!C16*0.625*3)*'① 자동화 가정'!C13*'① 자동화 가정'!F8) -> 1450.7257 | H31: =((H30*'① 자동화 가정'!C17*'① 자동화 가정'!C16*80+H30*(1-'① 자동화 가정'!C17)*'① 자동화 가정'!C16*0.375*20+H30*(1-'① 자동화 가정'!C17)*'① 자동화 가정'!C16*0.625*3)*'① 자동화 가정'!F6+(H30*'① 자동화 가정'!C17*'① 자동화 가정'!C16*80+H30*(1-'① 자동화 가정'!C17)*'① 자동화 가정'!C16*0.375*20+H30*(1-'① 자동화 가정'!C17)*'① 자동화 가정'!C16*0.625*3)*'① 자동화 가정'!C12*'① 자동화 가정'!F7+(H30*'① 자동화 가정'!C17*'① 자동화 가정'!C16*80+H30*(1-'① 자동화 가정'!C17)*'① 자동화 가정'!C16*0.375*20+H30*(1-'① 자동화 가정'!C17)*'① 자동화 가정'!C16*0.625*3)*'① 자동화 가정'!C13*'① 자동화 가정'!F8) -> 1722.7367 | I31: =((I30*'① 자동화 가정'!C17*'① 자동화 가정'!C16*80+I30*(1-'① 자동화 가정'!C17)*'① 자동화 가정'!C16*0.375*20+I30*(1-'① 자동화 가정'!C17)*'① 자동화 가정'!C16*0.625*3)*'① 자동화 가정'!F6+(I30*'① 자동화 가정'!C17*'① 자동화 가정'!C16*80+I30*(1-'① 자동화 가정'!C17)*'① 자동화 가정'!C16*0.375*20+I30*(1-'① 자동화 가정'!C17)*'① 자동화 가정'!C16*0.625*3)*'① 자동화 가정'!C12*'① 자동화 가정'!F7+(I30*'① 자동화 가정'!C17*'① 자동화 가정'!C16*80+I30*(1-'① 자동화 가정'!C17)*'① 자동화 가정'!C16*0.375*20+I30*(1-'① 자동화 가정'!C17)*'① 자동화 가정'!C16*0.625*3)*'① 자동화 가정'!C13*'① 자동화 가정'!F8) -> 1994.7478 | J31: =((J30*'① 자동화 가정'!C17*'① 자동화 가정'!C16*80+J30*(1-'① 자동화 가정'!C17)*'① 자동화 가정'!C16*0.375*20+J30*(1-'① 자동화 가정'!C17)*'① 자동화 가정'!C16*0.625*3)*'① 자동화 가정'!F6+(J30*'① 자동화 가정'!C17*'① 자동화 가정'!C16*80+J30*(1-'① 자동화 가정'!C17)*'① 자동화 가정'!C16*0.375*20+J30*(1-'① 자동화 가정'!C17)*'① 자동화 가정'!C16*0.625*3)*'① 자동화 가정'!C12*'① 자동화 가정'!F7+(J30*'① 자동화 가정'!C17*'① 자동화 가정'!C16*80+J30*(1-'① 자동화 가정'!C17)*'① 자동화 가정'!C16*0.375*20+J30*(1-'① 자동화 가정'!C17)*'① 자동화 가정'!C16*0.625*3)*'① 자동화 가정'!C13*'① 자동화 가정'!F8) -> 2266.7588 | K31: =((K30*'① 자동화 가정'!C17*'① 자동화 가정'!C16*80+K30*(1-'① 자동화 가정'!C17)*'① 자동화 가정'!C16*0.375*20+K30*(1-'① 자동화 가정'!C17)*'① 자동화 가정'!C16*0.625*3)*'① 자동화 가정'!F6+(K30*'① 자동화 가정'!C17*'① 자동화 가정'!C16*80+K30*(1-'① 자동화 가정'!C17)*'① 자동화 가정'!C16*0.375*20+K30*(1-'① 자동화 가정'!C17)*'① 자동화 가정'!C16*0.625*3)*'① 자동화 가정'!C12*'① 자동화 가정'!F7+(K30*'① 자동화 가정'!C17*'① 자동화 가정'!C16*80+K30*(1-'① 자동화 가정'!C17)*'① 자동화 가정'!C16*0.375*20+K30*(1-'① 자동화 가정'!C17)*'① 자동화 가정'!C16*0.625*3)*'① 자동화 가정'!C13*'① 자동화 가정'!F8) -> 2538.7699 | L31: =((L30*'① 자동화 가정'!C17*'① 자동화 가정'!C16*80+L30*(1-'① 자동화 가정'!C17)*'① 자동화 가정'!C16*0.375*20+L30*(1-'① 자동화 가정'!C17)*'① 자동화 가정'!C16*0.625*3)*'① 자동화 가정'!F6+(L30*'① 자동화 가정'!C17*'① 자동화 가정'!C16*80+L30*(1-'① 자동화 가정'!C17)*'① 자동화 가정'!C16*0.375*20+L30*(1-'① 자동화 가정'!C17)*'① 자동화 가정'!C16*0.625*3)*'① 자동화 가정'!C12*'① 자동화 가정'!F7+(L30*'① 자동화 가정'!C17*'① 자동화 가정'!C16*80+L30*(1-'① 자동화 가정'!C17)*'① 자동화 가정'!C16*0.375*20+L30*(1-'① 자동화 가정'!C17)*'① 자동화 가정'!C16*0.625*3)*'① 자동화 가정'!C13*'① 자동화 가정'!F8) -> 2810.7809 | M31: =((M30*'① 자동화 가정'!C17*'① 자동화 가정'!C16*80+M30*(1-'① 자동화 가정'!C17)*'① 자동화 가정'!C16*0.375*20+M30*(1-'① 자동화 가정'!C17)*'① 자동화 가정'!C16*0.625*3)*'① 자동화 가정'!F6+(M30*'① 자동화 가정'!C17*'① 자동화 가정'!C16*80+M30*(1-'① 자동화 가정'!C17)*'① 자동화 가정'!C16*0.375*20+M30*(1-'① 자동화 가정'!C17)*'① 자동화 가정'!C16*0.625*3)*'① 자동화 가정'!C12*'① 자동화 가정'!F7+(M30*'① 자동화 가정'!C17*'① 자동화 가정'!C16*80+M30*(1-'① 자동화 가정'!C17)*'① 자동화 가정'!C16*0.375*20+M30*(1-'① 자동화 가정'!C17)*'① 자동화 가정'!C16*0.625*3)*'① 자동화 가정'!C13*'① 자동화 가정'!F8) -> 3082.792 | N31: =((N30*'① 자동화 가정'!C17*'① 자동화 가정'!C16*80+N30*(1-'① 자동화 가정'!C17)*'① 자동화 가정'!C16*0.375*20+N30*(1-'① 자동화 가정'!C17)*'① 자동화 가정'!C16*0.625*3)*'① 자동화 가정'!F6+(N30*'① 자동화 가정'!C17*'① 자동화 가정'!C16*80+N30*(1-'① 자동화 가정'!C17)*'① 자동화 가정'!C16*0.375*20+N30*(1-'① 자동화 가정'!C17)*'① 자동화 가정'!C16*0.625*3)*'① 자동화 가정'!C12*'① 자동화 가정'!F7+(N30*'① 자동화 가정'!C17*'① 자동화 가정'!C16*80+N30*(1-'① 자동화 가정'!C17)*'① 자동화 가정'!C16*0.375*20+N30*(1-'① 자동화 가정'!C17)*'① 자동화 가정'!C16*0.625*3)*'① 자동화 가정'!C13*'① 자동화 가정'!F8) -> 3354.8031 | O31: =SUM(C31:N31) -> 22304.907
B32: 🇵🇹 포르투갈 수익(₩) | C32: =C31*'① 자동화 가정'!C18 -> 507753.98 | D32: =D31*'① 자동화 가정'!C18 -> 888569.46 | E32: =E31*'① 자동화 가정'!C18 -> 1269384.9 | F32: =F31*'① 자동화 가정'!C18 -> 1650200.4 | G32: =G31*'① 자동화 가정'!C18 -> 2031015.9 | H32: =H31*'① 자동화 가정'!C18 -> 2411831.4 | I32: =I31*'① 자동화 가정'!C18 -> 2792646.9 | J32: =J31*'① 자동화 가정'!C18 -> 3173462.4 | K32: =K31*'① 자동화 가정'!C18 -> 3554277.8 | L32: =L31*'① 자동화 가정'!C18 -> 3935093.3 | M32: =M31*'① 자동화 가정'!C18 -> 4315908.8 | N32: =N31*'① 자동화 가정'!C18 -> 4696724.3 | O32: =N31*'① 자동화 가정'!C18 -> 4696724.3
B34: 🏆 전체 국가 합산
B35: 항목 | C35: 1월 | D35: 2월 | E35: 3월 | F35: 4월 | G35: 5월 | H35: 6월 | I35: 7월 | J35: 8월 | K35: 9월 | L35: 10월 | M35: 11월 | N35: 12월 | O35: 연간합계
B36: 💰 전체 월수익(₩) | C36: =C8+C12+C16+C20+C24+C28+C32 -> 8885694.6 | D36: =D8+D12+D16+D20+D24+D28+D32 -> 15867312 | E36: =E8+E12+E16+E20+E24+E28+E32 -> 22848929 | F36: =F8+F12+F16+F20+F24+F28+F32 -> 29830546 | G36: =G8+G12+G16+G20+G24+G28+G32 -> 36812163 | H36: =H8+H12+H16+H20+H24+H28+H32 -> 43793781 | I36: =I8+I12+I16+I20+I24+I28+I32 -> 50775398 | J36: =J8+J12+J16+J20+J24+J28+J32 -> 57630076 | ... N36: =N8+N12+N16+N20+N24+N28+N32 -> 84794914 | O36: =SUM(C36:N36) -> 5.6513018e+08
B37: 📊 누적 수익(₩) | C37: =C36 -> 8885694.6 | D37: =C37+D36 -> 24753006 | E37: =D37+E36 -> 47601935 | F37: =E37+F36 -> 77432482 | G37: =F37+G36 -> 1.1424464e+08 | H37: =G37+H36 -> 1.5803843e+08 | I37: =H37+I36 -> 2.0881382e+08 | J37: =I37+J36 -> 2.664439e+08 | K37: =J37+K36 -> 3.3092865e+08 | ... N37: =M37+N36 -> 5.6513018e+08 | O37: =N37 -> 5.6513018e+08

Sheet ③ 5년 연간 시뮬
B1: 🚀 5년 자동화 수익 시뮬레이션 — 복리 성장 + 파트너 생태계
B2: 연간 가격인상 5% + 전환율 개선 3% + 바이럴K 복리 | 민철 씨 개입 ≈ 0
B4: 📊 연도별 핵심 지표 요약
B5: 지표 | C5: 1년차 | D5: 2년차 | E5: 3년차 | F5: 4년차 | G5: 5년차
B6: 총 파트너 수 (연말, 명) | C6: ='② 1년차 월별 시뮬'!N6+'② 1년차 월별 시뮬'!N10+'② 1년차 월별 시뮬'!N14+'② 1년차 월별 시뮬'!N18+'② 1년차 월별 시뮬'!N22+'② 1년차 월별 시뮬'!N26+'② 1년차 월별 시뮬'!N30 -> 668 | D6: =ROUND(C6*'① 자동화 가정'!C36,0) -> 800 | E6: =ROUND(D6*'① 자동화 가정'!C37,0) -> 1024 | F6: =ROUND(E6*'① 자동화 가정'!C38,0) -> 1390 | G6: =ROUND(F6*'① 자동화 가정'!C39,0) -> 1960
B7: 월평균 오너수익 ($) | C7: ='② 1년차 월별 시뮬'!O36/'① 자동화 가정'!C18/12 -> 33638.701 | D7: =C7*'① 자동화 가정'!C36*(1+'① 자동화 가정'!C19)*(1+'① 자동화 가정'!C20) -> 43583.546 | E7: =D7*'① 자동화 가정'!C37*(1+'① 자동화 가정'!C19)*(1+'① 자동화 가정'!C20) -> 60333.574 | F7: =E7*'① 자동화 가정'!C38*(1+'① 자동화 가정'!C19)*(1+'① 자동화 가정'!C20) -> 88545.282 | G7: =F7*'① 자동화 가정'!C39*(1+'① 자동화 가정'!C19)*(1+'① 자동화 가정'!C20) -> 135024.03
B8: 연간 오너수익 (₩) | C8: ='② 1년차 월별 시뮬'!O36 -> 5.6513018e+08 | D8: =C8*'① 자동화 가정'!C36*(1+'① 자동화 가정'!C19)*(1+'① 자동화 가정'!C20) -> 7.3220357e+08 | E8: =D8*'① 자동화 가정'!C37*(1+'① 자동화 가정'!C19)*(1+'① 자동화 가정'!C20) -> 1.013604e+09 | F8: =E8*'① 자동화 가정'!C38*(1+'① 자동화 가정'!C19)*(1+'① 자동화 가정'!C20) -> 1.4875607e+09 | G8: =F8*'① 자동화 가정'!C39*(1+'① 자동화 가정'!C19)*(1+'① 자동화 가정'!C20) -> 2.2684037e+09
B9: 누적 오너수익 (₩, 5년) | C9: =C8 -> 5.6513018e+08 | D9: =C9+D8 -> 1.2973337e+09 | E9: =D9+E8 -> 2.3109378e+09 | F9: =E9+F8 -> 3.7984985e+09 | G9: =F9+G8 -> 6.0669022e+09
B10: 월평균 오너수익 (₩) | C10: =C8/12 -> 47094181 | D10: =D8/12 -> 61016964 | E10: =E8/12 -> 84467004 | F10: =F8/12 -> 1.2396339e+08 | G10: =G8/12 -> 1.8903364e+08
B11: 파트너 1인당 월수익 (₩) | C11: =IF(C6>0,C10/C6,0) -> 70500.272 | D11: =IF(D6>0,D10/D6,0) -> 76271.205 | E11: =IF(E6>0,E10/E6,0) -> 82487.308 | F11: =IF(F6>0,F10/F6,0) -> 89182.298 | G11: =IF(G6>0,G10/G6,0) -> 96445.734
B12: T1 번들가 ($, 가격인상 반영) | C12: ='① 자동화 가정'!C6 -> 12.8 | D12: =C12*(1+'① 자동화 가정'!C19) -> 13.44 | E12: =D12*(1+'① 자동화 가정'!C19) -> 14.112 | F12: =E12*(1+'① 자동화 가정'!C19) -> 14.8176 | G12: =F12*(1+'① 자동화 가정'!C19) -> 15.55848
B13: T2 OTO 전환율 (개선 반영) | C13: ='① 자동화 가정'!C12 -> 0.24 | D13: =MIN(C13*(1+'① 자동화 가정'!C20),0.45) -> 0.2472 | E13: =MIN(D13*(1+'① 자동화 가정'!C20),0.45) -> 0.254616 | F13: =MIN(E13*(1+'① 자동화 가정'!C20),0.45) -> 0.26225448 | G13: =MIN(F13*(1+'① 자동화 가정'!C20),0.45) -> 0.27012211
B15: 🎯 5년 수익 시나리오 비교 (파트너 모집 속도별)
B16: 시나리오 | C16: 월추가파트너 | D16: 1년차 연간 | E16: 2년차 연간 | F16: 3년차 연간 | G16: 4년차 연간 | H16: 5년차 연간 | I16: 5년 누적
B17: 🐢 보수적 | C17: 0.5 | D17: =C17*'① 자동화 가정'!C36*(1+'① 자동화 가정'!C19)*(1+'① 자동화 가정'!C20) -> 0.6478185 | E17: =D17*'① 자동화 가정'!C37*(1+'① 자동화 가정'!C19)*(1+'① 자동화 가정'!C20) -> 0.89678811 | F17: =E17*'① 자동화 가정'!C38*(1+'① 자동화 가정'!C19)*(1+'① 자동화 가정'!C20) -> 1.3161222 | G17: =F17*'① 자동화 가정'!C39*(1+'① 자동화 가정'!C19)*(1+'① 자동화 가정'!C20) -> 2.0069745 | I17: =SUM(D17:H17) -> 4.8677033
B18: 🚀 기본(현재) | C18: 1 | D18: =C18*'① 자동화 가정'!C36*(1+'① 자동화 가정'!C19)*(1+'① 자동화 가정'!C20) -> 1.295637 | E18: =D18*'① 자동화 가정'!C37*(1+'① 자동화 가정'!C19)*(1+'① 자동화 가정'!C20) -> 1.7935762 | F18: =E18*'① 자동화 가정'!C38*(1+'① 자동화 가정'!C19)*(1+'① 자동화 가정'!C20) -> 2.6322444 | G18: =F18*'① 자동화 가정'!C39*(1+'① 자동화 가정'!C19)*(1+'① 자동화 가정'!C20) -> 4.0139489 | I18: =SUM(D18:H18) -> 9.7354065
B19: 💥 공격적 | C19: 2 | D19: =C19*'① 자동화 가정'!C36*(1+'① 자동화 가정'!C19)*(1+'① 자동화 가정'!C20) -> 2.591274 | E19: =D19*'① 자동화 가정'!C37*(1+'① 자동화 가정'!C19)*(1+'① 자동화 가정'!C20) -> 3.5871524 | F19: =E19*'① 자동화 가정'!C38*(1+'① 자동화 가정'!C19)*(1+'① 자동화 가정'!C20) -> 5.2644888 | G19: =F19*'① 자동화 가정'!C39*(1+'① 자동화 가정'!C19)*(1+'① 자동화 가정'!C20) -> 8.0278979 | I19: =SUM(D19:H19) -> 19.470813
B20: 🌋 폭발적 | C20: 3 | D20: =C20*'① 자동화 가정'!C36*(1+'① 자동화 가정'!C19)*(1+'① 자동화 가정'!C20) -> 3.886911 | E20: =D20*'① 자동화 가정'!C37*(1+'① 자동화 가정'!C19)*(1+'① 자동화 가정'!C20) -> 5.3807286 | F20: =E20*'① 자동화 가정'!C38*(1+'① 자동화 가정'!C19)*(1+'① 자동화 가정'!C20) -> 7.8967331 | G20: =F20*'① 자동화 가정'!C39*(1+'① 자동화 가정'!C19)*(1+'① 자동화 가정'!C20) -> 12.041847 | I20: =SUM(D20:H20) -> 29.20622
B22: 🤖 자동화 수익원 분해 — 민철 씨 시간투자 대비 수익
B23: 수익원 | C23: 자동화 방식 | D23: 민철씨 개입 | E23: 1년차 기여율 | F23: 성장성
B24: T1 번들 판매 | C24: 파트너 링크 자동 추적 → Hotmart 자동 정산 | D24: 0% | E24: ~40% | F24: 트립와이어. 파트너 유입 엔진
B25: T2 OTO 전환 | C25: T1 결제 완료 즉시 자동 팝업 노출 | D25: 0% | E25: ~35% | F25: 가장 높은 마진. 핵심 수익원
B26: T3 이메일 업셀 | C26: 구매 후 자동 이메일 시퀀스 7일 | D26: 0% | E26: ~15% | F26: 패시브 수익. 수면 중 발생
B27: 파트너 바이럴 | C27: 파트너가 파트너 추천 (K=0.15) | D27: 0% | E27: ~10% | F27: 시간이 갈수록 가속화
B28: 가격 자동 인상 | C28: 연 5% Hotmart 가격 업데이트 | D28: 1회/년 | E28: 복리 효과 | F28: 5년후 T1가 $16.3

Sheet ④ 60개월 캐시플로우
B1: 💰 60개월 월별 캐시플로우 — 자동화 수익 전체 타임라인
B2: D+1개월 시작 | 매월 자동 계산 | 복리 성장 반영
B4: 월 | C4: 연도 | D4: 파트너수(명) | E4: T1수익($) | F4: T2수익($) | G4: T3수익($) | H4: 합계($) | I4: 합계(₩) | J4: 누적(₩)
B5: 1 | C5: 1 | D5: ='② 1년차 월별 시뮬'!C6+'② 1년차 월별 시뮬'!C10+'② 1년차 월별 시뮬'!C14+'② 1년차 월별 시뮬'!C18+'② 1년차 월별 시뮬'!C22+'② 1년차 월별 시뮬'!C26+'② 1년차 월별 시뮬'!C30 -> 70 | E5: ='② 1년차 월별 시뮬'!C36/'① 자동화 가정'!C18/(1+'① 자동화 가정'!C12*'① 자동화 가정'!F7/'① 자동화 가정'!F6+'① 자동화 가정'!C13*'① 자동화 가정'!F8/'① 자동화 가정'!F6) -> 2750.9664 | F5: =E5*'① 자동화 가정'!C12*'① 자동화 가정'!F7/'① 자동화 가정'!F6 -> 2047.8019 | G5: =E5*'① 자동화 가정'!C13*'① 자동화 가정'!F8/'① 자동화 가정'!F6 -> 1548.1564 | H5: ='② 1년차 월별 시뮬'!C36/'① 자동화 가정'!C18 -> 6346.9247 | I5: ='② 1년차 월별 시뮬'!C36 -> 8885694.6 | J5: =I5 -> 8885694.6
B6: 2 | C6: 1 | D6: ='② 1년차 월별 시뮬'!D6+'② 1년차 월별 시뮬'!D10+'② 1년차 월별 시뮬'!D14+'② 1년차 월별 시뮬'!D18+'② 1년차 월별 시뮬'!D22+'② 1년차 월별 시뮬'!D26+'② 1년차 월별 시뮬'!D30 -> 125 | E6: ='② 1년차 월별 시뮬'!D36/'① 자동화 가정'!C18/(1+'① 자동화 가정'!C12*'① 자동화 가정'!F7/'① 자동화 가정'!F6+'① 자동화 가정'!C13*'① 자동화 가정'!F8/'① 자동화 가정'!F6) -> 4912.44 | F6: =E6*'① 자동화 가정'!C12*'① 자동화 가정'!F7/'① 자동화 가정'!F6 -> 3656.7892 | G6: =E6*'① 자동화 가정'!C13*'① 자동화 가정'!F8/'① 자동화 가정'!F6 -> 2764.565 | H6: ='② 1년차 월별 시뮬'!D36/'① 자동화 가정'!C18 -> 11333.794 | I6: ='② 1년차 월별 시뮬'!D36 -> 15867312 | J6: =J5+I6 -> 24753006
B7: 3 | C7: 1 | D7: ='② 1년차 월별 시뮬'!E6+'② 1년차 월별 시뮬'!E10+'② 1년차 월별 시뮬'!E14+'② 1년차 월별 시뮬'!E18+'② 1년차 월별 시뮬'!E22+'② 1년차 월별 시뮬'!E26+'② 1년차 월별 시뮬'!E30 -> 180 | E7: ='② 1년차 월별 시뮬'!E36/'① 자동화 가정'!C18/(1+'① 자동화 가정'!C12*'① 자동화 가정'!F7/'① 자동화 가정'!F6+'① 자동화 가정'!C13*'① 자동화 가정'!F8/'① 자동화 가정'!F6) -> 7073.9136 | F7: =E7*'① 자동화 가정'!C12*'① 자동화 가정'!F7/'① 자동화 가정'!F6 -> 5265.7764 | G7: =E7*'① 자동화 가정'!C13*'① 자동화 가정'!F8/'① 자동화 가정'!F6 -> 3980.9736 | H7: ='② 1년차 월별 시뮬'!E36/'① 자동화 가정'!C18 -> 16320.664 | I7: ='② 1년차 월별 시뮬'!E36 -> 22848929 | J7: =J6+I7 -> 47601935
B8: 4 | C8: 1 | D8: ='② 1년차 월별 시뮬'!F6+'② 1년차 월별 시뮬'!F10+'② 1년차 월별 시뮬'!F14+'② 1년차 월별 시뮬'!F18+'② 1년차 월별 시뮬'!F22+'② 1년차 월별 시뮬'!F26+'② 1년차 월별 시뮬'!F30 -> 235 | E8: ='② 1년차 월별 시뮬'!F36/'① 자동화 가정'!C18/(1+'① 자동화 가정'!C12*'① 자동화 가정'!F7/'① 자동화 가정'!F6+'① 자동화 가정'!C13*'① 자동화 가정'!F8/'① 자동화 가정'!F6) -> 9235.3872 | F8: =E8*'① 자동화 가정'!C12*'① 자동화 가정'!F7/'① 자동화 가정'!F6 -> 6874.7636 | G8: =E8*'① 자동화 가정'!C13*'① 자동화 가정'!F8/'① 자동화 가정'!F6 -> 5197.3821 | H8: ='② 1년차 월별 시뮬'!F36/'① 자동화 가정'!C18 -> 21307.533 | I8: ='② 1년차 월별 시뮬'!F36 -> 29830546 | J8: =J7+I8 -> 77432482
B9: 5 | C9: 1 | D9: ='② 1년차 월별 시뮬'!G6+'② 1년차 월별 시뮬'!G10+'② 1년차 월별 시뮬'!G14+'② 1년차 월별 시뮬'!G18+'② 1년차 월별 시뮬'!G22+'② 1년차 월별 시뮬'!G26+'② 1년차 월별 시뮬'!G30 -> 290 | E9: ='② 1년차 월별 시뮬'!G36/'① 자동화 가정'!C18/(1+'① 자동화 가정'!C12*'① 자동화 가정'!F7/'① 자동화 가정'!F6+'① 자동화 가정'!C13*'① 자동화 가정'!F8/'① 자동화 가정'!F6) -> 11396.861 | F9: =E9*'① 자동화 가정'!C12*'① 자동화 가정'!F7/'① 자동화 가정'!F6 -> 8483.7509 | G9: =E9*'① 자동화 가정'!C13*'① 자동화 가정'!F8/'① 자동화 가정'!F6 -> 6413.7907 | H9: ='② 1년차 월별 시뮬'!G36/'① 자동화 가정'!C18 -> 26294.402 | I9: ='② 1년차 월별 시뮬'!G36 -> 36812163 | J9: =J8+I9 -> 1.1424464e+08
B10: 6 | C10: 1 | D10: ='② 1년차 월별 시뮬'!H6+'② 1년차 월별 시뮬'!H10+'② 1년차 월별 시뮬'!H14+'② 1년차 월별 시뮬'!H18+'② 1년차 월별 시뮬'!H22+'② 1년차 월별 시뮬'!H26+'② 1년차 월별 시뮬'!H30 -> 345 | E10: ='② 1년차 월별 시뮬'!H36/'① 자동화 가정'!C18/(1+'① 자동화 가정'!C12*'① 자동화 가정'!F7/'① 자동화 가정'!F6+'① 자동화 가정'!C13*'① 자동화 가정'!F8/'① 자동화 가정'!F6) -> 13558.334 | F10: =E10*'① 자동화 가정'!C12*'① 자동화 가정'!F7/'① 자동화 가정'!F6 -> 10092.738 | G10: =E10*'① 자동화 가정'!C13*'① 자동화 가정'!F8/'① 자동화 가정'!F6 -> 7630.1993 | H10: ='② 1년차 월별 시뮬'!H36/'① 자동화 가정'!C18 -> 31281.272 | I10: ='② 1년차 월별 시뮬'!H36 -> 43793781 | J10: =J9+I10 -> 1.5803843e+08
B11: 7 | C11: 1 | D11: ='② 1년차 월별 시뮬'!I6+'② 1년차 월별 시뮬'!I10+'② 1년차 월별 시뮬'!I14+'② 1년차 월별 시뮬'!I18+'② 1년차 월별 시뮬'!I22+'② 1년차 월별 시뮬'!I26+'② 1년차 월별 시뮬'!I30 -> 400 | E11: ='② 1년차 월별 시뮬'!I36/'① 자동화 가정'!C18/(1+'① 자동화 가정'!C12*'① 자동화 가정'!F7/'① 자동화 가정'!F6+'① 자동화 가정'!C13*'① 자동화 가정'!F8/'① 자동화 가정'!F6) -> 15719.808 | F11: =E11*'① 자동화 가정'!C12*'① 자동화 가정'!F7/'① 자동화 가정'!F6 -> 11701.725 | G11: =E11*'① 자동화 가정'!C13*'① 자동화 가정'!F8/'① 자동화 가정'!F6 -> 8846.6079 | H11: ='② 1년차 월별 시뮬'!I36/'① 자동화 가정'!C18 -> 36268.141 | I11: ='② 1년차 월별 시뮬'!I36 -> 50775398 | J11: =J10+I11 -> 2.0881382e+08
B12: 8 | C12: 1 | D12: ='② 1년차 월별 시뮬'!J6+'② 1년차 월별 시뮬'!J10+'② 1년차 월별 시뮬'!J14+'② 1년차 월별 시뮬'!J18+'② 1년차 월별 시뮬'!J22+'② 1년차 월별 시뮬'!J26+'② 1년차 월별 시뮬'!J30 -> 454 | E12: ='② 1년차 월별 시뮬'!J36/'① 자동화 가정'!C18/(1+'① 자동화 가정'!C12*'① 자동화 가정'!F7/'① 자동화 가정'!F6+'① 자동화 가정'!C13*'① 자동화 가정'!F8/'① 자동화 가정'!F6) -> 17841.982 | F12: =E12*'① 자동화 가정'!C12*'① 자동화 가정'!F7/'① 자동화 가정'!F6 -> 13281.458 | G12: =E12*'① 자동화 가정'!C13*'① 자동화 가정'!F8/'① 자동화 가정'!F6 -> 10040.9 | H12: ='② 1년차 월별 시뮬'!J36/'① 자동화 가정'!C18 -> 41164.34 | I12: ='② 1년차 월별 시뮬'!J36 -> 57630076 | J12: =J11+I12 -> 2.664439e+08
B13: 9 | C13: 1 | D13: ='② 1년차 월별 시뮬'!K6+'② 1년차 월별 시뮬'!K10+'② 1년차 월별 시뮬'!K14+'② 1년차 월별 시뮬'!K18+'② 1년차 월별 시뮬'!K22+'② 1년차 월별 시뮬'!K26+'② 1년차 월별 시뮬'!K30 -> 508 | E13: ='② 1년차 월별 시뮬'!K36/'① 자동화 가정'!C18/(1+'① 자동화 가정'!C12*'① 자동화 가정'!F7/'① 자동화 가정'!F6+'① 자동화 가정'!C13*'① 자동화 가정'!F8/'① 자동화 가정'!F6) -> 19964.156 | F13: =E13*'① 자동화 가정'!C12*'① 자동화 가정'!F7/'① 자동화 가정'!F6 -> 14861.191 | G13: =E13*'① 자동화 가정'!C13*'① 자동화 가정'!F8/'① 자동화 가정'!F6 -> 11235.192 | H13: ='② 1년차 월별 시뮬'!K36/'① 자동화 가정'!C18 -> 46060.539 | I13: ='② 1년차 월별 시뮬'!K36 -> 64484755 | J13: =J12+I13 -> 3.3092865e+08
B14: 10 | C14: 1 | D14: ='② 1년차 월별 시뮬'!L6+'② 1년차 월별 시뮬'!L10+'② 1년차 월별 시뮬'!L14+'② 1년차 월별 시뮬'!L18+'② 1년차 월별 시뮬'!L22+'② 1년차 월별 시뮬'!L26+'② 1년차 월별 시뮬'!L30 -> 562 | E14: ='② 1년차 월별 시뮬'!L36/'① 자동화 가정'!C18/(1+'① 자동화 가정'!C12*'① 자동화 가정'!F7/'① 자동화 가정'!F6+'① 자동화 가정'!C13*'① 자동화 가정'!F8/'① 자동화 가정'!F6) -> 22086.33 | F14: =E14*'① 자동화 가정'!C12*'① 자동화 가정'!F7/'① 자동화 가정'!F6 -> 16440.924 | G14: =E14*'① 자동화 가정'!C13*'① 자동화 가정'!F8/'① 자동화 가정'!F6 -> 12429.484 | H14: ='② 1년차 월별 시뮬'!L36/'① 자동화 가정'!C18 -> 50956.738 | I14: ='② 1년차 월별 시뮬'!L36 -> 71339434 | J14: =J13+I14 -> 4.0226809e+08
B15: 11 | C15: 1 | D15: ='② 1년차 월별 시뮬'!M6+'② 1년차 월별 시뮬'!M10+'② 1년차 월별 시뮬'!M14+'② 1년차 월별 시뮬'!M18+'② 1년차 월별 시뮬'!M22+'② 1년차 월별 시뮬'!M26+'② 1년차 월별 시뮬'!M30 -> 615 | E15: ='② 1년차 월별 시뮬'!M36/'① 자동화 가정'!C18/(1+'① 자동화 가정'!C12*'① 자동화 가정'!F7/'① 자동화 가정'!F6+'① 자동화 가정'!C13*'① 자동화 가정'!F8/'① 자동화 가정'!F6) -> 24169.205 | F15: =E15*'① 자동화 가정'!C12*'① 자동화 가정'!F7/'① 자동화 가정'!F6 -> 17991.403 | G15: =E15*'① 자동화 가정'!C13*'① 자동화 가정'!F8/'① 자동화 가정'!F6 -> 13601.66 | H15: ='② 1년차 월별 시뮬'!M36/'① 자동화 가정'!C18 -> 55762.267 | I15: ='② 1년차 월별 시뮬'!M36 -> 78067174 | J15: =J14+I15 -> 4.8033526e+08
B16: 12 | C16: 1 | D16: ='② 1년차 월별 시뮬'!N6+'② 1년차 월별 시뮬'!N10+'② 1년차 월별 시뮬'!N14+'② 1년차 월별 시뮬'!N18+'② 1년차 월별 시뮬'!N22+'② 1년차 월별 시뮬'!N26+'② 1년차 월별 시뮬'!N30 -> 668 | E16: ='② 1년차 월별 시뮬'!N36/'① 자동화 가정'!C18/(1+'① 자동화 가정'!C12*'① 자동화 가정'!F7/'① 자동화 가정'!F6+'① 자동화 가정'!C13*'① 자동화 가정'!F8/'① 자동화 가정'!F6) -> 26252.079 | F16: =E16*'① 자동화 가정'!C12*'① 자동화 가정'!F7/'① 자동화 가정'!F6 -> 19541.881 | G16: =E16*'① 자동화 가정'!C13*'① 자동화 가정'!F8/'① 자동화 가정'!F6 -> 14773.835 | H16: ='② 1년차 월별 시뮬'!N36/'① 자동화 가정'!C18 -> 60567.796 | I16: ='② 1년차 월별 시뮬'!N36 -> 84794914 | J16: =J15+I16 -> 5.6513018e+08
B17: 13 | C17: 2 | D17: =ROUND(D16*(1+('① 자동화 가정'!C14-'① 자동화 가정'!C15)/12),0) -> 665 | E17: =E16*'① 자동화 가정'!C35^(1/12)*(1+'① 자동화 가정'!C19)^(1/12) -> 26648.426 | F17: =F16*'① 자동화 가정'!C35^(1/12)*(1+'① 자동화 가정'!C19)^(1/12)*(1+'① 자동화 가정'!C20)^(1/12) -> 19885.842 | G17: =G16*'① 자동화 가정'!C35^(1/12)*(1+'① 자동화 가정'!C19)^(1/12)*(1+'① 자동화 가정'!C20)^(1/12) -> 15033.873 | H17: =E17+F17+G17 -> 61568.14 | I17: =H17*'① 자동화 가정'!C18 -> 86195396 | J17: =J16+I17 -> 6.5132557e+08
B18: 14 | C18: 2 | D18: =ROUND(D17*(1+('① 자동화 가정'!C14-'① 자동화 가정'!C15)/12),0) -> 662 | E18: =E17*'① 자동화 가정'!C35^(1/12)*(1+'① 자동화 가정'!C19)^(1/12) -> 27050.756 | F18: =F17*'① 자동화 가정'!C35^(1/12)*(1+'① 자동화 가정'!C19)^(1/12)*(1+'① 자동화 가정'!C20)^(1/12) -> 20235.857 | G18: =G17*'① 자동화 가정'!C35^(1/12)*(1+'① 자동화 가정'!C19)^(1/12)*(1+'① 자동화 가정'!C20)^(1/12) -> 15298.487 | H18: =E18+F18+G18 -> 62585.099 | I18: =H18*'① 자동화 가정'!C18 -> 87619139 | J18: =J17+I18 -> 7.3894471e+08
B19: 15 | C19: 2 | D19: =ROUND(D18*(1+('① 자동화 가정'!C14-'① 자동화 가정'!C15)/12),0) -> 659 | E19: =E18*'① 자동화 가정'!C35^(1/12)*(1+'① 자동화 가정'!C19)^(1/12) -> 27459.16 | F19: =F18*'① 자동화 가정'!C35^(1/12)*(1+'① 자동화 가정'!C19)^(1/12)*(1+'① 자동화 가정'!C20)^(1/12) -> 20592.033 | G19: =G18*'① 자동화 가정'!C35^(1/12)*(1+'① 자동화 가정'!C19)^(1/12)*(1+'① 자동화 가정'!C20)^(1/12) -> 15567.759 | H19: =E19+F19+G19 -> 63618.951 | I19: =H19*'① 자동화 가정'!C18 -> 89066532 | J19: =J18+I19 -> 8.2801124e+08
B20: 16 | C20: 2 | D20: =ROUND(D19*(1+('① 자동화 가정'!C14-'① 자동화 가정'!C15)/12),0) -> 656 | E20: =E19*'① 자동화 가정'!C35^(1/12)*(1+'① 자동화 가정'!C19)^(1/12) -> 27873.73 | F20: =F19*'① 자동화 가정'!C35^(1/12)*(1+'① 자동화 가정'!C19)^(1/12)*(1+'① 자동화 가정'!C20)^(1/12) -> 20954.477 | G20: =G19*'① 자동화 가정'!C35^(1/12)*(1+'① 자동화 가정'!C19)^(1/12)*(1+'① 자동화 가정'!C20)^(1/12) -> 15841.77 | H20: =E20+F20+G20 -> 64669.978 | I20: =H20*'① 자동화 가정'!C18 -> 90537969 | J20: =J19+I20 -> 9.1854921e+08
B21: 17 | C21: 2 | D21: =ROUND(D20*(1+('① 자동화 가정'!C14-'① 자동화 가정'!C15)/12),0) -> 653 | E21: =E20*'① 자동화 가정'!C35^(1/12)*(1+'① 자동화 가정'!C19)^(1/12) -> 28294.56 | F21: =F20*'① 자동화 가정'!C35^(1/12)*(1+'① 자동화 가정'!C19)^(1/12)*(1+'① 자동화 가정'!C20)^(1/12) -> 21323.301 | G21: =G20*'① 자동화 가정'!C35^(1/12)*(1+'① 자동화 가정'!C19)^(1/12)*(1+'① 자동화 가정'!C20)^(1/12) -> 16120.604 | H21: =E21+F21+G21 -> 65738.465 | I21: =H21*'① 자동화 가정'!C18 -> 92033852 | J21: =J20+I21 -> 1.0105831e+09
B22: 18 | C22: 2 | D22: =ROUND(D21*(1+('① 자동화 가정'!C14-'① 자동화 가정'!C15)/12),0) -> 650 | E22: =E21*'① 자동화 가정'!C35^(1/12)*(1+'① 자동화 가정'!C19)^(1/12) -> 28721.742 | F22: =F21*'① 자동화 가정'!C35^(1/12)*(1+'① 자동화 가정'!C19)^(1/12)*(1+'① 자동화 가정'!C20)^(1/12) -> 21698.617 | G22: =G21*'① 자동화 가정'!C35^(1/12)*(1+'① 자동화 가정'!C19)^(1/12)*(1+'① 자동화 가정'!C20)^(1/12) -> 16404.347 | H22: =E22+F22+G22 -> 66824.706 | I22: =H22*'① 자동화 가정'!C18 -> 93554589 | J22: =J21+I22 -> 1.1041377e+09
B23: 19 | C23: 2 | D23: =ROUND(D22*(1+('① 자동화 가정'!C14-'① 자동화 가정'!C15)/12),0) -> 647 | E23: =E22*'① 자동화 가정'!C35^(1/12)*(1+'① 자동화 가정'!C19)^(1/12) -> 29155.375 | F23: =F22*'① 자동화 가정'!C35^(1/12)*(1+'① 자동화 가정'!C19)^(1/12)*(1+'① 자동화 가정'!C20)^(1/12) -> 22080.539 | G23: =G22*'① 자동화 가정'!C35^(1/12)*(1+'① 자동화 가정'!C19)^(1/12)*(1+'① 자동화 가정'!C20)^(1/12) -> 16693.083 | H23: =E23+F23+G23 -> 67928.997 | I23: =H23*'① 자동화 가정'!C18 -> 95100596 | J23: =J22+I23 -> 1.1992382e+09
B24: 20 | C24: 2 | D24: =ROUND(D23*(1+('① 자동화 가정'!C14-'① 자동화 가정'!C15)/12),0) -> 644 | E24: =E23*'① 자동화 가정'!C35^(1/12)*(1+'① 자동화 가정'!C19)^(1/12) -> 29595.554 | F24: =F23*'① 자동화 가정'!C35^(1/12)*(1+'① 자동화 가정'!C19)^(1/12)*(1+'① 자동화 가정'!C20)^(1/12) -> 22469.183 | G24: =G23*'① 자동화 가정'!C35^(1/12)*(1+'① 자동화 가정'!C19)^(1/12)*(1+'① 자동화 가정'!C20)^(1/12) -> 16986.901 | H24: =E24+F24+G24 -> 69051.639 | I24: =H24*'① 자동화 가정'!C18 -> 96672294 | J24: =J23+I24 -> 1.2959105e+09
B25: 21 | C25: 2 | D25: =ROUND(D24*(1+('① 자동화 가정'!C14-'① 자동화 가정'!C15)/12),0) -> 641 | E25: =E24*'① 자동화 가정'!C35^(1/12)*(1+'① 자동화 가정'!C19)^(1/12) -> 30042.379 | F25: =F24*'① 자동화 가정'!C35^(1/12)*(1+'① 자동화 가정'!C19)^(1/12)*(1+'① 자동화 가정'!C20)^(1/12) -> 22864.668 | G25: =G24*'① 자동화 가정'!C35^(1/12)*(1+'① 자동화 가정'!C19)^(1/12)*(1+'① 자동화 가정'!C20)^(1/12) -> 17285.891 | H25: =E25+F25+G25 -> 70192.939 | I25: =H25*'① 자동화 가정'!C18 -> 98270114 | J25: =J24+I25 -> 1.3941807e+09
B26: 22 | C26: 2 | D26: =ROUND(D25*(1+('① 자동화 가정'!C14-'① 자동화 가정'!C15)/12),0) -> 638 | E26: =E25*'① 자동화 가정'!C35^(1/12)*(1+'① 자동화 가정'!C19)^(1/12) -> 30495.95 | F26: =F25*'① 자동화 가정'!C35^(1/12)*(1+'① 자동화 가정'!C19)^(1/12)*(1+'① 자동화 가정'!C20)^(1/12) -> 23267.114 | G26: =G25*'① 자동화 가정'!C35^(1/12)*(1+'① 자동화 가정'!C19)^(1/12)*(1+'① 자동화 가정'!C20)^(1/12) -> 17590.144 | H26: =E26+F26+G26 -> 71353.208 | I26: =H26*'① 자동화 가정'!C18 -> 99894491 | J26: =J25+I26 -> 1.4940751e+09
B27: 23 | C27: 2 | D27: =ROUND(D26*(1+('① 자동화 가정'!C14-'① 자동화 가정'!C15)/12),0) -> 635 | E27: =E26*'① 자동화 가정'!C35^(1/12)*(1+'① 자동화 가정'!C19)^(1/12) -> 30956.369 | F27: =F26*'① 자동화 가정'!C35^(1/12)*(1+'① 자동화 가정'!C19)^(1/12)*(1+'① 자동화 가정'!C20)^(1/12) -> 23676.643 | G27: =G26*'① 자동화 가정'!C35^(1/12)*(1+'① 자동화 가정'!C19)^(1/12)*(1+'① 자동화 가정'!C20)^(1/12) -> 17899.752 | H27: =E27+F27+G27 -> 72532.764 | I27: =H27*'① 자동화 가정'!C18 -> 1.0154587e+08 | J27: =J26+I27 -> 1.595621e+09
B28: 24 | C28: 2 | D28: =ROUND(D27*(1+('① 자동화 가정'!C14-'① 자동화 가정'!C15)/12),0) -> 632 | E28: =E27*'① 자동화 가정'!C35^(1/12)*(1+'① 자동화 가정'!C19)^(1/12) -> 31423.739 | F28: =F27*'① 자동화 가정'!C35^(1/12)*(1+'① 자동화 가정'!C19)^(1/12)*(1+'① 자동화 가정'!C20)^(1/12) -> 24093.381 | G28: =G27*'① 자동화 가정'!C35^(1/12)*(1+'① 자동화 가정'!C19)^(1/12)*(1+'① 자동화 가정'!C20)^(1/12) -> 18214.809 | H28: =E28+F28+G28 -> 73731.929 | I28: =H28*'① 자동화 가정'!C18 -> 1.032247e+08 | J28: =J27+I28 -> 1.6988457e+09
B29: 25 | C29: 3 | D29: =ROUND(D28*(1+('① 자동화 가정'!C14-'① 자동화 가정'!C15)/12),0) -> 629 | E29: =E28*'① 자동화 가정'!C36^(1/12)*(1+'① 자동화 가정'!C19)^(1/12) -> 32030.351 | F29: =F28*'① 자동화 가정'!C36^(1/12)*(1+'① 자동화 가정'!C19)^(1/12)*(1+'① 자동화 가정'!C20)^(1/12) -> 24619.054 | G29: =G28*'① 자동화 가정'!C36^(1/12)*(1+'① 자동화 가정'!C19)^(1/12)*(1+'① 자동화 가정'!C20)^(1/12) -> 18612.223 | H29: =E29+F29+G29 -> 75261.628 | I29: =H29*'① 자동화 가정'!C18 -> 1.0536628e+08 | J29: =J28+I29 -> 1.804212e+09
B30: 26 | C30: 3 | D30: =ROUND(D29*(1+('① 자동화 가정'!C14-'① 자동화 가정'!C15)/12),0) -> 626 | E30: =E29*'① 자동화 가정'!C36^(1/12)*(1+'① 자동화 가정'!C19)^(1/12) -> 32648.674 | F30: =F29*'① 자동화 가정'!C36^(1/12)*(1+'① 자동화 가정'!C19)^(1/12)*(1+'① 자동화 가정'!C20)^(1/12) -> 25156.196 | G30: =G29*'① 자동화 가정'!C36^(1/12)*(1+'① 자동화 가정'!C19)^(1/12)*(1+'① 자동화 가정'!C20)^(1/12) -> 19018.307 | H30: =E30+F30+G30 -> 76823.177 | I30: =H30*'① 자동화 가정'!C18 -> 1.0755245e+08 | J30: =J29+I30 -> 1.9117644e+09
B31: 27 | C31: 3 | D31: =ROUND(D30*(1+('① 자동화 가정'!C14-'① 자동화 가정'!C15)/12),0) -> 623 | E31: =E30*'① 자동화 가정'!C36^(1/12)*(1+'① 자동화 가정'!C19)^(1/12) -> 33278.933 | F31: =F30*'① 자동화 가정'!C36^(1/12)*(1+'① 자동화 가정'!C19)^(1/12)*(1+'① 자동화 가정'!C20)^(1/12) -> 25705.058 | G31: =G30*'① 자동화 가정'!C36^(1/12)*(1+'① 자동화 가정'!C19)^(1/12)*(1+'① 자동화 가정'!C20)^(1/12) -> 19433.251 | H31: =E31+F31+G31 -> 78417.241 | I31: =H31*'① 자동화 가정'!C18 -> 1.0978414e+08 | J31: =J30+I31 -> 2.0215486e+09
B32: 28 | C32: 3 | D32: =ROUND(D31*(1+('① 자동화 가정'!C14-'① 자동화 가정'!C15)/12),0) -> 620 | E32: =E31*'① 자동화 가정'!C36^(1/12)*(1+'① 자동화 가정'!C19)^(1/12) -> 33921.358 | F32: =F31*'① 자동화 가정'!C36^(1/12)*(1+'① 자동화 가정'!C19)^(1/12)*(1+'① 자동화 가정'!C20)^(1/12) -> 26265.894 | G32: =G31*'① 자동화 가정'!C36^(1/12)*(1+'① 자동화 가정'!C19)^(1/12)*(1+'① 자동화 가정'!C20)^(1/12) -> 19857.249 | H32: =E32+F32+G32 -> 80044.501 | I32: =H32*'① 자동화 가정'!C18 -> 1.120623e+08 | J32: =J31+I32 -> 2.1336109e+09
B33: 29 | C33: 3 | D33: =ROUND(D32*(1+('① 자동화 가정'!C14-'① 자동화 가정'!C15)/12),0) -> 617 | E33: =E32*'① 자동화 가정'!C36^(1/12)*(1+'① 자동화 가정'!C19)^(1/12) -> 34576.185 | F33: =F32*'① 자동화 가정'!C36^(1/12)*(1+'① 자동화 가정'!C19)^(1/12)*(1+'① 자동화 가정'!C20)^(1/12) -> 26838.968 | G33: =G32*'① 자동화 가정'!C36^(1/12)*(1+'① 자동화 가정'!C19)^(1/12)*(1+'① 자동화 가정'!C20)^(1/12) -> 20290.497 | H33: =E33+F33+G33 -> 81705.65 | I33: =H33*'① 자동화 가정'!C18 -> 1.1438791e+08 | J33: =J32+I33 -> 2.2479988e+09
B34: 30 | C34: 3 | D34: =ROUND(D33*(1+('① 자동화 가정'!C14-'① 자동화 가정'!C15)/12),0) -> 614 | E34: =E33*'① 자동화 가정'!C36^(1/12)*(1+'① 자동화 가정'!C19)^(1/12) -> 35243.653 | F34: =F33*'① 자동화 가정'!C36^(1/12)*(1+'① 자동화 가정'!C19)^(1/12)*(1+'① 자동화 가정'!C20)^(1/12) -> 27424.544 | G34: =G33*'① 자동화 가정'!C36^(1/12)*(1+'① 자동화 가정'!C19)^(1/12)*(1+'① 자동화 가정'!C20)^(1/12) -> 20733.198 | H34: =E34+F34+G34 -> 83401.395 | I34: =H34*'① 자동화 가정'!C18 -> 1.1676195e+08 | J34: =J33+I34 -> 2.3647607e+09
B35: 31 | C35: 3 | D35: =ROUND(D34*(1+('① 자동화 가정'!C14-'① 자동화 가정'!C15)/12),0) -> 611 | E35: =E34*'① 자동화 가정'!C36^(1/12)*(1+'① 자동화 가정'!C19)^(1/12) -> 35924.006 | F35: =F34*'① 자동화 가정'!C36^(1/12)*(1+'① 자동화 가정'!C19)^(1/12)*(1+'① 자동화 가정'!C20)^(1/12) -> 28022.897 | G35: =G34*'① 자동화 가정'!C36^(1/12)*(1+'① 자동화 가정'!C19)^(1/12)*(1+'① 자동화 가정'!C20)^(1/12) -> 21185.558 | H35: =E35+F35+G35 -> 85132.461 | I35: =H35*'① 자동화 가정'!C18 -> 1.1918545e+08 | J35: =J34+I35 -> 2.4839462e+09
B36: 32 | C36: 3 | D36: =ROUND(D35*(1+('① 자동화 가정'!C14-'① 자동화 가정'!C15)/12),0) -> 608 | E36: =E35*'① 자동화 가정'!C36^(1/12)*(1+'① 자동화 가정'!C19)^(1/12) -> 36617.493 | F36: =F35*'① 자동화 가정'!C36^(1/12)*(1+'① 자동화 가정'!C19)^(1/12)*(1+'① 자동화 가정'!C20)^(1/12) -> 28634.305 | G36: =G35*'① 자동화 가정'!C36^(1/12)*(1+'① 자동화 가정'!C19)^(1/12)*(1+'① 자동화 가정'!C20)^(1/12) -> 21647.788 | H36: =E36+F36+G36 -> 86899.585 | I36: =H36*'① 자동화 가정'!C18 -> 1.2165942e+08 | J36: =J35+I36 -> 2.6056056e+09
B37: 33 | C37: 3 | D37: =ROUND(D36*(1+('① 자동화 가정'!C14-'① 자동화 가정'!C15)/12),0) -> 605 | E37: =E36*'① 자동화 가정'!C36^(1/12)*(1+'① 자동화 가정'!C19)^(1/12) -> 37324.367 | F37: =F36*'① 자동화 가정'!C36^(1/12)*(1+'① 자동화 가정'!C19)^(1/12)*(1+'① 자동화 가정'!C20)^(1/12) -> 29259.052 | G37: =G36*'① 자동화 가정'!C36^(1/12)*(1+'① 자동화 가정'!C19)^(1/12)*(1+'① 자동화 가정'!C20)^(1/12) -> 22120.102 | H37: =E37+F37+G37 -> 88703.521 | I37: =H37*'① 자동화 가정'!C18 -> 1.2418493e+08 | J37: =J36+I37 -> 2.7297905e+09
B38: 34 | C38: 3 | D38: =ROUND(D37*(1+('① 자동화 가정'!C14-'① 자동화 가정'!C15)/12),0) -> 602 | E38: =E37*'① 자동화 가정'!C36^(1/12)*(1+'① 자동화 가정'!C19)^(1/12) -> 38044.886 | F38: =F37*'① 자동화 가정'!C36^(1/12)*(1+'① 자동화 가정'!C19)^(1/12)*(1+'① 자동화 가정'!C20)^(1/12) -> 29897.431 | G38: =G37*'① 자동화 가정'!C36^(1/12)*(1+'① 자동화 가정'!C19)^(1/12)*(1+'① 자동화 가정'!C20)^(1/12) -> 22602.722 | H38: =E38+F38+G38 -> 90545.039 | I38: =H38*'① 자동화 가정'!C18 -> 1.2676305e+08 | J38: =J37+I38 -> 2.8565536e+09
B39: 35 | C39: 3 | D39: =ROUND(D38*(1+('① 자동화 가정'!C14-'① 자동화 가정'!C15)/12),0) -> 599 | E39: =E38*'① 자동화 가정'!C36^(1/12)*(1+'① 자동화 가정'!C19)^(1/12) -> 38779.315 | F39: =F38*'① 자동화 가정'!C36^(1/12)*(1+'① 자동화 가정'!C19)^(1/12)*(1+'① 자동화 가정'!C20)^(1/12) -> 30549.737 | G39: =G38*'① 자동화 가정'!C36^(1/12)*(1+'① 자동화 가정'!C19)^(1/12)*(1+'① 자동화 가정'!C20)^(1/12) -> 23095.872 | H39: =E39+F39+G39 -> 92424.924 | I39: =H39*'① 자동화 가정'!C18 -> 1.2939489e+08 | J39: =J38+I39 -> 2.9859485e+09
B40: 36 | C40: 3 | D40: =ROUND(D39*(1+('① 자동화 가정'!C14-'① 자동화 가정'!C15)/12),0) -> 597 | E40: =E39*'① 자동화 가정'!C36^(1/12)*(1+'① 자동화 가정'!C19)^(1/12) -> 39527.921 | F40: =F39*'① 자동화 가정'!C36^(1/12)*(1+'① 자동화 가정'!C19)^(1/12)*(1+'① 자동화 가정'!C20)^(1/12) -> 31216.276 | G40: =G39*'① 자동화 가정'!C36^(1/12)*(1+'① 자동화 가정'!C19)^(1/12)*(1+'① 자동화 가정'!C20)^(1/12) -> 23599.781 | H40: =E40+F40+G40 -> 94343.978 | I40: =H40*'① 자동화 가정'!C18 -> 1.3208157e+08 | J40: =J39+I40 -> 3.1180301e+09
B41: 37 | C41: 4 | D41: =ROUND(D40*(1+('① 자동화 가정'!C14-'① 자동화 가정'!C15)/12),0) -> 595 | E41: =E40*'① 자동화 가정'!C37^(1/12)*(1+'① 자동화 가정'!C19)^(1/12) -> 40513.887 | F41: =F40*'① 자동화 가정'!C37^(1/12)*(1+'① 자동화 가정'!C19)^(1/12)*(1+'① 자동화 가정'!C20)^(1/12) -> 32073.828 | G41: =G40*'① 자동화 가정'!C37^(1/12)*(1+'① 자동화 가정'!C19)^(1/12)*(1+'① 자동화 가정'!C20)^(1/12) -> 24248.098 | H41: =E41+F41+G41 -> 96835.813 | I41: =H41*'① 자동화 가정'!C18 -> 1.3557014e+08 | J41: =J40+I41 -> 3.2536002e+09
B42: 38 | C42: 4 | D42: =ROUND(D41*(1+('① 자동화 가정'!C14-'① 자동화 가정'!C15)/12),0) -> 593 | E42: =E41*'① 자동화 가정'!C37^(1/12)*(1+'① 자동화 가정'!C19)^(1/12) -> 41524.447 | F42: =F41*'① 자동화 가정'!C37^(1/12)*(1+'① 자동화 가정'!C19)^(1/12)*(1+'① 자동화 가정'!C20)^(1/12) -> 32954.938 | G42: =G41*'① 자동화 가정'!C37^(1/12)*(1+'① 자동화 가정'!C19)^(1/12)*(1+'① 자동화 가정'!C20)^(1/12) -> 24914.225 | H42: =E42+F42+G42 -> 99393.61 | I42: =H42*'① 자동화 가정'!C18 -> 1.3915105e+08 | J42: =J41+I42 -> 3.3927513e+09
B43: 39 | C43: 4 | D43: =ROUND(D42*(1+('① 자동화 가정'!C14-'① 자동화 가정'!C15)/12),0) -> 591 | E43: =E42*'① 자동화 가정'!C37^(1/12)*(1+'① 자동화 가정'!C19)^(1/12) -> 42560.213 | F43: =F42*'① 자동화 가정'!C37^(1/12)*(1+'① 자동화 가정'!C19)^(1/12)*(1+'① 자동화 가정'!C20)^(1/12) -> 33860.254 | G43: =G42*'① 자동화 가정'!C37^(1/12)*(1+'① 자동화 가정'!C19)^(1/12)*(1+'① 자동화 가정'!C20)^(1/12) -> 25598.652 | H43: =E43+F43+G43 -> 102019.12 | I43: =H43*'① 자동화 가정'!C18 -> 1.4282677e+08 | J43: =J42+I43 -> 3.535578e+09
B44: 40 | C44: 4 | D44: =ROUND(D43*(1+('① 자동화 가정'!C14-'① 자동화 가정'!C15)/12),0) -> 589 | E44: =E43*'① 자동화 가정'!C37^(1/12)*(1+'① 자동화 가정'!C19)^(1/12) -> 43621.815 | F44: =F43*'① 자동화 가정'!C37^(1/12)*(1+'① 자동화 가정'!C19)^(1/12)*(1+'① 자동화 가정'!C20)^(1/12) -> 34790.44 | G44: =G43*'① 자동화 가정'!C37^(1/12)*(1+'① 자동화 가정'!C19)^(1/12)*(1+'① 자동화 가정'!C20)^(1/12) -> 26301.88 | H44: =E44+F44+G44 -> 104714.14 | I44: =H44*'① 자동화 가정'!C18 -> 1.4659979e+08 | J44: =J43+I44 -> 3.6821778e+09
B45: 41 | C45: 4 | D45: =ROUND(D44*(1+('① 자동화 가정'!C14-'① 자동화 가정'!C15)/12),0) -> 587 | E45: =E44*'① 자동화 가정'!C37^(1/12)*(1+'① 자동화 가정'!C19)^(1/12) -> 44709.897 | F45: =F44*'① 자동화 가정'!C37^(1/12)*(1+'① 자동화 가정'!C19)^(1/12)*(1+'① 자동화 가정'!C20)^(1/12) -> 35746.179 | G45: =G44*'① 자동화 가정'!C37^(1/12)*(1+'① 자동화 가정'!C19)^(1/12)*(1+'① 자동화 가정'!C20)^(1/12) -> 27024.428 | H45: =E45+F45+G45 -> 107480.5 | I45: =H45*'① 자동화 가정'!C18 -> 1.5047271e+08 | J45: =J44+I45 -> 3.8326505e+09
B46: 42 | C46: 4 | D46: =ROUND(D45*(1+('① 자동화 가정'!C14-'① 자동화 가정'!C15)/12),0) -> 585 | E46: =E45*'① 자동화 가정'!C37^(1/12)*(1+'① 자동화 가정'!C19)^(1/12) -> 45825.12 | F46: =F45*'① 자동화 가정'!C37^(1/12)*(1+'① 자동화 가정'!C19)^(1/12)*(1+'① 자동화 가정'!C20)^(1/12) -> 36728.174 | G46: =G45*'① 자동화 가정'!C37^(1/12)*(1+'① 자동화 가정'!C19)^(1/12)*(1+'① 자동화 가정'!C20)^(1/12) -> 27766.824 | H46: =E46+F46+G46 -> 110320.12 | I46: =H46*'① 자동화 가정'!C18 -> 1.5444817e+08 | J46: =J45+I46 -> 3.9870987e+09
B47: 43 | C47: 4 | D47: =ROUND(D46*(1+('① 자동화 가정'!C14-'① 자동화 가정'!C15)/12),0) -> 583 | E47: =E46*'① 자동화 가정'!C37^(1/12)*(1+'① 자동화 가정'!C19)^(1/12) -> 46968.16 | F47: =F46*'① 자동화 가정'!C37^(1/12)*(1+'① 자동화 가정'!C19)^(1/12)*(1+'① 자동화 가정'!C20)^(1/12) -> 37737.145 | G47: =G46*'① 자동화 가정'!C37^(1/12)*(1+'① 자동화 가정'!C19)^(1/12)*(1+'① 자동화 가정'!C20)^(1/12) -> 28529.616 | H47: =E47+F47+G47 -> 113234.92 | I47: =H47*'① 자동화 가정'!C18 -> 1.5852889e+08 | J47: =J46+I47 -> 4.1456276e+09
B48: 44 | C48: 4 | D48: =ROUND(D47*(1+('① 자동화 가정'!C14-'① 자동화 가정'!C15)/12),0) -> 581 | E48: =E47*'① 자동화 가정'!C37^(1/12)*(1+'① 자동화 가정'!C19)^(1/12) -> 48139.712 | F48: =F47*'① 자동화 가정'!C37^(1/12)*(1+'① 자동화 가정'!C19)^(1/12)*(1+'① 자동화 가정'!C20)^(1/12) -> 38773.834 | G48: =G47*'① 자동화 가정'!C37^(1/12)*(1+'① 자동화 가정'!C19)^(1/12)*(1+'① 자동화 가정'!C20)^(1/12) -> 29313.362 | H48: =E48+F48+G48 -> 116226.91 | I48: =H48*'① 자동화 가정'!C18 -> 1.6271767e+08 | J48: =J47+I48 -> 4.3083452e+09
B49: 45 | C49: 4 | D49: =ROUND(D48*(1+('① 자동화 가정'!C14-'① 자동화 가정'!C15)/12),0) -> 579 | E49: =E48*'① 자동화 가정'!C37^(1/12)*(1+'① 자동화 가정'!C19)^(1/12) -> 49340.487 | F49: =F48*'① 자동화 가정'!C37^(1/12)*(1+'① 자동화 가정'!C19)^(1/12)*(1+'① 자동화 가정'!C20)^(1/12) -> 39839.003 | G49: =G48*'① 자동화 가정'!C37^(1/12)*(1+'① 자동화 가정'!C19)^(1/12)*(1+'① 자동화 가정'!C20)^(1/12) -> 30118.639 | H49: =E49+F49+G49 -> 119298.13 | I49: =H49*'① 자동화 가정'!C18 -> 1.6701738e+08 | J49: =J48+I49 -> 4.4753626e+09
B50: 46 | C50: 4 | D50: =ROUND(D49*(1+('① 자동화 가정'!C14-'① 자동화 가정'!C15)/12),0) -> 577 | E50: =E49*'① 자동화 가정'!C37^(1/12)*(1+'① 자동화 가정'!C19)^(1/12) -> 50571.213 | F50: =F49*'① 자동화 가정'!C37^(1/12)*(1+'① 자동화 가정'!C19)^(1/12)*(1+'① 자동화 가정'!C20)^(1/12) -> 40933.433 | G50: =G49*'① 자동화 가정'!C37^(1/12)*(1+'① 자동화 가정'!C19)^(1/12)*(1+'① 자동화 가정'!C20)^(1/12) -> 30946.037 | H50: =E50+F50+G50 -> 122450.68 | I50: =H50*'① 자동화 가정'!C18 -> 1.7143096e+08 | J50: =J49+I50 -> 4.6467936e+09
B51: 47 | C51: 4 | D51: =ROUND(D50*(1+('① 자동화 가정'!C14-'① 자동화 가정'!C15)/12),0) -> 575 | E51: =E50*'① 자동화 가정'!C37^(1/12)*(1+'① 자동화 가정'!C19)^(1/12) -> 51832.637 | F51: =F50*'① 자동화 가정'!C37^(1/12)*(1+'① 자동화 가정'!C19)^(1/12)*(1+'① 자동화 가정'!C20)^(1/12) -> 42057.928 | G51: =G50*'① 자동화 가정'!C37^(1/12)*(1+'① 자동화 가정'!C19)^(1/12)*(1+'① 자동화 가정'!C20)^(1/12) -> 31796.166 | H51: =E51+F51+G51 -> 125686.73 | I51: =H51*'① 자동화 가정'!C18 -> 1.7596142e+08 | J51: =J50+I51 -> 4.822755e+09
B52: 48 | C52: 4 | D52: =ROUND(D51*(1+('① 자동화 가정'!C14-'① 자동화 가정'!C15)/12),0) -> 573 | E52: =E51*'① 자동화 가정'!C37^(1/12)*(1+'① 자동화 가정'!C19)^(1/12) -> 53125.526 | F52: =F51*'① 자동화 가정'!C37^(1/12)*(1+'① 자동화 가정'!C19)^(1/12)*(1+'① 자동화 가정'!C20)^(1/12) -> 43213.315 | G52: =G51*'① 자동화 가정'!C37^(1/12)*(1+'① 자동화 가정'!C19)^(1/12)*(1+'① 자동화 가정'!C20)^(1/12) -> 32669.648 | H52: =E52+F52+G52 -> 129008.49 | I52: =H52*'① 자동화 가정'!C18 -> 1.8061189e+08 | J52: =J51+I52 -> 5.0033669e+09
B53: 49 | C53: 5 | D53: =ROUND(D52*(1+('① 자동화 가정'!C14-'① 자동화 가정'!C15)/12),0) -> 571 | E53: =E52*'① 자동화 가정'!C38^(1/12)*(1+'① 자동화 가정'!C19)^(1/12) -> 54716.378 | F53: =F52*'① 자동화 가정'!C38^(1/12)*(1+'① 자동화 가정'!C19)^(1/12)*(1+'① 자동화 가정'!C20)^(1/12) -> 44617.111 | G53: =G52*'① 자동화 가정'!C38^(1/12)*(1+'① 자동화 가정'!C19)^(1/12)*(1+'① 자동화 가정'!C20)^(1/12) -> 33730.931 | H53: =E53+F53+G53 -> 133064.42 | I53: =H53*'① 자동화 가정'!C18 -> 1.8629019e+08 | J53: =J52+I53 -> 5.1896571e+09
B54: 50 | C54: 5 | D54: =ROUND(D53*(1+('① 자동화 가정'!C14-'① 자동화 가정'!C15)/12),0) -> 569 | E54: =E53*'① 자동화 가정'!C38^(1/12)*(1+'① 자동화 가정'!C19)^(1/12) -> 56354.868 | F54: =F53*'① 자동화 가정'!C38^(1/12)*(1+'① 자동화 가정'!C19)^(1/12)*(1+'① 자동화 가정'!C20)^(1/12) -> 46066.51 | G54: =G53*'① 자동화 가정'!C38^(1/12)*(1+'① 자동화 가정'!C19)^(1/12)*(1+'① 자동화 가정'!C20)^(1/12) -> 34826.689 | H54: =E54+F54+G54 -> 137248.07 | I54: =H54*'① 자동화 가정'!C18 -> 1.9214729e+08 | J54: =J53+I54 -> 5.3818044e+09
B55: 51 | C55: 5 | D55: =ROUND(D54*(1+('① 자동화 가정'!C14-'① 자동화 가정'!C15)/12),0) -> 567 | E55: =E54*'① 자동화 가정'!C38^(1/12)*(1+'① 자동화 가정'!C19)^(1/12) -> 58042.423 | F55: =F54*'① 자동화 가정'!C38^(1/12)*(1+'① 자동화 가정'!C19)^(1/12)*(1+'① 자동화 가정'!C20)^(1/12) -> 47562.993 | G55: =G54*'① 자동화 가정'!C38^(1/12)*(1+'① 자동화 가정'!C19)^(1/12)*(1+'① 자동화 가정'!C20)^(1/12) -> 35958.043 | H55: =E55+F55+G55 -> 141563.46 | I55: =H55*'① 자동화 가정'!C18 -> 1.9818884e+08 | J55: =J54+I55 -> 5.5799932e+09
B56: 52 | C56: 5 | D56: =ROUND(D55*(1+('① 자동화 가정'!C14-'① 자동화 가정'!C15)/12),0) -> 565 | E56: =E55*'① 자동화 가정'!C38^(1/12)*(1+'① 자동화 가정'!C19)^(1/12) -> 59780.512 | F56: =F55*'① 자동화 가정'!C38^(1/12)*(1+'① 자동화 가정'!C19)^(1/12)*(1+'① 자동화 가정'!C20)^(1/12) -> 49108.09 | G56: =G55*'① 자동화 가정'!C38^(1/12)*(1+'① 자동화 가정'!C19)^(1/12)*(1+'① 자동화 가정'!C20)^(1/12) -> 37126.15 | H56: =E56+F56+G56 -> 146014.75 | I56: =H56*'① 자동화 가정'!C18 -> 2.0442065e+08 | J56: =J55+I56 -> 5.7844139e+09
B57: 53 | C57: 5 | D57: =ROUND(D56*(1+('① 자동화 가정'!C14-'① 자동화 가정'!C15)/12),0) -> 563 | E57: =E56*'① 자동화 가정'!C38^(1/12)*(1+'① 자동화 가정'!C19)^(1/12) -> 61570.648 | F57: =F56*'① 자동화 가정'!C38^(1/12)*(1+'① 자동화 가정'!C19)^(1/12)*(1+'① 자동화 가정'!C20)^(1/12) -> 50703.379 | G57: =G56*'① 자동화 가정'!C38^(1/12)*(1+'① 자동화 가정'!C19)^(1/12)*(1+'① 자동화 가정'!C20)^(1/12) -> 38332.203 | H57: =E57+F57+G57 -> 150606.23 | I57: =H57*'① 자동화 가정'!C18 -> 2.1084872e+08 | J57: =J56+I57 -> 5.9952626e+09
B58: 54 | C58: 5 | D58: =ROUND(D57*(1+('① 자동화 가정'!C14-'① 자동화 가정'!C15)/12),0) -> 561 | E58: =E57*'① 자동화 가정'!C38^(1/12)*(1+'① 자동화 가정'!C19)^(1/12) -> 63414.39 | F58: =F57*'① 자동화 가정'!C38^(1/12)*(1+'① 자동화 가정'!C19)^(1/12)*(1+'① 자동화 가정'!C20)^(1/12) -> 52350.492 | G58: =G57*'① 자동화 가정'!C38^(1/12)*(1+'① 자동화 가정'!C19)^(1/12)*(1+'① 자동화 가정'!C20)^(1/12) -> 39577.435 | H58: =E58+F58+G58 -> 155342.32 | I58: =H58*'① 자동화 가정'!C18 -> 2.1747924e+08 | J58: =J57+I58 -> 6.2127418e+09
B59: 55 | C59: 5 | D59: =ROUND(D58*(1+('① 자동화 가정'!C14-'① 자동화 가정'!C15)/12),0) -> 559 | E59: =E58*'① 자동화 가정'!C38^(1/12)*(1+'① 자동화 가정'!C19)^(1/12) -> 65313.343 | F59: =F58*'① 자동화 가정'!C38^(1/12)*(1+'① 자동화 가정'!C19)^(1/12)*(1+'① 자동화 가정'!C20)^(1/12) -> 54051.112 | G59: =G58*'① 자동화 가정'!C38^(1/12)*(1+'① 자동화 가정'!C19)^(1/12)*(1+'① 자동화 가정'!C20)^(1/12) -> 40863.119 | H59: =E59+F59+G59 -> 160227.57 | I59: =H59*'① 자동화 가정'!C18 -> 2.243186e+08 | J59: =J58+I59 -> 6.4370604e+09
B60: 56 | C60: 5 | D60: =ROUND(D59*(1+('① 자동화 가정'!C14-'① 자동화 가정'!C15)/12),0) -> 557 | E60: =E59*'① 자동화 가정'!C38^(1/12)*(1+'① 자동화 가정'!C19)^(1/12) -> 67269.161 | F60: =F59*'① 자동화 가정'!C38^(1/12)*(1+'① 자동화 가정'!C19)^(1/12)*(1+'① 자동화 가정'!C20)^(1/12) -> 55806.977 | G60: =G59*'① 자동화 가정'!C38^(1/12)*(1+'① 자동화 가정'!C19)^(1/12)*(1+'① 자동화 가정'!C20)^(1/12) -> 42190.568 | H60: =E60+F60+G60 -> 165266.71 | I60: =H60*'① 자동화 가정'!C18 -> 2.3137339e+08 | J60: =J59+I60 -> 6.6684338e+09
B61: 57 | C61: 5 | D61: =ROUND(D60*(1+('① 자동화 가정'!C14-'① 자동화 가정'!C15)/12),0) -> 555 | E61: =E60*'① 자동화 가정'!C38^(1/12)*(1+'① 자동화 가정'!C19)^(1/12) -> 69283.546 | F61: =F60*'① 자동화 가정'!C38^(1/12)*(1+'① 자동화 가정'!C19)^(1/12)*(1+'① 자동화 가정'!C20)^(1/12) -> 57619.882 | G61: =G60*'① 자동화 가정'!C38^(1/12)*(1+'① 자동화 가정'!C19)^(1/12)*(1+'① 자동화 가정'!C20)^(1/12) -> 43561.14 | H61: =E61+F61+G61 -> 170464.57 | I61: =H61*'① 자동화 가정'!C18 -> 2.3865039e+08 | J61: =J60+I61 -> 6.9070842e+09
B62: 58 | C62: 5 | D62: =ROUND(D61*(1+('① 자동화 가정'!C14-'① 자동화 가정'!C15)/12),0) -> 553 | E62: =E61*'① 자동화 가정'!C38^(1/12)*(1+'① 자동화 가정'!C19)^(1/12) -> 71358.252 | F62: =F61*'① 자동화 가정'!C38^(1/12)*(1+'① 자동화 가정'!C19)^(1/12)*(1+'① 자동화 가정'!C20)^(1/12) -> 59491.679 | G62: =G61*'① 자동화 가정'!C38^(1/12)*(1+'① 자동화 가정'!C19)^(1/12)*(1+'① 자동화 가정'!C20)^(1/12) -> 44976.236 | H62: =E62+F62+G62 -> 175826.17 | I62: =H62*'① 자동화 가정'!C18 -> 2.4615663e+08 | J62: =J61+I62 -> 7.1532408e+09
B63: 59 | C63: 5 | D63: =ROUND(D62*(1+('① 자동화 가정'!C14-'① 자동화 가정'!C15)/12),0) -> 551 | E63: =E62*'① 자동화 가정'!C38^(1/12)*(1+'① 자동화 가정'!C19)^(1/12) -> 73495.085 | F63: =F62*'① 자동화 가정'!C38^(1/12)*(1+'① 자동화 가정'!C19)^(1/12)*(1+'① 자동화 가정'!C20)^(1/12) -> 61424.282 | G63: =G62*'① 자동화 가정'!C38^(1/12)*(1+'① 자동화 가정'!C19)^(1/12)*(1+'① 자동화 가정'!C20)^(1/12) -> 46437.301 | H63: =E63+F63+G63 -> 181356.67 | I63: =H63*'① 자동화 가정'!C18 -> 2.5389933e+08 | J63: =J62+I63 -> 7.4071402e+09
B64: 60 | C64: 5 | D64: =ROUND(D63*(1+('① 자동화 가정'!C14-'① 자동화 가정'!C15)/12),0) -> 549 | E64: =E63*'① 자동화 가정'!C38^(1/12)*(1+'① 자동화 가정'!C19)^(1/12) -> 75695.906 | F64: =F63*'① 자동화 가정'!C38^(1/12)*(1+'① 자동화 가정'!C19)^(1/12)*(1+'① 자동화 가정'!C20)^(1/12) -> 63419.667 | G64: =G63*'① 자동화 가정'!C38^(1/12)*(1+'① 자동화 가정'!C19)^(1/12)*(1+'① 자동화 가정'!C20)^(1/12) -> 47945.829 | H64: =E64+F64+G64 -> 187061.4 | I64: =H64*'① 자동화 가정'!C18 -> 2.6188596e+08 | J64: =J63+I64 -> 7.6690261e+09

Sheet ⑤ ROI & 손익분기
B1: 🎯 자동화 ROI & 손익분기 분석
B2: 초기 투자 vs 수익 | BEP | 시간당 수익 | 5년 ROI
B4: 💸 초기 투자 비용 (1회성)
B5: 항목 | C5: 금액(₩) | D5: 비고
B6: Shadowgram 리포트 제작 (완료) | C6: 0 | D6: 이미 완성. 추가 비용 0
B7: Hotmart 계정 & 셋업 | C7: 0 | D7: 무료 가입. 수수료만 발생
B8: 랜딩페이지 / 검사페이지 제작 | C8: 500000 | D8: 외주 or 클로드로 제작
B9: 이메일 자동화 툴 (월정액 × 12) | C9: 240000 | D9: ActiveCampaign $15/월 × 12
B10: 파트너 모집 키트 제작 | C10: 100000 | D10: PDF 가이드 + 프로모 자료
B11: 초기 SNS 광고 (선택사항) | C11: 1000000 | D11: 없어도 바이럴 가능. 선택
B12: 기타 잡비 | C12: 160000 | D12: 도메인, 이미지툴 등
B13: 💰 총 초기 투자 | C13: =SUM(C6:C12) -> 2000000
B15: ⏰ 손익분기 & ROI
B16: 지표 | C16: 값 | D16: 설명
B17: 총 초기 투자 (₩) | C17: =C13 -> 2000000 | D17: 위 항목 합계
B18: 1개월차 월수익 (₩) | C18: ='② 1년차 월별 시뮬'!C36 -> 8885694.6 | D18: 1개월차 전국가 합산
B19: 손익분기 달성 월 | C19: =IFERROR(CEILING(C13/C18,1),"-") -> 1 | D19: 투자금 회수 시점
B20: 1년차 연간 수익 (₩) | C20: ='③ 5년 연간 시뮬'!C8 -> 5.6513018e+08 | D20: 12개월 합산
B21: 1년차 ROI (%) | C21: =IF(C13>0,(C20-C13)/C13,9999) -> 281.56509 | D21: (수익-투자)/투자
B22: 5년 누적 수익 (₩) | C22: ='③ 5년 연간 시뮬'!G9 -> 6.0669022e+09 | D22: 5년 전체 합산
B23: 5년 ROI (%) | C23: =IF(C13>0,(C22-C13)/C13,9999) -> 3032.4511 | D23: 5년 기준
B24: 월 평균 시간투자 (시간) | C24: 2 | D24: 파트너 채널 체크 등
B25: 시간당 수익 (₩/시간) | C25: =IF(C24>0,C20/12/C24,0) -> 23547091 | D25: 1년차 기준
B27: ✅ 자동화 셋업 체크리스트 (1회만 하면 끝)
B28: 항목 | C28: 상태 | D28: 소요시간 | E28: 이후 개입
B29: Hotmart 상품 등록 (T1/T2/T3 × 3번들) | C29: □ 예정 | D29: 2시간 | E29: 0분/월
B30: OTO 페이지 연결 (T1구매 → T2자동팝업) | C30: □ 예정 | D30: 1시간 | E30: 0분/월
B31: 이메일 시퀀스 7일 세팅 (T3 업셀) | C31: □ 예정 | D31: 3시간 | E31: 0분/월
B32: 파트너 모집 페이지 + 가이드 PDF | C32: □ 예정 | D32: 4시간 | E32: 0분/월
B33: ?ref= 파트너 트래킹 링크 설정 | C33: □ 예정 | D33: 1시간 | E33: 0분/월
B34: 국가별 파트너 텔레그램 채널 개설 | C34: □ 예정 | D34: 2시간 | E34: 30분/월
B35: 월 1회 파트너 뉴스레터 템플릿 작성 | C35: □ 예정 | D35: 2시간 | E35: 1시간/월
B36: Hotmart 대시보드 월간 리뷰 | C36: □ 예정 | D36: — | E36: 2시간/월
B37: 🕐 총 셋업 시간 (1회성) | C37: 15시간 (약 2일) | D37: 이후 월 3~4시간으로 전체 운영 가능
