Workbook

Sheet ⑤ 통합 대시보드
A1: ShiningShadow 브랜드 생태계 — 통합 수익 대시보드 (v2 공격형 시나리오)
A2: Shadowgram(검사도구 공통) → SOLO(1인) + loveTWO(2인 웹앱) + TEAM(조직 B2B) | 5년 시뮬레이션
A4: 🌑 SHADOWGRAM (검사도구 — 모든 제품의 공통 퍼널 입구) → ① SOLO | ② loveTWO | ③ TEAM → leftnoon (커뮤니티)
B6: 브랜드 | C6: 2026 | D6: 2027 | E6: 2028 | F6: 2029 | G6: 2030 | H6: 5년누적 | I6: 비중
B7: ① SOLO (1인·Hotmart) | C7: ='② SOLO'!C22 -> 51605161 | D7: ='② SOLO'!D22 -> 158849608 | E7: ='② SOLO'!E22 -> 484166785 | F7: ='② SOLO'!F22 -> 1468673566 | G7: ='② SOLO'!G22 -> 4459448089 | H7: ='② SOLO'!H22 -> 6622743209 | I7: =H7/H10 -> 0.59345446
B8: ② loveTWO (2인·웹앱) | C8: ='③ loveTWO'!C15 -> 225294720 | D8: ='③ loveTWO'!D15 -> 400565760 | E8: ='③ loveTWO'!E15 -> 707290080 | F8: ='③ loveTWO'!F15 -> 1133841367 | G8: ='③ loveTWO'!G15 -> 1727506289 | H8: ='③ loveTWO'!H15 -> 4194498216 | I8: =H8/H10 -> 0.37586293
B9: ③ TEAM (조직·B2B) | C9: ='④ TEAM'!C12 -> 2738400 | D9: ='④ TEAM'!D12 -> 8625960 | E9: ='④ TEAM'!E12 -> 36229032 | F9: ='④ TEAM'!F12 -> 95101210 | G9: ='④ TEAM'!G12 -> 199712539 | H9: ='④ TEAM'!H12 -> 342407141 | I9: =H9/H10 -> 0.03068261
B10: ★ 생태계 연간 총 수익 (₩) | C10: =SUM(C7,C8,C9) -> 279638281 | D10: =SUM(D7,D8,D9) -> 568041328 | E10: =SUM(E7,E8,E9) -> 1227685897 | F10: =SUM(F7,F8,F9) -> 2697616143 | G10: =SUM(G7,G8,G9) -> 6386666917 | H10: =SUM(H7:H9) -> 11159648566 | I10: =H10/H10 -> 1
B12: 월 평균 수익 (₩) | C12: =ROUND(C10/12,0) -> 23303190 | D12: =ROUND(D10/12,0) -> 47336777 | E12: =ROUND(E10/12,0) -> 102307158 | F12: =ROUND(F10/12,0) -> 224801345 | G12: =ROUND(G10/12,0) -> 532222243 | H12: 민철 개입 ≈ 0 자동화
B14: 핵심 KPI 지표
B15: 지표 | C15: 2026 | D15: 2027 | E15: 2028 | F15: 2029 | G15: 2030 | H15: 비고
B16: SOLO 파트너 수(명) | C16: ='② SOLO'!C6 -> 60 | D16: ='② SOLO'!D6 -> 173 | E16: ='② SOLO'!E6 -> 500 | F16: ='② SOLO'!F6 -> 1445 | G16: ='② SOLO'!G6 -> 4176
B17: SOLO T1 연판매(개) | C17: ='② SOLO'!C12 -> 4344 | D17: ='② SOLO'!D12 -> 12732 | E17: ='② SOLO'!E12 -> 36960 | F17: ='② SOLO'!F12 -> 106776 | G17: ='② SOLO'!G12 -> 308772
B18: loveTWO 이메일DB(명) | C18: ='③ loveTWO'!C6 -> 9000 | D18: ='③ loveTWO'!D6 -> 15000 | E18: ='③ loveTWO'!E6 -> 25000 | F18: ='③ loveTWO'!F6 -> 38000 | G18: ='③ loveTWO'!G6 -> 55000
B19: loveTWO 구매자(명/년) | C19: ='③ loveTWO'!C9 -> 12096 | D19: ='③ loveTWO'!D9 -> 20160 | E19: ='③ loveTWO'!E9 -> 33600 | F19: ='③ loveTWO'!F9 -> 51072 | G19: ='③ loveTWO'!G9 -> 73920
B20: TEAM 계약(건/년) | C20: ='④ TEAM'!C6 -> 5 | D20: ='④ TEAM'!D6 -> 15 | E20: ='④ TEAM'!E6 -> 60 | F20: ='④ TEAM'!F6 -> 150 | G20: ='④ TEAM'!G6 -> 300
B23: 시장 & 제품 타임라인
B24: 연도 | C24: SOLO | D24: loveTWO | E24: TEAM | H24: 핵심 마일스톤
B25: 2026 | C25: ES+PT+EN 동시 파트너60명 런칭 | D25: 이메일DB 캠페인 앱 바이럴 시작 | E25: 파일럿5건 케이스스터디 | H25: SOLO 3언어 동시출시 · loveTWO 웹앱 베타
B26: 2027 | C26: 파트너 자동 확장 전환율 최적화 | D26: DB 1.5만명+ 구매자 폭발적 증가 | E26: 이론 논문 발표 15건 계약 | H26: loveTWO 바이럴 임계점 돌파
B27: 2028 | C27: 안정 성장 부록 번들 강화 | D27: DB 3만명+ 영어권 확장 | E27: 본격 B2B론칭 60건 | H27: TEAM 프리미엄 캐시카우 가동
B28: 2029 | C28: 영어권 파트너 본격 가동 | D28: 글로벌 커플 시장 안착 | E28: 150건 구독 모델 정착 | H28: 3브랜드 시너지 완성
B29: 2030 | C29: leftnoon 연계 구독 확장 | D29: 커뮤니티 입구 역할 강화 | E29: 300건 기업 레퍼런스 축적 | H29: 기업 가치 $10M+ 목표
A32: ★ 파란 텍스트=입력값 | 검은 텍스트=수식 | 초록 텍스트=타시트 연동 | 가정 시트(① 가정)에서 전체 가정 조정 가능

Sheet ④ TEAM
A1: ④ TEAM — 조직 심리 B2B | 2년 이론정교화 → 3년차 프리미엄 캐시카우
A2: 논문·백서·케이스스터디 축적(Y1~2) → 학문적 신뢰 기반 프리미엄 진단+워크숍+구독(Y3~5)
B4: 구분 | C4: 2026 | D4: 2027 | E4: 2028 | F4: 2029 | G4: 2030 | H4: 5년합계 | I4: 단위
B5: [ 단계 ] Y1~2: 이론 정교화·파일럿 → Y3: 론칭 → Y4~5: 스케일업
B6: 연간 계약 건수 | C6: ='① 가정'!G22 -> 5 | D6: ='① 가정'!G23 -> 15 | E6: ='① 가정'!G24 -> 60 | F6: ='① 가정'!G25 -> 150 | G6: ='① 가정'!G26 -> 300 | H6: =SUM(C6:G6) -> 530 | I6: 건/년
B8: B. TEAM 오너 순수익 (직판 계약)
B9: 기본 진단 수익(₩) | C9: =ROUND(C6*'① 가정'!G27*'① 가정'!G19*(1+'① 가정'!C8)^0*'① 가정'!G30*'① 가정'!C6,0) -> 837200 | D9: =ROUND(D6*'① 가정'!G27*'① 가정'!G19*(1+'① 가정'!C8)^1*'① 가정'!G30*'① 가정'!C6,0) -> 2637180 | E9: =ROUND(E6*'① 가정'!G27*'① 가정'!G19*(1+'① 가정'!C8)^2*'① 가정'!G30*'① 가정'!C6,0) -> 11076156 | F9: =ROUND(F6*'① 가정'!G27*'① 가정'!G19*(1+'① 가정'!C8)^3*'① 가정'!G30*'① 가정'!C6,0) -> 29074910 | G9: =ROUND(G6*'① 가정'!G27*'① 가정'!G19*(1+'① 가정'!C8)^4*'① 가정'!G30*'① 가정'!C6,0) -> 61057310 | H9: =SUM(C9:G9) -> 104682756 | I9: ₩/년
B10: 워크숍 패키지 수익(₩) | C10: =ROUND(C6*'① 가정'!G28*'① 가정'!G20*(1+'① 가정'!C8)^0*'① 가정'!G30*'① 가정'!C6,0) -> 1342320 | D10: =ROUND(D6*'① 가정'!G28*'① 가정'!G20*(1+'① 가정'!C8)^1*'① 가정'!G30*'① 가정'!C6,0) -> 4228308 | E10: =ROUND(E6*'① 가정'!G28*'① 가정'!G20*(1+'① 가정'!C8)^2*'① 가정'!G30*'① 가정'!C6,0) -> 17758894 | F10: =ROUND(F6*'① 가정'!G28*'① 가정'!G20*(1+'① 가정'!C8)^3*'① 가정'!G30*'① 가정'!C6,0) -> 46617096 | G10: =ROUND(G6*'① 가정'!G28*'① 가정'!G20*(1+'① 가정'!C8)^4*'① 가정'!G30*'① 가정'!C6,0) -> 97895901 | H10: =SUM(C10:G10) -> 167842519 | I10: ₩/년
B11: 연간 구독 수익(₩) | C11: =ROUND(C6*'① 가정'!G29*'① 가정'!G21*(1+'① 가정'!C8)^0*'① 가정'!G30*'① 가정'!C6,0) -> 558880 | D11: =ROUND(D6*'① 가정'!G29*'① 가정'!G21*(1+'① 가정'!C8)^1*'① 가정'!G30*'① 가정'!C6,0) -> 1760472 | E11: =ROUND(E6*'① 가정'!G29*'① 가정'!G21*(1+'① 가정'!C8)^2*'① 가정'!G30*'① 가정'!C6,0) -> 7393982 | F11: =ROUND(F6*'① 가정'!G29*'① 가정'!G21*(1+'① 가정'!C8)^3*'① 가정'!G30*'① 가정'!C6,0) -> 19409204 | G11: =ROUND(G6*'① 가정'!G29*'① 가정'!G21*(1+'① 가정'!C8)^4*'① 가정'!G30*'① 가정'!C6,0) -> 40759328 | H11: =SUM(C11:G11) -> 69881866 | I11: ₩/년
B12: ★ TEAM 연간 오너 순수익 | C12: =C9+C10+C11 -> 2738400 | D12: =D9+D10+D11 -> 8625960 | E12: =E9+E10+E11 -> 36229032 | F12: =F9+F10+F11 -> 95101210 | G12: =G9+G10+G11 -> 199712539 | H12: =SUM(C12:G12) -> 342407141 | I12: ₩/년

Sheet ③ loveTWO
A1: ③ loveTWO — 2인 바이럴 웹앱 | 이메일DB 자체 광고 + K-factor 1.4
A2: 파트너 채널 없음 → 이메일DB 직접 캠페인 + 앱 내 커플 공유 바이럴 → SOLO 역유입 선순환
B4: 구분 | C4: 2026 | D4: 2027 | E4: 2028 | F4: 2029 | G4: 2030 | H4: 5년합계 | I4: 단위
B5: A. 이메일 DB 성장 (바이럴 엔진 원천)
B6: 연말 이메일 DB 규모 (명) | C6: 9000 | D6: 15000 | E6: 25000 | F6: 38000 | G6: 55000 | H6: =G6 -> 55000 | I6: 명(연말)
B7: 연간 이메일 캠페인 전환자 (DB×전환율×12) | C7: =ROUND(C6*'① 가정'!G8*12,0) -> 8640 | D7: =ROUND(D6*'① 가정'!G8*12,0) -> 14400 | E7: =ROUND(E6*'① 가정'!G8*12,0) -> 24000 | F7: =ROUND(F6*'① 가정'!G8*12,0) -> 36480 | G7: =ROUND(G6*'① 가정'!G8*12,0) -> 52800 | H7: =SUM(C7:G7) -> 136320 | I7: 명/년
B8: 앱 내 바이럴 추가 유저 (K=1.4 복리) | C8: =ROUND(C7*('① 가정'!G9-1),0) -> 3456 | D8: =ROUND(D7*('① 가정'!G9-1),0) -> 5760 | E8: =ROUND(E7*('① 가정'!G9-1),0) -> 9600 | F8: =ROUND(F7*('① 가정'!G9-1),0) -> 14592 | G8: =ROUND(G7*('① 가정'!G9-1),0) -> 21120 | H8: =SUM(C8:G8) -> 54528 | I8: 명/년
B9: 총 loveTWO 구매자 (캠페인+바이럴) | C9: =C7+C8 -> 12096 | D9: =D7+D8 -> 20160 | E9: =E7+E8 -> 33600 | F9: =F7+F8 -> 51072 | G9: =G7+G8 -> 73920 | H9: =SUM(C9:G9) -> 190848 | I9: 명/년
B11: B. loveTWO 오너 수익 (직판, Hotmart 외)
B12: 기본 리포트 수익(₩) | C12: =ROUND(C9*'① 가정'!G12*'① 가정'!G10*(1+'① 가정'!C8)^0*'① 가정'!G14*'① 가정'!C6,0) -> 123007248 | D12: =ROUND(D9*'① 가정'!G12*'① 가정'!G10*(1+'① 가정'!C8)^1*'① 가정'!G14*'① 가정'!C6,0) -> 215262684 | E12: =ROUND(E9*'① 가정'!G12*'① 가정'!G10*(1+'① 가정'!C8)^2*'① 가정'!G14*'① 가정'!C6,0) -> 376709697 | F12: =ROUND(F9*'① 가정'!G12*'① 가정'!G10*(1+'① 가정'!C8)^3*'① 가정'!G14*'① 가정'!C6,0) -> 601228676 | G12: =ROUND(G9*'① 가정'!G12*'① 가정'!G10*(1+'① 가정'!C8)^4*'① 가정'!G14*'① 가정'!C6,0) -> 913709370 | H12: =SUM(C12:G12) -> 2229917675 | I12: ₩/년
B13: 심화 번들 수익(₩) | C13: =ROUND(C9*'① 가정'!G13*'① 가정'!G11*(1+'① 가정'!C8)^0*'① 가정'!G14*'① 가정'!C6,0) -> 110687472 | D13: =ROUND(D9*'① 가정'!G13*'① 가정'!G11*(1+'① 가정'!C8)^1*'① 가정'!G14*'① 가정'!C6,0) -> 193703076 | E13: =ROUND(E9*'① 가정'!G13*'① 가정'!G11*(1+'① 가정'!C8)^2*'① 가정'!G14*'① 가정'!C6,0) -> 338980383 | F13: =ROUND(F9*'① 가정'!G13*'① 가정'!G11*(1+'① 가정'!C8)^3*'① 가정'!G14*'① 가정'!C6,0) -> 541012691 | G13: =ROUND(G9*'① 가정'!G13*'① 가정'!G11*(1+'① 가정'!C8)^4*'① 가정'!G14*'① 가정'!C6,0) -> 822196919 | H13: =SUM(C13:G13) -> 2006580541 | I13: ₩/년
B14: 월 광고비 차감(₩) | C14: =-ROUND('① 가정'!G15*12*'① 가정'!C6,0) -> -8400000 | D14: =-ROUND('① 가정'!G15*12*'① 가정'!C6,0) -> -8400000 | E14: =-ROUND('① 가정'!G15*12*'① 가정'!C6,0) -> -8400000 | F14: =-ROUND('① 가정'!G15*12*'① 가정'!C6,0) -> -8400000 | G14: =-ROUND('① 가정'!G15*12*'① 가정'!C6,0) -> -8400000 | H14: =SUM(C14:G14) -> -42000000 | I14: ₩/년
B15: ★ loveTWO 연간 오너 순수익 | C15: =C12+C13+C14 -> 225294720 | D15: =D12+D13+D14 -> 400565760 | E15: =E12+E13+E14 -> 707290080 | F15: =F12+F13+F14 -> 1133841367 | G15: =G12+G13+G14 -> 1727506289 | H15: =SUM(C15:G15) -> 4194498216 | I15: ₩/년

Sheet ② SOLO
A1: ② SOLO — 1인 Self-Help | ES+PT+EN 동시출시 | 5년 수익 시뮬레이션
A2: 3개월 내 스페인어·포르투갈어·영어 동시 서비스 → 파트너 60명 런칭 → 글로벌 퍼널 자동화
B4: 구분 | C4: 2026 | D4: 2027 | E4: 2028 | F4: 2029 | G4: 2030 | H4: 5년합계 | I4: 단위
B5: A. 파트너 수 (ES+PT+EN 3언어 풀 가동)
B6: 연초 파트너 수 | C6: ='① 가정'!C12 -> 60 | D6: =ROUND(C6*(1-'① 가정'!C14)*(1+'① 가정'!C13*12),0) -> 173 | E6: =ROUND(D6*(1-'① 가정'!C14)*(1+'① 가정'!C13*12),0) -> 500 | F6: =ROUND(E6*(1-'① 가정'!C14)*(1+'① 가정'!C13*12),0) -> 1445 | G6: =ROUND(F6*(1-'① 가정'!C14)*(1+'① 가정'!C13*12),0) -> 4176 | H6: =G6 -> 4176 | I6: 명
B7: 활성 파트너 | C7: =ROUND(C6*'① 가정'!C15,0) -> 42 | D7: =ROUND(D6*'① 가정'!C15,0) -> 121 | E7: =ROUND(E6*'① 가정'!C15,0) -> 350 | F7: =ROUND(F6*'① 가정'!C15,0) -> 1012 | G7: =ROUND(G6*'① 가정'!C15,0) -> 2923 | H7: =G7 -> 2923 | I7: 명
B8: 상위20% 파트너 | C8: =ROUND(C7*0.2,0) -> 8 | D8: =ROUND(D7*0.2,0) -> 24 | E8: =ROUND(E7*0.2,0) -> 70 | F8: =ROUND(F7*0.2,0) -> 202 | G8: =ROUND(G7*0.2,0) -> 585 | H8: =G8 -> 585 | I8: 명
B10: B. T1 연간 판매량
B11: 월 T1 판매량 (활성파트너) | C11: =ROUND(C8*'① 가정'!C16+(C7-C8)*0.75*'① 가정'!C17+(C7-C8)*0.25*'① 가정'!C18,0) -> 362 | D11: =ROUND(D8*'① 가정'!C16+(D7-D8)*0.75*'① 가정'!C17+(D7-D8)*0.25*'① 가정'!C18,0) -> 1061 | E11: =ROUND(E8*'① 가정'!C16+(E7-E8)*0.75*'① 가정'!C17+(E7-E8)*0.25*'① 가정'!C18,0) -> 3080 | F11: =ROUND(F8*'① 가정'!C16+(F7-F8)*0.75*'① 가정'!C17+(F7-F8)*0.25*'① 가정'!C18,0) -> 8898 | G11: =ROUND(G8*'① 가정'!C16+(G7-G8)*0.75*'① 가정'!C17+(G7-G8)*0.25*'① 가정'!C18,0) -> 25731 | H11: =SUM(C11:G11) -> 39132 | I11: 개/월
B12: 연간 T1 판매량 | C12: =C11*12 -> 4344 | D12: =D11*12 -> 12732 | E12: =E11*12 -> 36960 | F12: =F11*12 -> 106776 | G12: =G11*12 -> 308772 | H12: =SUM(C12:G12) -> 469584 | I12: 개/년
B14: C. SOLO 오너 순수익 (Hotmart 수수료·커미션 차감 후)
B15: T2 OTO 판매량 | C15: =ROUND(C12*'① 가정'!C28,0) -> 1216 | D15: =ROUND(D12*'① 가정'!C28,0) -> 3565 | E15: =ROUND(E12*'① 가정'!C28,0) -> 10349 | F15: =ROUND(F12*'① 가정'!C28,0) -> 29897 | G15: =ROUND(G12*'① 가정'!C28,0) -> 86456 | H15: =SUM(C15:G15) -> 131483 | I15: 개/년
B16: T3 업셀 판매량 | C16: =ROUND(C12*'① 가정'!C29,0) -> 521 | D16: =ROUND(D12*'① 가정'!C29,0) -> 1528 | E16: =ROUND(E12*'① 가정'!C29,0) -> 4435 | F16: =ROUND(F12*'① 가정'!C29,0) -> 12813 | G16: =ROUND(G12*'① 가정'!C29,0) -> 37053 | H16: =SUM(C16:G16) -> 56350 | I16: 개/년
B17: 부록 판매량 | C17: =ROUND(C12*'① 가정'!C30,0) -> 782 | D17: =ROUND(D12*'① 가정'!C30,0) -> 2292 | E17: =ROUND(E12*'① 가정'!C30,0) -> 6653 | F17: =ROUND(F12*'① 가정'!C30,0) -> 19220 | G17: =ROUND(G12*'① 가정'!C30,0) -> 55579 | H17: =SUM(C17:G17) -> 84526 | I17: 개/년
B18: T1 오너 순수익(₩) | C18: =ROUND(C12*'① 가정'!C22*(1+'① 가정'!C8)^0*(1-'① 가정'!C7)*(1-'① 가정'!D22)*'① 가정'!C6,0) -> 21041363 | D18: =ROUND(D12*'① 가정'!C22*(1+'① 가정'!C8)^1*(1-'① 가정'!C7)*(1-'① 가정'!D22)*'① 가정'!C6,0) -> 64754504 | E18: =ROUND(E12*'① 가정'!C22*(1+'① 가정'!C8)^2*(1-'① 가정'!C7)*(1-'① 가정'!D22)*'① 가정'!C6,0) -> 197376122 | F18: =ROUND(F12*'① 가정'!C22*(1+'① 가정'!C8)^3*(1-'① 가정'!C7)*(1-'① 가정'!D22)*'① 가정'!C6,0) -> 598722523 | G18: =ROUND(G12*'① 가정'!C22*(1+'① 가정'!C8)^4*(1-'① 가정'!C7)*(1-'① 가정'!D22)*'① 가정'!C6,0) -> 1817938379 | H18: =SUM(C18:G18) -> 2699832891 | I18: ₩/년
B19: T2 오너 순수익(₩) | C19: =ROUND(C15*'① 가정'!C23*(1+'① 가정'!C8)^0*(1-'① 가정'!C7)*(1-'① 가정'!D23)*'① 가정'!C6,0) -> 15261931 | D19: =ROUND(D15*'① 가정'!C23*(1+'① 가정'!C8)^1*(1-'① 가정'!C7)*(1-'① 가정'!D23)*'① 가정'!C6,0) -> 46981269 | E19: =ROUND(E15*'① 가정'!C23*(1+'① 가정'!C8)^2*(1-'① 가정'!C7)*(1-'① 가정'!D23)*'① 가정'!C6,0) -> 143203256 | F19: =ROUND(F15*'① 가정'!C23*(1+'① 가정'!C8)^3*(1-'① 가정'!C7)*(1-'① 가정'!D23)*'① 가정'!C6,0) -> 434381595 | G19: =ROUND(G15*'① 가정'!C23*(1+'① 가정'!C8)^4*(1-'① 가정'!C7)*(1-'① 가정'!D23)*'① 가정'!C6,0) -> 1318949726 | H19: =SUM(C19:G19) -> 1958777777 | I19: ₩/년
B20: T3 오너 순수익(₩) | C20: =ROUND(C16*'① 가정'!C24*(1+'① 가정'!C8)^0*(1-'① 가정'!C7)*(1-'① 가정'!D24)*'① 가정'!C6,0) -> 11395664 | D20: =ROUND(D16*'① 가정'!C24*(1+'① 가정'!C8)^1*(1-'① 가정'!C7)*(1-'① 가정'!D24)*'① 가정'!C6,0) -> 35092521 | E20: =ROUND(E16*'① 가정'!C24*(1+'① 가정'!C8)^2*(1-'① 가정'!C7)*(1-'① 가정'!D24)*'① 가정'!C6,0) -> 106948363 | F20: =ROUND(F16*'① 가정'!C24*(1+'① 가정'!C8)^3*(1-'① 가정'!C7)*(1-'① 가정'!D24)*'① 가정'!C6,0) -> 324429729 | G20: =ROUND(G16*'① 가정'!C24*(1+'① 가정'!C8)^4*(1-'① 가정'!C7)*(1-'① 가정'!D24)*'① 가정'!C6,0) -> 985104930 | H20: =SUM(C20:G20) -> 1462971207 | I20: ₩/년
B21: 부록 오너 순수익(₩) | C21: =ROUND(C17*'① 가정'!C25*(1+'① 가정'!C8)^0*(1-'① 가정'!C7)*(1-'① 가정'!D25)*'① 가정'!C6,0) -> 3906203 | D21: =ROUND(D17*'① 가정'!C25*(1+'① 가정'!C8)^1*(1-'① 가정'!C7)*(1-'① 가정'!D25)*'① 가정'!C6,0) -> 12021314 | E21: =ROUND(E17*'① 가정'!C25*(1+'① 가정'!C8)^2*(1-'① 가정'!C7)*(1-'① 가정'!D25)*'① 가정'!C6,0) -> 36639044 | F21: =ROUND(F17*'① 가정'!C25*(1+'① 가정'!C8)^3*(1-'① 가정'!C7)*(1-'① 가정'!D25)*'① 가정'!C6,0) -> 111139719 | G21: =ROUND(G17*'① 가정'!C25*(1+'① 가정'!C8)^4*(1-'① 가정'!C7)*(1-'① 가정'!D25)*'① 가정'!C6,0) -> 337455054 | H21: =SUM(C21:G21) -> 501161334 | I21: ₩/년
B22: ★ SOLO 연간 오너 순수익 | C22: =C18+C19+C20+C21 -> 51605161 | D22: =D18+D19+D20+D21 -> 158849608 | E22: =E18+E19+E20+E21 -> 484166785 | F22: =F18+F19+F20+F21 -> 1468673566 | G22: =G18+G19+G20+G21 -> 4459448089 | H22: =SUM(C22:G22) -> 6622743209 | I22: ₩/년

Sheet ① 가정
A1: ShiningShadow 브랜드 생태계 수익 시뮬레이션 v2 — 핵심 가정 (현실적 공격형)
A2: SOLO: ES+PT+EN 동시출시(3개월내) | loveTWO: 이메일DB 자체 바이럴 웹앱 | TEAM: 2년 이론정교화→3년차 프리미엄 B2B
A4: ① 공통 가정 | F4: ④ loveTWO — 자체 바이럴 웹앱 (이메일 DB)
B5: 항목 | C5: 값 | D5: 비고 | F5: 항목 | G5: 값 | H5: 비고
B6: 환율 (USD→KRW) | C6: 1400 | D6: ₩1,400/$1 | F6: 초기 이메일 DB 규모 (명) | G6: 5000 | H6: SOLO 출시 후 축적된 DB
B7: Hotmart 수수료 | C7: 0.099 | D7: 9.9% (SOLO 판매 채널) | F7: 월 신규 이메일 DB 증가율 | G7: 0.15 | H7: 검사도구 바이럴 + 광고
B8: 연간 가격 인상률 | C8: 0.05 | D8: 매년 5% 인상 | F8: 이메일→loveTWO 전환율 | G8: 0.08 | H8: 월 캠페인 8% 전환
F9: loveTWO 앱 바이럴 K-factor | G9: 1.4 | H9: 1쌍 → 1.4쌍 공유 (커플 특성)
A10: ② SOLO — 1인 (Hotmart 파트너 채널) | F10: 기본 리포트 가격 (USD) | G10: 14.9
B11: 항목 | C11: 값 | D11: 비고 | F11: 심화 번들 가격 (USD) | G11: 24.9
B12: 런칭 초기 파트너 수 (Year1) | C12: 60 | D12: ES+PT+EN 3언어 동시, 3개월 내 60명 | F12: 기본 선택 비율 | G12: 0.65
B13: 파트너 월 바이럴 계수 K | C13: 0.2 | D13: 월 순증 20% (이전 15%에서 상향) | F13: 심화 선택 비율 | G13: 0.35
B14: 파트너 연 이탈률 | C14: 0.15 | D14: 다언어 성장으로 이탈 감소 | F14: 오너 마진률 (직판) | G14: 0.75 | H14: 결제수수료 제외, Hotmart 외 직판
B15: 파트너 활성화율 | C15: 0.7 | D15: 3언어 시장 다양화로 상향 | F15: 월 광고비 (USD) | G15: 500 | H15: 자체 SNS 광고, 연 $6,000
B16: 상위20% 인당 월 T1 판매 | C16: 25 | D16: 파레토 상위 파트너 | F16: ★ loveTWO DB: loveTWO시트 직접입력 | H16: 이메일DB규모는 loveTWO시트 6행에서 직접 조정
B17: 중위60% 인당 월 T1 판매 | C17: 6 | F17: ⑤ TEAM — 이론정교화→프리미엄 B2B
B18: 하위20% 인당 월 T1 판매 | C18: 1 | F18: DB 연간 성장 상한 Year3+ | G18: 0.4 | H18: 40% 연간 캡
F19: TEAM 기본 진단 가격 (USD) | G19: 299 | H19: Year3부터: 논문 기반 신뢰 프리미엄
A20: ③ SOLO 상품 가격 & 전환율 | F20: TEAM 워크숍 패키지 (USD) | G20: 799 | H20: 반나절 워크숍 포함 (온라인)
B21: 상품 | C21: USD 가격 | D21: 파트너 커미션 | F21: TEAM 연간 구독 (USD/팀) | G21: 499 | H21: 지속 모니터링 서비스
B22: T1 Basic | C22: 12.8 | D22: 0.7 | F22: Year1 TEAM 계약 수 (건/년) | G22: 5 | H22: 파일럿·케이스스터디용
B23: T2 Deep (OTO) | C23: 19.9 | D23: 0.5 | F23: Year2 TEAM 계약 수 (건/년) | G23: 15 | H23: 논문·백서 발표 후 신뢰 확보
B24: T3 Master (업셀) | C24: 28.9 | D24: 0.4 | F24: Year3 TEAM 계약 수 (건/년) | G24: 60 | H24: 본격 B2B 런칭
B25: 부록 A/B/C (각) | C25: 9.9 | D25: 0.6 | F25: Year4 TEAM 계약 수 (건/년) | G25: 150
F26: Year5 TEAM 계약 수 (건/년) | G26: 300
B27: 전환 단계 | C27: 전환율 | D27: 비고 | F27: 기본진단 선택비율 | G27: 0.5
B28: T1→T2 OTO 전환율 | C28: 0.28 | D28: 즉시팝업, 3언어 현지화로 상향 | F28: 워크숍 선택비율 | G28: 0.3
B29: T1→T3 이메일 업셀 | C29: 0.12 | D29: 7일 시퀀스 | F29: 연간구독 선택비율 | G29: 0.2
B30: T1→부록 구매율 | C30: 0.18 | D30: 번들 or 이메일 | F30: 오너 마진률 (직판) | G30: 0.8 | H30: 직접계약, 결제수수료 제외
