Workbook

Sheet ⑤ 통합 대시보드
A1: ShiningShadow 브랜드 생태계 — 통합 수익 대시보드 v3
A2: SOLO(2026 집중) → loveTWO(2027 런칭) → TEAM(2028 런칭) | 3브랜드 순차 가동 시나리오
A4: 🌑 Shadowgram (검사도구 — 공통 진단 엔진) → ① SOLO (1인) ② loveTWO (2인) ③ TEAM (조직) → leftnoon (커뮤니티 구독, Phase4+)
B6: 브랜드 / 수익원 | C6: 2026 | D6: 2027 | E6: 2028 | F6: 2029 | G6: 2030 | H6: 5년 누적 | I6: 비중
B7: ① SOLO (1인·Hotmart 파트너) | C7: ='② SOLO'!C22 -> 267914232 | D7: ='② SOLO'!D22 -> 625942999 | E7: ='② SOLO'!E22 -> 1473643709 | F7: ='② SOLO'!F22 -> 3473571683 | G7: ='② SOLO'!G22 -> 8168175223 | H7: ='② SOLO'!H22 -> 14009247846 | I7: =H7/H10 -> 0.70975084
B8: ② loveTWO (2인·이메일+파트너) | C8: ='③ loveTWO'!C22 -> 0 | D8: ='③ loveTWO'!D22 -> 335166417 | E8: ='③ loveTWO'!E22 -> 690549490 | F8: ='③ loveTWO'!F22 -> 1439489689 | G8: ='③ loveTWO'!G22 -> 3041719262 | H8: ='③ loveTWO'!H22 -> 5506924858 | I8: =H8/H10 -> 0.27899746
B9: ③ TEAM (조직·코칭 플랫폼 제휴) | C9: ='④ TEAM'!C17 -> 1609440 | D9: ='④ TEAM'!D17 -> 4506431 | E9: ='④ TEAM'!E17 -> 33270143 | F9: ='④ TEAM'!F17 -> 62880570 | G9: ='④ TEAM'!G17 -> 119822418 | H9: ='④ TEAM'!H17 -> 222089002 | I9: =H9/H10 -> 0.0112517
B10: ★ 생태계 연간 총 수익 (₩) | C10: =SUM(C7,C8,C9) -> 269523672 | D10: =SUM(D7,D8,D9) -> 965615847 | E10: =SUM(E7,E8,E9) -> 2197463342 | F10: =SUM(F7,F8,F9) -> 4975941942 | G10: =SUM(G7,G8,G9) -> 11329716903 | H10: =SUM(H7:H9) -> 19738261706 | I10: =1 -> 1
B12: 월 평균 수익 (₩) | C12: =ROUND(C10/12,0) -> 22460306 | D12: =ROUND(D10/12,0) -> 80467987 | E12: =ROUND(E10/12,0) -> 183121945 | F12: =ROUND(F10/12,0) -> 414661829 | G12: =ROUND(G10/12,0) -> 944143075 | H12: 자동화 기준, 민철 개입 ≈ 0
B14: 핵심 KPI 지표
B15: 지표 | C15: 2026 | D15: 2027 | E15: 2028 | F15: 2029 | G15: 2030 | H15: 비고
B16: SOLO 파트너 수 (명) | C16: ='② SOLO'!C6 -> 200 | D16: ='② SOLO'!D6 -> 440 | E16: ='② SOLO'!E6 -> 968 | F16: ='② SOLO'!F6 -> 2130 | G16: ='② SOLO'!G6 -> 4686
B17: SOLO T1 연간 판매량 (개) | C17: ='② SOLO'!C12 -> 22548 | D17: ='② SOLO'!D12 -> 49296 | E17: ='② SOLO'!E12 -> 108576 | F17: ='② SOLO'!F12 -> 239388 | G17: ='② SOLO'!G12 -> 526428
B18: loveTWO 이메일 DB (명) | C18: ='③ loveTWO'!C8 -> 0 | D18: ='③ loveTWO'!D8 -> 8000 | E18: ='③ loveTWO'!E8 -> 13600 | F18: ='③ loveTWO'!F8 -> 23120 | G18: ='③ loveTWO'!G8 -> 39304
B19: loveTWO 총 구매자 (명/년) | C19: ='③ loveTWO'!C11 -> 0 | D19: ='③ loveTWO'!D11 -> 8064 | E19: ='③ loveTWO'!E11 -> 13709 | F19: ='③ loveTWO'!F11 -> 23304 | G19: ='③ loveTWO'!G11 -> 39619
B20: loveTWO 겸업 파트너 (명) | C20: ='③ loveTWO'!C14 -> 0 | D20: ='③ loveTWO'!D14 -> 159 | E20: ='③ loveTWO'!E14 -> 349 | F20: ='③ loveTWO'!F14 -> 767 | G20: ='③ loveTWO'!G14 -> 1687
B21: TEAM 코칭 플랫폼 파트너 (곳) | C21: ='④ TEAM'!C8 -> 0 | D21: ='④ TEAM'!D8 -> 0 | E21: ='④ TEAM'!E8 -> 15 | F21: ='④ TEAM'!F8 -> 27 | G21: ='④ TEAM'!G8 -> 49
B22: TEAM 총 계약 건수 (건/년) | C22: ='④ TEAM'!C11 -> 3 | D22: ='④ TEAM'!D11 -> 8 | E22: ='④ TEAM'!E11 -> 60 | F22: ='④ TEAM'!F11 -> 108 | G22: ='④ TEAM'!G11 -> 196
B25: 브랜드별 런칭 타임라인 & 전략
B26: 연도 | C26: SOLO | D26: loveTWO | E26: TEAM | F26: 핵심 전략
B27: 2026 | C27: ★ ES+PT+EN 동시 Hotmart 60명 집중 | D27: 준비: SOLO DB 이메일 8천명 축적 | E27: 준비①: 논문·이론 파일럿 3건 | F27: SOLO 파트너 네트워크 구축 + 퍼널 최적화
B28: 2027 | C28: 성장: 파트너 복리 전환율 최적화 | D28: ★ 런칭: 이메일+파트너 앱 바이럴 가동 | E28: 준비②: 백서·케이스 파일럿 8건 | F28: loveTWO 이중채널 런칭 + SOLO 파트너 겸업 확대
B29: 2028 | C29: 안정: 파트너 자동화 부록 번들 강화 | D29: 성장: DB 1.4만→ 파트너 겸업 확대 | E29: ★ 런칭: 코칭 플랫폼 15곳 제휴 본격화 | F29: TEAM 온라인 코칭 플랫폼 파트너 가동 → 3브랜드 풀가동
B30: 2029 | C30: 복리 확장 영어권 심화 | D30: 글로벌 확장 DB 2.4만+ | E30: 스케일: 플랫폼 27곳 멤버십 구독 안착 | F30: 3브랜드 시너지 → SOLO 고객이 loveTWO·TEAM으로 자연 이동
B31: 2030 | C31: 파트너 4천명+ leftnoon 연계 | D31: 구매자 연 수만명 커뮤니티 입구 | E31: 플랫폼 49곳 프리미엄 레퍼런스 | F31: 기업 가치 $10M+ 목표 / leftnoon 커뮤니티 구독 추가
A33: ★ 파란 텍스트=입력값 | 검은 텍스트=수식 | 초록 텍스트=타시트 연동 | ① 가정 시트에서 전체 가정 조정 → 모든 시트 자동 반영

Sheet ④ TEAM
A1: ④ TEAM — 조직 심리 B2B | 2026~27 이론정교화 | 2028 온라인 코칭 플랫폼 파트너 본격 런칭
A2: 준비 2년(논문·백서·케이스스터디) → 2028 코칭 플랫폼 15곳 제휴 → 진단+코칭 패키지+연간 멤버십
B4: 구분 | C4: 2026 | D4: 2027 | E4: 2028 | F4: 2029 | G4: 2030 | H4: 5년합계 | I4: 단위 | J4: 비고
B5: 런칭 단계 | C5: 이론 정교화① | D5: 이론 정교화② | E5: ★ 본격 런칭! | F5: 스케일업① | G5: 스케일업②
B7: A. 계약 건수 — 준비기 파일럿 + 2028 코칭 플랫폼 파트너 제휴
B8: 코칭 플랫폼 파트너 수 | C8: 0 | D8: 0 | E8: ='① 가정'!G25 -> 15 | F8: =ROUND(E8*(1+'① 가정'!G26),0) -> 27 | G8: =ROUND(F8*(1+'① 가정'!G26),0) -> 49 | H8: =G8 -> 49 | I8: 곳 | J8: 2028 15곳 → 연 80% 성장
B9: 파트너 채널 계약 건수 | C9: =ROUND(C8*'① 가정'!G27,0) -> 0 | D9: =ROUND(D8*'① 가정'!G27,0) -> 0 | E9: =ROUND(E8*'① 가정'!G27,0) -> 60 | F9: =ROUND(F8*'① 가정'!G27,0) -> 108 | G9: =ROUND(G8*'① 가정'!G27,0) -> 196 | H9: =SUM(C9:G9) -> 364 | I9: 건/년
B10: 준비기 파일럿 계약 (2026~27) | C10: ='① 가정'!G32 -> 3 | D10: ='① 가정'!G33 -> 8 | E10: 0 | F10: 0 | G10: 0 | H10: =SUM(C10:G10) -> 11 | I10: 건/년 | J10: 케이스스터디·논문용
B11: 총 계약 건수 | C11: =C9+C10 -> 3 | D11: =D9+D10 -> 8 | E11: =E9+E10 -> 60 | F11: =F9+F10 -> 108 | G11: =G9+G10 -> 196 | H11: =SUM(C11:G11) -> 375 | I11: 건/년
B13: B. TEAM 오너 순수익 (진단 + 코칭 패키지 + 연간 멤버십)
B14: 기본 진단 수익 (₩) | C14: =ROUND((C9*(1-'① 가정'!G31)+C10*0.8)*'① 가정'!G28*'① 가정'!G22*(1+'① 가정'!C8)^0*'① 가정'!C6,0) -> 452088 | D14: =ROUND((D9*(1-'① 가정'!G31)+D10*0.8)*'① 가정'!G28*'① 가정'!G22*(1+'① 가정'!C8)^1*'① 가정'!C6,0) -> 1265846 | E14: =ROUND((E9*(1-'① 가정'!G31)+E10*0.8)*'① 가정'!G28*'① 가정'!G22*(1+'① 가정'!C8)^2*'① 가정'!C6,0) -> 9345507 | F14: =ROUND((F9*(1-'① 가정'!G31)+F10*0.8)*'① 가정'!G28*'① 가정'!G22*(1+'① 가정'!C8)^3*'① 가정'!C6,0) -> 17663008 | G14: =ROUND((G9*(1-'① 가정'!G31)+G10*0.8)*'① 가정'!G28*'① 가정'!G22*(1+'① 가정'!C8)^4*'① 가정'!C6,0) -> 33657842 | H14: =SUM(C14:G14) -> 62384291 | I14: ₩/년
B15: 코칭 패키지 수익 (₩) | C15: =ROUND((C9*(1-'① 가정'!G31)+C10*0.8)*'① 가정'!G29*'① 가정'!G23*(1+'① 가정'!C8)^0*'① 가정'!C6,0) -> 822024 | D15: =ROUND((D9*(1-'① 가정'!G31)+D10*0.8)*'① 가정'!G29*'① 가정'!G23*(1+'① 가정'!C8)^1*'① 가정'!C6,0) -> 2301667 | E15: =ROUND((E9*(1-'① 가정'!G31)+E10*0.8)*'① 가정'!G29*'① 가정'!G23*(1+'① 가정'!C8)^2*'① 가정'!C6,0) -> 16992777 | F15: =ROUND((F9*(1-'① 가정'!G31)+F10*0.8)*'① 가정'!G29*'① 가정'!G23*(1+'① 가정'!C8)^3*'① 가정'!C6,0) -> 32116349 | G15: =ROUND((G9*(1-'① 가정'!G31)+G10*0.8)*'① 가정'!G29*'① 가정'!G23*(1+'① 가정'!C8)^4*'① 가정'!C6,0) -> 61199488 | H15: =SUM(C15:G15) -> 113432305 | I15: ₩/년
B16: 연간 멤버십 수익 (₩) | C16: =ROUND((C9*(1-'① 가정'!G31)+C10*0.8)*'① 가정'!G30*'① 가정'!G24*(1+'① 가정'!C8)^0*'① 가정'!C6,0) -> 335328 | D16: =ROUND((D9*(1-'① 가정'!G31)+D10*0.8)*'① 가정'!G30*'① 가정'!G24*(1+'① 가정'!C8)^1*'① 가정'!C6,0) -> 938918 | E16: =ROUND((E9*(1-'① 가정'!G31)+E10*0.8)*'① 가정'!G30*'① 가정'!G24*(1+'① 가정'!C8)^2*'① 가정'!C6,0) -> 6931859 | F16: =ROUND((F9*(1-'① 가정'!G31)+F10*0.8)*'① 가정'!G30*'① 가정'!G24*(1+'① 가정'!C8)^3*'① 가정'!C6,0) -> 13101213 | G16: =ROUND((G9*(1-'① 가정'!G31)+G10*0.8)*'① 가정'!G30*'① 가정'!G24*(1+'① 가정'!C8)^4*'① 가정'!C6,0) -> 24965088 | H16: =SUM(C16:G16) -> 46272406 | I16: ₩/년
B17: ★ TEAM 연간 오너 순수익 | C17: =C14+C15+C16 -> 1609440 | D17: =D14+D15+D16 -> 4506431 | E17: =E14+E15+E16 -> 33270143 | F17: =F14+F15+F16 -> 62880570 | G17: =G14+G15+G16 -> 119822418 | H17: =SUM(C17:G17) -> 222089002 | I17: ₩/년

Sheet ③ loveTWO
A1: ③ loveTWO — 2인 커플 바이럴 웹앱 | 2027 런칭 | 이메일DB + Hotmart 파트너 이중 채널
A2: 2026: SOLO 운영 중 이메일DB 8,000명 축적 → 2027: 이메일캠페인 + SOLO파트너 50% 겸업 + 앱 바이럴 K=1.4
B4: 구분 | C4: 2026 | D4: 2027 | E4: 2028 | F4: 2029 | G4: 2030 | H4: 5년합계 | I4: 단위 | J4: 비고
B5: 런칭 단계 | C5: 준비 (DB축적) | D5: ★ 런칭! | E5: 성장 | F5: 확장 | G5: 안정
B7: A. 채널① 이메일 DB 직판 (오너 직접 운영)
B8: 연말 이메일 DB 규모 (명) | C8: 0 | D8: ='① 가정'!G6 -> 8000 | E8: =ROUND(D8*(1+'① 가정'!G7),0) -> 13600 | F8: =ROUND(E8*(1+'① 가정'!G7),0) -> 23120 | G8: =ROUND(F8*(1+'① 가정'!G7),0) -> 39304 | H8: =G8 -> 39304 | I8: 명 | J8: 2026 DB 8천 축적 → 2027 런칭
B9: 이메일 캠페인 전환자 (DB×월전환율×12) | C9: =IF(C8=0,0,ROUND(C8*'① 가정'!G8*12,0)) -> 0 | D9: =IF(D8=0,0,ROUND(D8*'① 가정'!G8*12,0)) -> 5760 | E9: =IF(E8=0,0,ROUND(E8*'① 가정'!G8*12,0)) -> 9792 | F9: =IF(F8=0,0,ROUND(F8*'① 가정'!G8*12,0)) -> 16646 | G9: =IF(G8=0,0,ROUND(G8*'① 가정'!G8*12,0)) -> 28299 | H9: =SUM(C9:G9) -> 60497 | I9: 명/년
B10: 앱 바이럴 추가 유저 (K-1 × 캠페인전환자) | C10: =ROUND(C9*('① 가정'!G9-1),0) -> 0 | D10: =ROUND(D9*('① 가정'!G9-1),0) -> 2304 | E10: =ROUND(E9*('① 가정'!G9-1),0) -> 3917 | F10: =ROUND(F9*('① 가정'!G9-1),0) -> 6658 | G10: =ROUND(G9*('① 가정'!G9-1),0) -> 11320 | H10: =SUM(C10:G10) -> 24199 | I10: 명/년 | J10: K=1.4 → 추가 0.4배
B11: 직판 총 구매자 (캠페인+바이럴) | C11: =C9+C10 -> 0 | D11: =D9+D10 -> 8064 | E11: =E9+E10 -> 13709 | F11: =F9+F10 -> 23304 | G11: =G9+G10 -> 39619 | H11: =SUM(C11:G11) -> 84696 | I11: 명/년
B13: B. 채널② Hotmart 파트너 제휴 (SOLO 파트너 50% 겸업, 2027~)
B14: loveTWO 겸업 파트너 수 | C14: 0 | D14: =ROUND('② SOLO'!D7*'① 가정'!G10,0) -> 159 | E14: =ROUND('② SOLO'!E7*'① 가정'!G10,0) -> 349 | F14: =ROUND('② SOLO'!F7*'① 가정'!G10,0) -> 767 | G14: =ROUND('② SOLO'!G7*'① 가정'!G10,0) -> 1687 | H14: =G14 -> 1687 | I14: 명 | J14: SOLO 활성 파트너 × 50%
B15: 파트너 채널 연간 판매량 | C15: =ROUND(C14*'① 가정'!G11*12,0) -> 0 | D15: =ROUND(D14*'① 가정'!G11*12,0) -> 15264 | E15: =ROUND(E14*'① 가정'!G11*12,0) -> 33504 | F15: =ROUND(F14*'① 가정'!G11*12,0) -> 73632 | G15: =ROUND(G14*'① 가정'!G11*12,0) -> 161952 | H15: =SUM(C15:G15) -> 284352 | I15: 개/년
B17: C. loveTWO 오너 순수익
B18: 직판 — 기본 리포트 수익 (₩) | C18: =ROUND(C11*'① 가정'!G14*'① 가정'!G12*(1+'① 가정'!C8)^0*'① 가정'!G17*'① 가정'!C6,0) -> 0 | D18: =ROUND(D11*'① 가정'!G14*'① 가정'!G12*(1+'① 가정'!C8)^1*'① 가정'!G17*'① 가정'!C6,0) -> 91845412 | E18: =ROUND(E11*'① 가정'!G14*'① 가정'!G12*(1+'① 가정'!C8)^2*'① 가정'!G17*'① 가정'!C6,0) -> 163946452 | F18: =ROUND(F11*'① 가정'!G14*'① 가정'!G12*(1+'① 가정'!C8)^3*'① 가정'!G17*'① 가정'!C6,0) -> 292628093 | G18: =ROUND(G11*'① 가정'!G14*'① 가정'!G12*(1+'① 가정'!C8)^4*'① 가정'!G17*'① 가정'!C6,0) -> 522370152 | H18: =SUM(C18:G18) -> 1070790109 | I18: ₩/년
B19: 직판 — 심화 번들 수익 (₩) | C19: =ROUND(C11*'① 가정'!G15*'① 가정'!G13*(1+'① 가정'!C8)^0*'① 가정'!G17*'① 가정'!C6,0) -> 0 | D19: =ROUND(D11*'① 가정'!G15*'① 가정'!G13*(1+'① 가정'!C8)^1*'① 가정'!G17*'① 가정'!C6,0) -> 82646646 | E19: =ROUND(E11*'① 가정'!G15*'① 가정'!G13*(1+'① 가정'!C8)^2*'① 가정'!G17*'① 가정'!C6,0) -> 147526415 | F19: =ROUND(F11*'① 가정'!G15*'① 가정'!G13*(1+'① 가정'!C8)^3*'① 가정'!G17*'① 가정'!C6,0) -> 263319962 | G19: =ROUND(G11*'① 가정'!G15*'① 가정'!G13*(1+'① 가정'!C8)^4*'① 가정'!G17*'① 가정'!C6,0) -> 470052233 | H19: =SUM(C19:G19) -> 963545256 | I19: ₩/년
B20: 파트너 채널 — 오너 순수익 (₩) | C20: =ROUND(C15*('① 가정'!G14*'① 가정'!G12+'① 가정'!G15*'① 가정'!G13)*(1+'① 가정'!C8)^0*(1-'① 가정'!C7)*(1-'① 가정'!G16)*'① 가정'!C6,0) -> 0 | D20: =ROUND(D15*('① 가정'!G14*'① 가정'!G12+'① 가정'!G15*'① 가정'!G13)*(1+'① 가정'!C8)^1*(1-'① 가정'!C7)*(1-'① 가정'!G16)*'① 가정'!C6,0) -> 167394359 | E20: =ROUND(E15*('① 가정'!G14*'① 가정'!G12+'① 가정'!G15*'① 가정'!G13)*(1+'① 가정'!C8)^2*(1-'① 가정'!C7)*(1-'① 가정'!G16)*'① 가정'!C6,0) -> 385796623 | F20: =ROUND(F15*('① 가정'!G14*'① 가정'!G12+'① 가정'!G15*'① 가정'!G13)*(1+'① 가정'!C8)^3*(1-'① 가정'!C7)*(1-'① 가정'!G16)*'① 가정'!C6,0) -> 890261634 | G20: =ROUND(G15*('① 가정'!G14*'① 가정'!G12+'① 가정'!G15*'① 가정'!G13)*(1+'① 가정'!C8)^4*(1-'① 가정'!C7)*(1-'① 가정'!G16)*'① 가정'!C6,0) -> 2056016877 | H20: =SUM(C20:G20) -> 3499469493 | I20: ₩/년
B21: 광고비 차감 (₩) | C21: =IF(C8=0,0,-ROUND('① 가정'!G18*12*'① 가정'!C6,0)) -> 0 | D21: =IF(D8=0,0,-ROUND('① 가정'!G18*12*'① 가정'!C6,0)) -> -6720000 | E21: =IF(E8=0,0,-ROUND('① 가정'!G18*12*'① 가정'!C6,0)) -> -6720000 | F21: =IF(F8=0,0,-ROUND('① 가정'!G18*12*'① 가정'!C6,0)) -> -6720000 | G21: =IF(G8=0,0,-ROUND('① 가정'!G18*12*'① 가정'!C6,0)) -> -6720000 | H21: =SUM(C21:G21) -> -26880000 | I21: ₩/년
B22: ★ loveTWO 연간 오너 순수익 | C22: =C18+C19+C20+C21 -> 0 | D22: =D18+D19+D20+D21 -> 335166417 | E22: =E18+E19+E20+E21 -> 690549490 | F22: =F18+F19+F20+F21 -> 1439489689 | G22: =G18+G19+G20+G21 -> 3041719262 | H22: =SUM(C22:G22) -> 5506924858 | I22: ₩/년

Sheet ② SOLO
A1: ② SOLO — 1인 Self-Help 개성화 | ES+PT+EN 동시 운영 | 2026 집중→전 기간 지속
A2: Hotmart 남미 파트너 200명 → K=0.45 월 복리 → 5년 자동화 수익 엔진
B4: 구분 | C4: 2026 | D4: 2027 | E4: 2028 | F4: 2029 | G4: 2030 | H4: 5년합계 | I4: 단위 | J4: 비고
B5: A. 파트너 풀 성장 (연 150% 순증가, 이탈률 12%/년) — Hotmart 남미 200명 시작
B6: 연초 총 파트너 수 | C6: ='① 가정'!C13 -> 200 | D6: =ROUND(C6*(1-'① 가정'!C15)*(1+'① 가정'!C14),0) -> 440 | E6: =ROUND(D6*(1-'① 가정'!C15)*(1+'① 가정'!C14),0) -> 968 | F6: =ROUND(E6*(1-'① 가정'!C15)*(1+'① 가정'!C14),0) -> 2130 | G6: =ROUND(F6*(1-'① 가정'!C15)*(1+'① 가정'!C14),0) -> 4686 | H6: =G6 -> 4686 | I6: 명 | J6: 매년 연초 기준
B7: 활성 파트너 | C7: =ROUND(C6*'① 가정'!C16,0) -> 144 | D7: =ROUND(D6*'① 가정'!C16,0) -> 317 | E7: =ROUND(E6*'① 가정'!C16,0) -> 697 | F7: =ROUND(F6*'① 가정'!C16,0) -> 1534 | G7: =ROUND(G6*'① 가정'!C16,0) -> 3374 | H7: =G7 -> 3374 | I7: 명
B8: 상위 20% 파트너 | C8: =ROUND(C7*0.2,0) -> 29 | D8: =ROUND(D7*0.2,0) -> 63 | E8: =ROUND(E7*0.2,0) -> 139 | F8: =ROUND(F7*0.2,0) -> 307 | G8: =ROUND(G7*0.2,0) -> 675 | H8: =G8 -> 675 | I8: 명
B10: B. T1 연간 판매량 (상위20%×25개 + 중위60%×6개 + 하위20%×1개)
B11: 월 T1 판매량 | C11: =ROUND(C8*'① 가정'!C17+(C7-C8)*0.75*'① 가정'!C18+(C7-C8)*0.25*'① 가정'!C19,0) -> 1879 | D11: =ROUND(D8*'① 가정'!C17+(D7-D8)*0.75*'① 가정'!C18+(D7-D8)*0.25*'① 가정'!C19,0) -> 4108 | E11: =ROUND(E8*'① 가정'!C17+(E7-E8)*0.75*'① 가정'!C18+(E7-E8)*0.25*'① 가정'!C19,0) -> 9048 | F11: =ROUND(F8*'① 가정'!C17+(F7-F8)*0.75*'① 가정'!C18+(F7-F8)*0.25*'① 가정'!C19,0) -> 19949 | G11: =ROUND(G8*'① 가정'!C17+(G7-G8)*0.75*'① 가정'!C18+(G7-G8)*0.25*'① 가정'!C19,0) -> 43869 | H11: =SUM(C11:G11) -> 78853 | I11: 개/월
B12: 연간 T1 판매량 | C12: =C11*12 -> 22548 | D12: =D11*12 -> 49296 | E12: =E11*12 -> 108576 | F12: =F11*12 -> 239388 | G12: =G11*12 -> 526428 | H12: =SUM(C12:G12) -> 946236 | I12: 개/년
B13: T2 OTO 판매량 | C13: =ROUND(C12*'① 가정'!C28*(1+'① 가정'!C9)^0,0) -> 6313 | D13: =ROUND(D12*'① 가정'!C28*(1+'① 가정'!C9)^1,0) -> 14217 | E13: =ROUND(E12*'① 가정'!C28*(1+'① 가정'!C9)^2,0) -> 32253 | F13: =ROUND(F12*'① 가정'!C28*(1+'① 가정'!C9)^3,0) -> 73244 | G13: =ROUND(G12*'① 가정'!C28*(1+'① 가정'!C9)^4,0) -> 165900 | H13: =SUM(C13:G13) -> 291927 | I13: 개/년
B14: T3 업셀 판매량 | C14: =ROUND(C12*'① 가정'!C29*(1+'① 가정'!C9)^0,0) -> 2706 | D14: =ROUND(D12*'① 가정'!C29*(1+'① 가정'!C9)^1,0) -> 6093 | E14: =ROUND(E12*'① 가정'!C29*(1+'① 가정'!C9)^2,0) -> 13823 | F14: =ROUND(F12*'① 가정'!C29*(1+'① 가정'!C9)^3,0) -> 31390 | G14: =ROUND(G12*'① 가정'!C29*(1+'① 가정'!C9)^4,0) -> 71100 | H14: =SUM(C14:G14) -> 125112 | I14: 개/년
B15: 부록 판매량 | C15: =ROUND(C12*'① 가정'!C30*(1+'① 가정'!C9)^0,0) -> 4059 | D15: =ROUND(D12*'① 가정'!C30*(1+'① 가정'!C9)^1,0) -> 9139 | E15: =ROUND(E12*'① 가정'!C30*(1+'① 가정'!C9)^2,0) -> 20734 | F15: =ROUND(F12*'① 가정'!C30*(1+'① 가정'!C9)^3,0) -> 47085 | G15: =ROUND(G12*'① 가정'!C30*(1+'① 가정'!C9)^4,0) -> 106650 | H15: =SUM(C15:G15) -> 187667 | I15: 개/년
B17: C. SOLO 오너 순수익 (Hotmart 수수료 + 파트너 커미션 차감)
B18: T1 오너 순수익 | C18: =ROUND(C12*'① 가정'!C20*(1+'① 가정'!C8)^0*(1-'① 가정'!C7)*(1-'① 가정'!C24)*'① 가정'!C6,0) -> 109217461 | D18: =ROUND(D12*'① 가정'!C20*(1+'① 가정'!C8)^1*(1-'① 가정'!C7)*(1-'① 가정'!C24)*'① 가정'!C6,0) -> 250717721 | E18: =ROUND(E12*'① 가정'!C20*(1+'① 가정'!C8)^2*(1-'① 가정'!C7)*(1-'① 가정'!C24)*'① 가정'!C6,0) -> 579824400 | F18: =ROUND(F12*'① 가정'!C20*(1+'① 가정'!C8)^3*(1-'① 가정'!C7)*(1-'① 가정'!C24)*'① 가정'!C6,0) -> 1342314633 | G18: =ROUND(G12*'① 가정'!C20*(1+'① 가정'!C8)^4*(1-'① 가정'!C7)*(1-'① 가정'!C24)*'① 가정'!C6,0) -> 3099418551 | H18: =SUM(C18:G18) -> 5381492766 | I18: ₩/년
B19: T2 오너 순수익 | C19: =ROUND(C13*'① 가정'!C21*(1+'① 가정'!C8)^0*(1-'① 가정'!C7)*(1-'① 가정'!C25)*'① 가정'!C6,0) -> 79234021 | D19: =ROUND(D13*'① 가정'!C21*(1+'① 가정'!C8)^1*(1-'① 가정'!C7)*(1-'① 가정'!C25)*'① 가정'!C6,0) -> 187358400 | E19: =ROUND(E13*'① 가정'!C21*(1+'① 가정'!C8)^2*(1-'① 가정'!C7)*(1-'① 가정'!C25)*'① 가정'!C6,0) -> 446297673 | F19: =ROUND(F13*'① 가정'!C21*(1+'① 가정'!C8)^3*(1-'① 가정'!C7)*(1-'① 가정'!C25)*'① 가정'!C6,0) -> 1064181877 | G19: =ROUND(G13*'① 가정'!C21*(1+'① 가정'!C8)^4*(1-'① 가정'!C7)*(1-'① 가정'!C25)*'① 가정'!C6,0) -> 2530926247 | H19: =SUM(C19:G19) -> 4307998218 | I19: ₩/년
B20: T3 오너 순수익 | C20: =ROUND(C14*'① 가정'!C22*(1+'① 가정'!C8)^0*(1-'① 가정'!C7)*(1-'① 가정'!C26)*'① 가정'!C6,0) -> 59187461 | D20: =ROUND(D14*'① 가정'!C22*(1+'① 가정'!C8)^1*(1-'① 가정'!C7)*(1-'① 가정'!C26)*'① 가정'!C6,0) -> 139933726 | E20: =ROUND(E14*'① 가정'!C22*(1+'① 가정'!C8)^2*(1-'① 가정'!C7)*(1-'① 가정'!C26)*'① 가정'!C6,0) -> 333336465 | F20: =ROUND(F14*'① 가정'!C22*(1+'① 가정'!C8)^3*(1-'① 가정'!C7)*(1-'① 가정'!C26)*'① 가정'!C6,0) -> 794805992 | G20: =ROUND(G14*'① 가정'!C22*(1+'① 가정'!C8)^4*(1-'① 가정'!C7)*(1-'① 가정'!C26)*'① 가정'!C6,0) -> 1890291219 | H20: =SUM(C20:G20) -> 3217554863 | I20: ₩/년
B21: 부록 오너 순수익 | C21: =ROUND(C15*'① 가정'!C23*(1+'① 가정'!C8)^0*(1-'① 가정'!C7)*(1-'① 가정'!C27)*'① 가정'!C6,0) -> 20275289 | D21: =ROUND(D15*'① 가정'!C23*(1+'① 가정'!C8)^1*(1-'① 가정'!C7)*(1-'① 가정'!C27)*'① 가정'!C6,0) -> 47933152 | E21: =ROUND(E15*'① 가정'!C23*(1+'① 가정'!C8)^2*(1-'① 가정'!C7)*(1-'① 가정'!C27)*'① 가정'!C6,0) -> 114185171 | F21: =ROUND(F15*'① 가정'!C23*(1+'① 가정'!C8)^3*(1-'① 가정'!C7)*(1-'① 가정'!C27)*'① 가정'!C6,0) -> 272269181 | G21: =ROUND(G15*'① 가정'!C23*(1+'① 가정'!C8)^4*(1-'① 가정'!C7)*(1-'① 가정'!C27)*'① 가정'!C6,0) -> 647539206 | H21: =SUM(C21:G21) -> 1102201999 | I21: ₩/년
B22: ★ SOLO 연간 오너 순수익 | C22: =C18+C19+C20+C21 -> 267914232 | D22: =D18+D19+D20+D21 -> 625942999 | E22: =E18+E19+E20+E21 -> 1473643709 | F22: =F18+F19+F20+F21 -> 3473571683 | G22: =G18+G19+G20+G21 -> 8168175223 | H22: =SUM(C22:G22) -> 14009247846 | I22: ₩/년

Sheet ① 가정
A1: ShiningShadow 생태계 수익 시뮬레이션 v4 | 공격형: Hotmart 남미 200명 → K=0.45 | SOLO(26)→loveTWO(27)→TEAM(28)
A2: 파란 셀 = 입력값 조정 가능 | 검은 셀 = 수식 | 초록 셀 = 타시트 연동
A4: ① 공통 가정 (전 제품 공유) | F4: ③ loveTWO — 이메일DB + Hotmart 파트너 (2027~ 런칭)
B5: 항목 | C5: 값 | D5: 비고 | F5: 항목 | G5: 값 | H5: 비고
B6: 환율 USD→KRW | C6: 1400 | D6: Hotmart 정산 기준 | F6: 초기 이메일 DB (2027년, 명) | G6: 8000 | H6: 2026 SOLO 운영 중 축적
B7: Hotmart 플랫폼 수수료 | C7: 0.099 | D7: 9.9% — SOLO·loveTWO 파트너 채널 | F7: DB 연간 성장률 | G7: 0.7 | H7: 70% 성장 (검사도구 바이럴)
B8: 연간 가격 인상률 | C8: 0.05 | D8: 매년 5% 인상 | F8: 이메일→loveTWO 월 전환율 | G8: 0.06 | H8: 월 6%, 연 72% 중복 제거
B9: 연간 전환율 개선률 | C9: 0.03 | D9: 퍼널 최적화로 매년 3% 향상 | F9: 앱 바이럴 K-factor (커플 공유) | G9: 1.4 | H9: 1쌍이 평균 1.4쌍 공유
F10: loveTWO용 Hotmart 파트너 참여율 | G10: 0.5 | H10: SOLO 파트너의 50%가 loveTWO도 판매
A11: ② SOLO — Hotmart 파트너 (2026~ 풀가동) | F11: loveTWO 파트너 인당 월 판매 (기본) | G11: 8 | H11: 커플 특성상 SOLO보다 낮음
B12: 항목 | C12: 값 | D12: 비고 | F12: 기본 커플 리포트 USD | G12: 14.9
B13: 초기 파트너 수 (2026년초) | C13: 200 | D13: Hotmart 남미 자기계발 어필리에이트 풀 | F13: 심화 번들 USD | G13: 24.9
B14: 파트너 연 순증가율 | C14: 1.5 | D14: 연 150% 증가 (Hotmart 히트상품 벤치마크) | F14: 기본 선택 비율 | G14: 0.65
B15: 파트너 연 이탈률 | C15: 0.12 | D15: 검증된 자기계발 콘텐츠 → 이탈 낮음 | F15: 심화 선택 비율 | G15: 0.35
B16: 파트너 활성화율 | C16: 0.72 | D16: 활성 파트너 비율 | F16: 파트너 커미션 (loveTWO) | G16: 0.55 | H16: SOLO보다 5% 높게 설정
B17: 상위 20% 파트너 인당 월 T1 판매 | C17: 40 | D17: 남미 인플루언서형 파트너 (파레토 상위) | F17: 직판 오너 마진 | G17: 0.8 | H17: 이메일 직판, Hotmart 미통과
B18: 중위 60% 파트너 인당 월 T1 판매 | C18: 8 | F18: 월 광고비 USD | G18: 400 | H18: SNS 광고
B19: 하위 20% 파트너 인당 월 T1 판매 | C19: 1
B20: T1 USD 가격 | C20: 12.8 | F20: ④ TEAM — 온라인 코칭 플랫폼 파트너 제휴 (2028~ 런칭)
B21: T2 Deep OTO USD 가격 | C21: 19.9 | F21: 항목 | G21: 값 | H21: 비고
B22: T3 Master 업셀 USD 가격 | C22: 28.9 | F22: 기본 팀 진단 USD (팀당) | G22: 299 | H22: 온라인 보고서 + 결과 세션
B23: 부록 A/B/C 각 USD 가격 | C23: 9.9 | F23: 코칭 패키지 USD (팀당) | G23: 699 | H23: 비대면 코치 세션 3회 포함
B24: T1 파트너 커미션 | C24: 0.7 | F24: 연간 멤버십 USD (팀당) | G24: 499 | H24: 지속 측정 + 코치 채팅
B25: T2 파트너 커미션 | C25: 0.5 | F25: 제휴 코칭 플랫폼 파트너 수 (2028초) | G25: 15 | H25: 코치닷컴, 비즈니스코치 플랫폼 등
B26: T3 파트너 커미션 | C26: 0.4 | F26: 플랫폼 파트너 연 성장률 | G26: 0.8 | H26: 레퍼런스 축적으로 연 80% 증가
B27: 부록 파트너 커미션 | C27: 0.6 | F27: 플랫폼 파트너 인당 연 계약 (건) | G27: 4 | H27: 파트너 1곳이 연 4팀 소개
B28: T1→T2 OTO 전환율 | C28: 0.28 | D28: 즉시팝업 | F28: 기본진단 선택 비율 | G28: 0.45
B29: T1→T3 업셀 전환율 | C29: 0.12 | D29: 7일 이메일 | F29: 코칭 패키지 선택 비율 | G29: 0.35
B30: T1→부록 구매율 | C30: 0.18 | F30: 연간 멤버십 선택 비율 | G30: 0.2
F31: 파트너 커미션 (TEAM) | G31: 0.25 | H31: 플랫폼 제휴 수수료
F32: 준비기간 파일럿 계약 수 (2026) | G32: 3 | H32: 케이스스터디용 무상/할인
F33: 준비기간 파일럿 계약 수 (2027) | G33: 8 | H33: 논문·백서 완성 후 유료 파일럿
