Workbook

Sheet ① 가정
A1: ShiningShadow 브랜드 생태계 수익 시뮬레이션 — 핵심 가정
A2: Shadowgram(검사도구) → SOLO(1인) → loveTWO(2인) → TEAM(조직) | LATAM 스페인어·포르투갈어 → 영어권 확장 시나리오
A4: ① 시장 및 퍼널 공통 가정 | E4: ③ SOLO — 1인 Self-Help 개성화 여정 가격
A5: 항목 | B5: 값 | C5: 비고 | E5: 상품 | F5: USD 가격 | G5: 파트너 커미션률
A6: 환율 (USD→KRW) | B6: 1400 | C6: ₩1,400 / $1 | E6: T1 Basic | F6: 12.8 | G6: 0.7
A7: Hotmart 플랫폼 수수료 | B7: 0.099 | C7: 9.9% (Hotmart 표준) | E7: T2 Deep (OTO) | F7: 19.9 | G7: 0.5
A8: Shadowgram OT 무료진단 전환율 | B8: 0.25 | C8: 무료진단 → SOLO T1 유료 전환 | E8: T3 Master (업셀) | F8: 28.9 | G8: 0.4
A9: Hotmart 파트너 바이럴 계수 K | B9: 0.15 | C9: 파트너 1명이 월 0.15명 신규 유입 | E9: 부록 A StormBreaker | F9: 9.9 | G9: 0.6
A10: 파트너 연간 이탈률 | B10: 0.2 | C10: 연 20% 비활성화 | E10: 부록 B ClimateChanger | F10: 9.9 | G10: 0.6
A11: 파트너 활성화율 | B11: 0.65 | C11: 전체 파트너 중 실제 판매 활동 | E11: 부록 C HarvestMoon | F11: 9.9 | G11: 0.6
A12: 연간 가격 인상률 | B12: 0.05 | C12: 매년 5% 인상
A13: 연간 전환율 개선률 | B13: 0.03 | C13: 퍼널 최적화로 매년 3% 개선 | E13: ③-b SOLO 퍼널 전환율
E14: 전환 단계 | F14: 전환율 | G14: 비고
A15: ② 시장 단계별 파트너 목표 수 (연초 기준) | E15: T1→T2 OTO 전환율 | F15: 0.24 | G15: 즉시 팝업 자동 전환
A16: 시장 단계 | B16: 런칭 파트너 | C16: 성숙 파트너 (3년차) | E16: T1→T3 이메일 업셀 전환율 | F16: 0.1 | G16: 7일 이메일 시퀀스
A17: Phase 1: LATAM 스페인어권 (2026) | B17: 50 | C17: 300 | E17: T1 구매자 → AppA/B/C 구매율 | F17: 0.15 | G17: 번들 또는 이메일
A18: Phase 2: 포르투갈어권 BR+PT (2027) | B18: 30 | C18: 150
A19: Phase 3: 영어권 US+AU+UK (2028) | B19: 20 | C19: 200 | E19: ④ loveTWO — 2인 커플 바이럴 가격
E20: 상품 | F20: USD 가격 | G20: 파트너 커미션률
E21: loveTWO 커플 리포트 (기본) | F21: 14.9 | G21: 0.6
E22: loveTWO 커플 심화 번들 | F22: 24.9 | G22: 0.5
E23: SOLO→loveTWO 크로스셀 전환율 | F23: 0.2 | G23: SOLO 구매자 → loveTWO 전환
E25: ⑤ TEAM — 조직 심리 다이나믹스 (B2B)
E26: 상품 | F26: USD 단가 | G26: 비고
E27: TEAM 기본 진단 (1팀, 최대10명) | F27: 149 | G27: 팀 단위 판매
E28: TEAM 워크숍 패키지 | F28: 299 | G28: 팀장+HR 대상
E29: SOLO→TEAM 추천 전환율 | F29: 0.08 | G29: SOLO 구매자가 팀에 소개
E30: TEAM 평균 팀 규모 (명) | F30: 8 | G30: 1계약 = 8인분 가치
E31: TEAM 파트너 커미션률 | F31: 0.3 | G31: B2B 복잡 영업 반영
E33: ⑥ leftnoon — 커뮤니티 구독 (Phase 3+)
E34: 항목 | F34: 값 | G34: 비고
E35: 월 구독료 (USD) | F35: 19 | G35: SOLO T3 완료자 대상
E36: SOLO T3→leftnoon 전환율 | F36: 0.12 | G36: 12% 전환 목표

Sheet ② SOLO
A1: ② SOLO — 1인 Self-Help 개성화 여정 | 수익 시뮬레이션 (5년)
A2: Shadowgram 검사도구(무료OT) → T1 → T2(OTO) → T3(업셀) → 부록 A/B/C | 파트너 Hotmart 네트워크
B4: 구분 | C4: 2026 | D4: 2027 | E4: 2028 | F4: 2029 | G4: 2030 | H4: 5년 합계 | I4: 단위 | J4: 비고
B5: A. 파트너 수 & 활성 파트너
B6: 연초 총 파트너 수 | C6: ='① 가정'!B17 -> 50 | D6: =C6*(1-'① 가정'!B10)+'① 가정'!B9*C6+'① 가정'!B18 -> 77.5 | E6: =D6*(1-'① 가정'!B10)+'① 가정'!B9*D6+'① 가정'!B19 -> 93.625 | F6: =E6*(1-'① 가정'!B10)+'① 가정'!B9*E6 -> 88.94375 | G6: =F6*(1-'① 가정'!B10)+'① 가정'!B9*F6 -> 84.496562 | H6: =G6 -> 84.496562 | I6: 명 | J6: K-factor + 신규 시장 가산
B7: 활성 파트너 수 | C7: =ROUND(C6*'① 가정'!B11,0) -> 33 | D7: =ROUND(D6*'① 가정'!B11,0) -> 50 | E7: =ROUND(E6*'① 가정'!B11,0) -> 61 | F7: =ROUND(F6*'① 가정'!B11,0) -> 58 | G7: =ROUND(G6*'① 가정'!B11,0) -> 55 | H7: =G7 -> 55 | I7: 명 | J7: 활성화율 11행 참조
B8: 파레토 상위 20% 파트너 | C8: =ROUND(C7*0.2,0) -> 7 | D8: =ROUND(D7*0.2,0) -> 10 | E8: =ROUND(E7*0.2,0) -> 12 | F8: =ROUND(F7*0.2,0) -> 12 | G8: =ROUND(G7*0.2,0) -> 11 | H8: =G8 -> 11 | I8: 명 | J8: 상위 20% = 수익 80% 창출
B10: B. SOLO T1 월 판매량 (파트너 × 인당 판매량)
B11: 상위 20% 파트너 인당 월 T1 판매 (개) | C11: 20 | D11: 20 | E11: 20 | F11: 20 | G11: 20 | I11: 개 | J11: 파레토 상위 파트너 기준
B12: 중위 60% 파트너 인당 월 T1 판매 (개) | C12: 5 | D12: 5 | E12: 5 | F12: 5 | G12: 5 | I12: 개 | J12: 중위 파트너 기준
B13: 하위 20% 파트너 인당 월 T1 판매 (개) | C13: 1 | D13: 1 | E13: 1 | F13: 1 | G13: 1 | I13: 개 | J13: 하위 파트너 기준
B14: 월 총 T1 판매 (활성파트너 기준) | C14: =ROUND(C8*C11+(C7-C8)*0.75*C12+(C7-C8)*0.25*C13,0) -> 244 | D14: =ROUND(D8*D11+(D7-D8)*0.75*D12+(D7-D8)*0.25*D13,0) -> 360 | E14: =ROUND(E8*E11+(E7-E8)*0.75*E12+(E7-E8)*0.25*E13,0) -> 436 | F14: =ROUND(F8*F11+(F7-F8)*0.75*F12+(F7-F8)*0.25*F13,0) -> 424 | G14: =ROUND(G8*G11+(G7-G8)*0.75*G12+(G7-G8)*0.25*G13,0) -> 396 | H14: =SUM(C14:G14) -> 1860 | I14: 개/월 | J14: 상위20%+중위60%+하위20% 합산
B15: 연간 T1 판매량 | C15: =C14*12 -> 2928 | D15: =D14*12 -> 4320 | E15: =E14*12 -> 5232 | F15: =F14*12 -> 5088 | G15: =G14*12 -> 4752 | H15: =SUM(C15:G15) -> 22320 | I15: 개/년
B17: C. SOLO 오너 수익 계산 (USD → KRW)
B18: T2 OTO 판매량 (T1×OTO전환율) | C18: =ROUND(C15*'① 가정'!F15,0) -> 703 | D18: =ROUND(D15*'① 가정'!F15,0) -> 1037 | E18: =ROUND(E15*'① 가정'!F15,0) -> 1256 | F18: =ROUND(F15*'① 가정'!F15,0) -> 1221 | G18: =ROUND(G15*'① 가정'!F15,0) -> 1140 | H18: =SUM(C18:G18) -> 5357 | I18: 개/년
B19: T3 업셀 판매량 (T1×T3전환율) | C19: =ROUND(C15*'① 가정'!F16,0) -> 293 | D19: =ROUND(D15*'① 가정'!F16,0) -> 432 | E19: =ROUND(E15*'① 가정'!F16,0) -> 523 | F19: =ROUND(F15*'① 가정'!F16,0) -> 509 | G19: =ROUND(G15*'① 가정'!F16,0) -> 475 | H19: =SUM(C19:G19) -> 2232 | I19: 개/년
B20: 부록(A/B/C) 판매량 (T1×부록전환율) | C20: =ROUND(C15*'① 가정'!F17,0) -> 439 | D20: =ROUND(D15*'① 가정'!F17,0) -> 648 | E20: =ROUND(E15*'① 가정'!F17,0) -> 785 | F20: =ROUND(F15*'① 가정'!F17,0) -> 763 | G20: =ROUND(G15*'① 가정'!F17,0) -> 713 | H20: =SUM(C20:G20) -> 3348 | I20: 개/년
B21: 오너 순수익 — T1 (₩) | C21: =ROUND(C15*'① 가정'!F6*(1+'① 가정'!B12)^0*(1-'① 가정'!B7)*(1-'① 가정'!G6)*'① 가정'!B6,0) -> 14182576 | D21: =ROUND(D15*'① 가정'!F6*(1+'① 가정'!B12)^1*(1-'① 가정'!B7)*(1-'① 가정'!G6)*'① 가정'!B6,0) -> 21971368 | E21: =ROUND(E15*'① 가정'!F6*(1+'① 가정'!B12)^2*(1-'① 가정'!B7)*(1-'① 가정'!G6)*'① 가정'!B6,0) -> 27940256 | F21: =ROUND(F15*'① 가정'!F6*(1+'① 가정'!B12)^3*(1-'① 가정'!B7)*(1-'① 가정'!G6)*'① 가정'!B6,0) -> 28529821 | G21: =ROUND(G15*'① 가정'!F6*(1+'① 가정'!B12)^4*(1-'① 가정'!B7)*(1-'① 가정'!G6)*'① 가정'!B6,0) -> 27978065 | H21: =SUM(C21:G21) -> 120602086 | I21: ₩/년
B22: 오너 순수익 — T2 OTO (₩) | C22: =ROUND(C18*'① 가정'!F7*(1+'① 가정'!B12)^0*(1-'① 가정'!B7)*(1-'① 가정'!G7)*'① 가정'!B6,0) -> 8823304 | D22: =ROUND(D18*'① 가정'!F7*(1+'① 가정'!B12)^1*(1-'① 가정'!B7)*(1-'① 가정'!G7)*'① 가정'!B6,0) -> 13666080 | E22: =ROUND(E18*'① 가정'!F7*(1+'① 가정'!B12)^2*(1-'① 가정'!B7)*(1-'① 가정'!G7)*'① 가정'!B6,0) -> 17379775 | F22: =ROUND(F18*'① 가정'!F7*(1+'① 가정'!B12)^3*(1-'① 가정'!B7)*(1-'① 가정'!G7)*'① 가정'!B6,0) -> 17740239 | G22: =ROUND(G18*'① 가정'!F7*(1+'① 가정'!B12)^4*(1-'① 가정'!B7)*(1-'① 가정'!G7)*'① 가정'!B6,0) -> 17391537 | H22: =SUM(C22:G22) -> 75000935 | I22: ₩/년
B23: 오너 순수익 — T3 Master (₩) | C23: =ROUND(C19*'① 가정'!F8*(1+'① 가정'!B12)^0*(1-'① 가정'!B7)*(1-'① 가정'!G8)*'① 가정'!B6,0) -> 6408694 | D23: =ROUND(D19*'① 가정'!F8*(1+'① 가정'!B12)^1*(1-'① 가정'!B7)*(1-'① 가정'!G8)*'① 가정'!B6,0) -> 9921446 | E23: =ROUND(E19*'① 가정'!F8*(1+'① 가정'!B12)^2*(1-'① 가정'!B7)*(1-'① 가정'!G8)*'① 가정'!B6,0) -> 12611949 | F23: =ROUND(F19*'① 가정'!F8*(1+'① 가정'!B12)^3*(1-'① 가정'!B7)*(1-'① 가정'!G8)*'① 가정'!B6,0) -> 12888061 | G23: =ROUND(G19*'① 가정'!F8*(1+'① 가정'!B12)^4*(1-'① 가정'!B7)*(1-'① 가정'!G8)*'① 가정'!B6,0) -> 12628528 | H23: =SUM(C23:G23) -> 54458678 | I23: ₩/년
B24: 오너 순수익 — 부록 A/B/C (₩) | C24: =ROUND(C20*'① 가정'!F9*(1+'① 가정'!B12)^0*(1-'① 가정'!B7)*(1-'① 가정'!G9)*'① 가정'!B6,0) -> 2192868 | D24: =ROUND(D20*'① 가정'!F9*(1+'① 가정'!B12)^1*(1-'① 가정'!B7)*(1-'① 가정'!G9)*'① 가정'!B6,0) -> 3398696 | E24: =ROUND(E20*'① 가정'!F9*(1+'① 가정'!B12)^2*(1-'① 가정'!B7)*(1-'① 가정'!G9)*'① 가정'!B6,0) -> 4323110 | F24: =ROUND(F20*'① 가정'!F9*(1+'① 가정'!B12)^3*(1-'① 가정'!B7)*(1-'① 가정'!G9)*'① 가정'!B6,0) -> 4412050 | G24: =ROUND(G20*'① 가정'!F9*(1+'① 가정'!B12)^4*(1-'① 가정'!B7)*(1-'① 가정'!G9)*'① 가정'!B6,0) -> 4329071 | H24: =SUM(C24:G24) -> 18655795 | I24: ₩/년
B25: ★ SOLO 연간 오너 순수익 합계 (₩) | C25: =C21+C22+C23+C24 -> 31607442 | D25: =D21+D22+D23+D24 -> 48957590 | E25: =E21+E22+E23+E24 -> 62255090 | F25: =F21+F22+F23+F24 -> 63570171 | G25: =G21+G22+G23+G24 -> 62327201 | H25: =SUM(C25:G25) -> 268717494 | I25: ₩/년

Sheet ③ loveTWO
A1: ③ loveTWO — 2인 바이럴 커플 도구 | 수익 시뮬레이션 (5년)
A2: SOLO 기존 고객 크로스셀 + loveTWO 독자 바이럴 (SNS 공유, K-factor 2배) → SOLO로 역유입
B4: 구분 | C4: 2026 | D4: 2027 | E4: 2028 | F4: 2029 | G4: 2030 | H4: 5년 합계 | I4: 단위 | J4: 비고
B5: A. 유입 소스 — SOLO 크로스셀 + 독자 바이럴
B6: SOLO 연간 T1 구매자 수 (SOLO시트 참조) | C6: ='② SOLO'!C15 -> 2928 | D6: ='② SOLO'!D15 -> 4320 | E6: ='② SOLO'!E15 -> 5232 | F6: ='② SOLO'!F15 -> 5088 | G6: ='② SOLO'!G15 -> 4752 | H6: =SUM(C6:G6) -> 22320 | I6: 명/년
B7: SOLO→loveTWO 크로스셀 전환자 | C7: =ROUND(C6*'① 가정'!F23,0) -> 586 | D7: =ROUND(D6*'① 가정'!F23,0) -> 864 | E7: =ROUND(E6*'① 가정'!F23,0) -> 1046 | F7: =ROUND(F6*'① 가정'!F23,0) -> 1018 | G7: =ROUND(G6*'① 가정'!F23,0) -> 950 | H7: =SUM(C7:G7) -> 4464 | I7: 명/년
B8: loveTWO 독자 바이럴 신규 유저 (K=0.3) | C8: =ROUND(C7*(1+'① 가정'!B9*2)^1,0) -> 762 | D8: =ROUND(D7*(1+'① 가정'!B9*2)^2,0) -> 1460 | E8: =ROUND(E7*(1+'① 가정'!B9*2)^3,0) -> 2298 | F8: =ROUND(F7*(1+'① 가정'!B9*2)^4,0) -> 2908 | G8: =ROUND(G7*(1+'① 가정'!B9*2)^5,0) -> 3527 | H8: =SUM(C8:G8) -> 10955 | I8: 명/년 | J8: 커플 공유 K=SOLO×2
B9: 총 loveTWO 구매 대상자 | C9: =C7+C8 -> 1348 | D9: =D7+D8 -> 2324 | E9: =E7+E8 -> 3344 | F9: =F7+F8 -> 3926 | G9: =G7+G8 -> 4477 | H9: =SUM(C9:G9) -> 15419 | I9: 명/년
B11: B. loveTWO 오너 수익
B12: 기본 리포트 구매 (70% 선택) | C12: =ROUND(C9*0.7*'① 가정'!F21*(1+'① 가정'!B12)^0*(1-'① 가정'!B7)*(1-'① 가정'!G21)*'① 가정'!B6,0) -> 7093932 | D12: =ROUND(D9*0.7*'① 가정'!F21*(1+'① 가정'!B12)^1*(1-'① 가정'!B7)*(1-'① 가정'!G21)*'① 가정'!B6,0) -> 12841701 | E12: =ROUND(E9*0.7*'① 가정'!F21*(1+'① 가정'!B12)^2*(1-'① 가정'!B7)*(1-'① 가정'!G21)*'① 가정'!B6,0) -> 19401799 | F12: =ROUND(F9*0.7*'① 가정'!F21*(1+'① 가정'!B12)^3*(1-'① 가정'!B7)*(1-'① 가정'!G21)*'① 가정'!B6,0) -> 23917474 | G12: =ROUND(G9*0.7*'① 가정'!F21*(1+'① 가정'!B12)^4*(1-'① 가정'!B7)*(1-'① 가정'!G21)*'① 가정'!B6,0) -> 28637916 | H12: =SUM(C12:G12) -> 91892822 | I12: ₩/년
B13: 심화 번들 구매 (30% 선택) | C13: =ROUND(C9*0.3*'① 가정'!F22*(1+'① 가정'!B12)^0*(1-'① 가정'!B7)*(1-'① 가정'!G22)*'① 가정'!B6,0) -> 6350871 | D13: =ROUND(D9*0.3*'① 가정'!F22*(1+'① 가정'!B12)^1*(1-'① 가정'!B7)*(1-'① 가정'!G22)*'① 가정'!B6,0) -> 11496585 | E13: =ROUND(E9*0.3*'① 가정'!F22*(1+'① 가정'!B12)^2*(1-'① 가정'!B7)*(1-'① 가정'!G22)*'① 가정'!B6,0) -> 17369539 | F13: =ROUND(F9*0.3*'① 가정'!F22*(1+'① 가정'!B12)^3*(1-'① 가정'!B7)*(1-'① 가정'!G22)*'① 가정'!B6,0) -> 21412216 | G13: =ROUND(G9*0.3*'① 가정'!F22*(1+'① 가정'!B12)^4*(1-'① 가정'!B7)*(1-'① 가정'!G22)*'① 가정'!B6,0) -> 25638211 | H13: =SUM(C13:G13) -> 82267422 | I13: ₩/년
B14: ★ loveTWO 연간 오너 순수익 합계 (₩) | C14: =C12+C13 -> 13444803 | D14: =D12+D13 -> 24338286 | E14: =E12+E13 -> 36771338 | F14: =F12+F13 -> 45329690 | G14: =G12+G13 -> 54276127 | H14: =SUM(C14:G14) -> 174160244 | I14: ₩/년

Sheet ④ TEAM
A1: ④ TEAM — 조직 심리 다이나믹스 B2B | 수익 시뮬레이션 (5년)
A2: SOLO 구매자 → 팀 도입 추천(Bottom-Up) → 기업 라이선스 | 2028년 Phase3 본격 런칭
B4: 구분 | C4: 2026 | D4: 2027 | E4: 2028 | F4: 2029 | G4: 2030 | H4: 5년 합계 | I4: 단위 | J4: 비고
B5: A. TEAM 계약 건수
B6: SOLO 연간 구매자 (참조) | C6: ='② SOLO'!C15 -> 2928 | D6: ='② SOLO'!D15 -> 4320 | E6: ='② SOLO'!E15 -> 5232 | F6: ='② SOLO'!F15 -> 5088 | G6: ='② SOLO'!G15 -> 4752 | H6: =SUM(C6:G6) -> 22320 | I6: 명/년
B7: SOLO→TEAM 추천 전환 계약 건수 | C7: =ROUND(C6*0.03,0) -> 88 | D7: =ROUND(D6*0.05,0) -> 216 | E7: =ROUND(E6*0.08,0) -> 419 | F7: =ROUND(F6*0.1,0) -> 509 | G7: =ROUND(G6*0.12,0) -> 570 | H7: =SUM(C7:G7) -> 1802 | I7: 건/년 | J7: 전환율 단계적 상승(3%→12%)
B9: B. TEAM 오너 수익
B10: 기본 진단 계약 (80%) | C10: =ROUND(C7*0.8*'① 가정'!F27*(1+'① 가정'!B12)^0*(1-'① 가정'!F31)*'① 가정'!B6,0) -> 10279808 | D10: =ROUND(D7*0.8*'① 가정'!F27*(1+'① 가정'!B12)^1*(1-'① 가정'!F31)*'① 가정'!B6,0) -> 26493869 | E10: =ROUND(E7*0.8*'① 가정'!F27*(1+'① 가정'!B12)^2*(1-'① 가정'!F31)*'① 가정'!B6,0) -> 53962859 | F10: =ROUND(F7*0.8*'① 가정'!F27*(1+'① 가정'!B12)^3*(1-'① 가정'!F31)*'① 가정'!B6,0) -> 68831623 | G10: =ROUND(G7*0.8*'① 가정'!F27*(1+'① 가정'!B12)^4*(1-'① 가정'!F31)*'① 가정'!B6,0) -> 80934630 | H10: =SUM(C10:G10) -> 240502789 | I10: ₩/년 | J10: Hotmart 수수료 없음(직접계약)
B11: 워크숍 패키지 계약 (20%) | C11: =ROUND(C7*0.2*'① 가정'!F28*(1+'① 가정'!B12)^0*(1-'① 가정'!F31)*'① 가정'!B6,0) -> 5157152 | D11: =ROUND(D7*0.2*'① 가정'!F28*(1+'① 가정'!B12)^1*(1-'① 가정'!F31)*'① 가정'!B6,0) -> 13291387 | E11: =ROUND(E7*0.2*'① 가정'!F28*(1+'① 가정'!B12)^2*(1-'① 가정'!F31)*'① 가정'!B6,0) -> 27071971 | F11: =ROUND(F7*0.2*'① 가정'!F28*(1+'① 가정'!B12)^3*(1-'① 가정'!F31)*'① 가정'!B6,0) -> 34531301 | G11: =ROUND(G7*0.2*'① 가정'!F28*(1+'① 가정'!B12)^4*(1-'① 가정'!F31)*'① 가정'!B6,0) -> 40603111 | H11: =SUM(C11:G11) -> 120654922 | I11: ₩/년
B12: ★ TEAM 연간 오너 순수익 합계 (₩) | C12: =C10+C11 -> 15436960 | D12: =D10+D11 -> 39785256 | E12: =E10+E11 -> 81034830 | F12: =F10+F11 -> 103362924 | G12: =G10+G11 -> 121537741 | H12: =SUM(C12:G12) -> 361157711 | I12: ₩/년

Sheet ⑤ 통합 요약
A1: ShiningShadow 브랜드 생태계 — 통합 수익 요약 대시보드
A2: Shadowgram(검사도구) → SOLO(1인) + loveTWO(2인) + TEAM(조직) | LATAM → 영어권 확장
A4: [ ShiningShadow 우산 브랜드 ] ★ Shadowgram(검사도구 공통) → SOLO / loveTWO / TEAM → leftnoon(커뮤니티)
B6: 구분 | C6: 2026 | D6: 2027 | E6: 2028 | F6: 2029 | G6: 2030 | H6: 5년 누적 | I6: 비중
B7: [ 시장 단계 ] 2026:LATAM론칭 | 2027:BR+PT추가 | 2028:영어권진출
B8: 시장 단계 | C8: Phase1 LATAM SP | D8: Phase1+2 LATAM+PT | E8: Phase1+2+3 +영어권 | F8: All Markets 안정 성장 | G8: All Markets 본격 스케일
B10: A. 브랜드별 연간 오너 순수익 (₩)
B11: SOLO (1인 Self-Help) | C11: ='② SOLO'!C25 -> 31607442 | D11: ='② SOLO'!D25 -> 48957590 | E11: ='② SOLO'!E25 -> 62255090 | F11: ='② SOLO'!F25 -> 63570171 | G11: ='② SOLO'!G25 -> 62327201 | H11: ='② SOLO'!H25 -> 268717494 | I11: =H11/H15 -> 0.30858439
B12: loveTWO (2인 커플) | C12: ='③ loveTWO'!C14 -> 13444803 | D12: ='③ loveTWO'!D14 -> 24338286 | E12: ='③ loveTWO'!E14 -> 36771338 | F12: ='③ loveTWO'!F14 -> 45329690 | G12: ='③ loveTWO'!G14 -> 54276127 | H12: ='③ loveTWO'!H14 -> 174160244 | I12: =H12/H15 -> 0.19999864
B13: TEAM (조직 B2B) | C13: ='④ TEAM'!C12 -> 15436960 | D13: ='④ TEAM'!D12 -> 39785256 | E13: ='④ TEAM'!E12 -> 81034830 | F13: ='④ TEAM'!F12 -> 103362924 | G13: ='④ TEAM'!G12 -> 121537741 | H13: ='④ TEAM'!H12 -> 361157711 | I13: =H13/H15 -> 0.41473903
B14: leftnoon 커뮤니티 구독 (Year3+) | C14: 0 | D14: 0 | E14: =ROUND('② SOLO'!E19*'① 가정'!F36*'① 가정'!F35*12*(1+'① 가정'!B12)^2*'① 가정'!B6,0) -> 22086374 | F14: =ROUND('② SOLO'!F19*'① 가정'!F36*'① 가정'!F35*12*(1+'① 가정'!B12)^3*'① 가정'!B6,0) -> 22569909 | G14: =ROUND('② SOLO'!G19*'① 가정'!F36*'① 가정'!F35*12*(1+'① 가정'!B12)^4*'① 가정'!B6,0) -> 22115407 | H14: =SUM(C14:G14) -> 66771690 | I14: =H14/H15 -> 0.076677931
B15: ★ ShiningShadow 생태계 연간 총 수익 (₩) | C15: =SUM(C11:C14) -> 60489205 | D15: =SUM(D11:D14) -> 113081132 | E15: =SUM(E11:E14) -> 202147632 | F15: =SUM(F11:F14) -> 234832694 | G15: =SUM(G11:G14) -> 260256476 | H15: =SUM(H11:H14) -> 870807139 | I15: =H15/H15 -> 1
B18: B. 핵심 KPI 지표
B19: 지표 | C19: 2026 | D19: 2027 | E19: 2028 | F19: 2029 | G19: 2030 | H19: 비고
B20: 총 파트너 수 (명) | C20: ='② SOLO'!C6 -> 50 | D20: ='② SOLO'!D6 -> 77.5 | E20: ='② SOLO'!E6 -> 93.625 | F20: ='② SOLO'!F6 -> 88.94375 | G20: ='② SOLO'!G6 -> 84.496562 | H20: LATAM→영어권 누적
B21: 연간 T1 판매량 (개) | C21: ='② SOLO'!C15 -> 2928 | D21: ='② SOLO'!D15 -> 4320 | E21: ='② SOLO'!E15 -> 5232 | F21: ='② SOLO'!F15 -> 5088 | G21: ='② SOLO'!G15 -> 4752 | H21: SOLO 시장 침투 지표
B22: loveTWO 유저 수 (명/년) | C22: ='③ loveTWO'!C9 -> 1348 | D22: ='③ loveTWO'!D9 -> 2324 | E22: ='③ loveTWO'!E9 -> 3344 | F22: ='③ loveTWO'!F9 -> 3926 | G22: ='③ loveTWO'!G9 -> 4477 | H22: 크로스셀 + 바이럴 합산
B23: TEAM 계약 건수 (건/년) | C23: ='④ TEAM'!C7 -> 88 | D23: ='④ TEAM'!D7 -> 216 | E23: ='④ TEAM'!E7 -> 419 | F23: ='④ TEAM'!F7 -> 509 | G23: ='④ TEAM'!G7 -> 570 | H23: 2026 파일럿 → 2028 본격
B24: 월 평균 수익 (₩) | C24: =ROUND(C15/12,0) -> 5040767 | D24: =ROUND(D15/12,0) -> 9423428 | E24: =ROUND(E15/12,0) -> 16845636 | F24: =ROUND(F15/12,0) -> 19569391 | G24: =ROUND(G15/12,0) -> 21688040 | H24: 민철 개입 ≈ 0 자동화 기준
B26: C. 시장 확장 로드맵
B27: 연도 | C27: 단계 | D27: 시장 | H27: 파트너 전략
B28: 2026 — LATAM 스페인어권 | C28: Phase 1 | D28: 멕시코·콜롬비아·아르헨티나·칠레 + 미국 내 히스패닉 | H28: 파트너 50명 런칭
B29: 2027 — 포르투갈어권 | C29: Phase 2 | D29: 브라질 + 포르투갈 (Hotmart 본거지 브라질 최강) | H29: 파트너 +30명
B30: 2028 — 영어권 진출 | C30: Phase 3 | D30: 미국·영국·캐나다·호주 (SOLO + TEAM 영어판 출시) | H30: 파트너 +20명
B31: 2029~30 — 전 시장 안정화 | C31: Phase 4 | D31: 3개 언어권 통합 운영, leftnoon 구독 본격화 | H31: 플랫폼 기업화
B34: D. 경쟁사 대비 포지셔닝
B35: 기준 | C35: Gallup SF | D35: 16Personalities | E35: Hogan | F35: ShiningShadow★
B36: 연 매출(추정) | C36: $200억+ | D36: $50억+ | E36: $50억+ | F36: 목표 $1억 (5년)
B37: T1 가격 | C37: $30~50 | D37: 무료~$49 | E37: $100~500 | F37: $12.80 (진입장벽↓)
B38: LATAM 특화 | C38: ❌ 영어중심 | D38: △ 번역만 | E38: ❌ | F38: ✅ 문화적 현지화
B39: 커플 버전 | C39: ❌ | D39: ❌ | E39: ❌ | F39: ✅ loveTWO
B40: 팀 B2B | C40: ✅ (고가) | D40: ❌ | E40: ✅ (고가) | F40: ✅ TEAM (합리적 가격)
B41: 커뮤니티 | C41: ❌ | D41: ❌ | E41: ❌ | F41: ✅ leftnoon (구독)
B42: Jung 원전 기반 | C42: △ | D42: △ | E42: △ | F42: ✅ 주기능/열등기능
A45: ★ 파란 텍스트=입력값(변경 가능) | 검은 텍스트=수식 | 초록 텍스트=타 시트 연동 | 가정 시트(① 가정)에서 환율·가격·전환율·파트너수 조정 시 전체 자동 반영

Sheet ⑥ 시장별 상세
A1: ⑥ 시장별 상세 — 스페인어권 → 포르투갈어권 → 영어권 단계별 파트너 & 수익 분해
B3: 국가/시장 | C3: Phase | D3: 런칭연도 | E3: 초기파트너 | F3: 3년차파트너 | G3: Hotmart인지도 | H3: PPP 가격지수 | I3: 연간T1판매(성숙) | J3: 오너연수익₩(성숙) | K3: 비고
B4: 🇲🇽 멕시코 | C4: Phase 1 | D4: 2026 | E4: 15 | F4: 80 | G4: ★★★★☆ | H4: 0.85 | I4: =ROUND(F4*'① 가정'!B11*(F4*0.2*20+(F4*0.8*0.75)*5+(F4*0.8*0.25)*1)*12/F4,0) -> 4493 | J4: =ROUND(I4*'① 가정'!F6*H4*(1-'① 가정'!B7)*(1-'① 가정'!G6)*'① 가정'!B6,0) -> 18498623 | K4: Hotmart 오피스 있음
B5: 🇨🇴 콜롬비아 | C5: Phase 1 | D5: 2026 | E5: 10 | F5: 50 | G5: ★★★★☆ | H5: 0.75 | I5: =ROUND(F5*'① 가정'!B11*(F5*0.2*20+(F5*0.8*0.75)*5+(F5*0.8*0.25)*1)*12/F5,0) -> 2808 | J5: =ROUND(I5*'① 가정'!F6*H5*(1-'① 가정'!B7)*(1-'① 가정'!G6)*'① 가정'!B6,0) -> 10200992 | K5: 유튜브·TikTok 침투율 높음
B6: 🇦🇷 아르헨티나 | C6: Phase 1 | D6: 2026 | E6: 8 | F6: 40 | G6: ★★★☆☆ | H6: 0.7 | I6: =ROUND(F6*'① 가정'!B11*(F6*0.2*20+(F6*0.8*0.75)*5+(F6*0.8*0.25)*1)*12/F6,0) -> 2246 | J6: =ROUND(I6*'① 가정'!F6*H6*(1-'① 가정'!B7)*(1-'① 가정'!G6)*'① 가정'!B6,0) -> 7615385 | K6: 심리학 관심 높은 시장
B7: 🇨🇱 칠레 | C7: Phase 1 | D7: 2026 | E7: 7 | F7: 30 | G7: ★★★☆☆ | H7: 0.8 | I7: =ROUND(F7*'① 가정'!B11*(F7*0.2*20+(F7*0.8*0.75)*5+(F7*0.8*0.25)*1)*12/F7,0) -> 1685 | J7: =ROUND(I7*'① 가정'!F6*H7*(1-'① 가정'!B7)*(1-'① 가정'!G6)*'① 가정'!B6,0) -> 6529410 | K7: 1인당 GDP LATAM 최상위
B8: 🇺🇸 US Hispanic | C8: Phase 1 | D8: 2026 | E8: 10 | F8: 70 | G8: ★★★☆☆ | H8: 1 | I8: =ROUND(F8*'① 가정'!B11*(F8*0.2*20+(F8*0.8*0.75)*5+(F8*0.8*0.25)*1)*12/F8,0) -> 3931 | J8: =ROUND(I8*'① 가정'!F6*H8*(1-'① 가정'!B7)*(1-'① 가정'!G6)*'① 가정'!B6,0) -> 19040883 | K8: 영어+스페인어 양용 가능
B9: 🇧🇷 브라질 | C9: Phase 2 | D9: 2027 | E9: 20 | F9: 120 | G9: ★★★★★ | H9: 0.9 | I9: =ROUND(F9*'① 가정'!B11*(F9*0.2*20+(F9*0.8*0.75)*5+(F9*0.8*0.25)*1)*12/F9,0) -> 6739 | J9: =ROUND(I9*'① 가정'!F6*H9*(1-'① 가정'!B7)*(1-'① 가정'!G6)*'① 가정'!B6,0) -> 29377986 | K9: Hotmart 본거지, 최우선
B10: 🇵🇹 포르투갈 | C10: Phase 2 | D10: 2027 | E10: 10 | F10: 30 | G10: ★★☆☆☆ | H10: 0.8 | I10: =ROUND(F10*'① 가정'!B11*(F10*0.2*20+(F10*0.8*0.75)*5+(F10*0.8*0.25)*1)*12/F10,0) -> 1685 | J10: =ROUND(I10*'① 가정'!F6*H10*(1-'① 가정'!B7)*(1-'① 가정'!G6)*'① 가정'!B6,0) -> 6529410 | K10: 유럽 포르투갈어 교두보
B11: 🇺🇸 미국 (영어) | C11: Phase 3 | D11: 2028 | E11: 8 | F11: 60 | G11: ★★☆☆☆ | H11: 1 | I11: =ROUND(F11*'① 가정'!B11*(F11*0.2*20+(F11*0.8*0.75)*5+(F11*0.8*0.25)*1)*12/F11,0) -> 3370 | J11: =ROUND(I11*'① 가정'!F6*H11*(1-'① 가정'!B7)*(1-'① 가정'!G6)*'① 가정'!B6,0) -> 16323525 | K11: 영어권 최대 시장
B12: 🇬🇧 영국 | C12: Phase 3 | D12: 2028 | E12: 5 | F12: 30 | G12: ★★☆☆☆ | H12: 0.95 | I12: =ROUND(F12*'① 가정'!B11*(F12*0.2*20+(F12*0.8*0.75)*5+(F12*0.8*0.25)*1)*12/F12,0) -> 1685 | J12: =ROUND(I12*'① 가정'!F6*H12*(1-'① 가정'!B7)*(1-'① 가정'!G6)*'① 가정'!B6,0) -> 7753674 | K12: 자기계발 콘텐츠 시장 강
B13: 🇦🇺 호주 | C13: Phase 3 | D13: 2028 | E13: 4 | F13: 20 | G13: ★★☆☆☆ | H13: 0.9 | I13: =ROUND(F13*'① 가정'!B11*(F13*0.2*20+(F13*0.8*0.75)*5+(F13*0.8*0.25)*1)*12/F13,0) -> 1123 | J13: =ROUND(I13*'① 가정'!F6*H13*(1-'① 가정'!B7)*(1-'① 가정'!G6)*'① 가정'!B6,0) -> 4895604 | K13: B2B 코칭 시장 성숙
B14: 🇨🇦 캐나다 | C14: Phase 3 | D14: 2028 | E14: 3 | F14: 15 | G14: ★★☆☆☆ | H14: 0.92 | I14: =ROUND(F14*'① 가정'!B11*(F14*0.2*20+(F14*0.8*0.75)*5+(F14*0.8*0.25)*1)*12/F14,0) -> 842 | J14: =ROUND(I14*'① 가정'!F6*H14*(1-'① 가정'!B7)*(1-'① 가정'!G6)*'① 가정'!B6,0) -> 3752183 | K14: 영어+불어권 이중 공략
B16: 전체 시장 합계 (성숙 기준) | E16: =SUM(E4:E14) -> 100 | F16: =SUM(F4:F14) -> 545 | I16: =SUM(I4:I14) -> 30607 | J16: =SUM(J4:J14) -> 130517675
